# Blender 5.1.1
# www.blender.org
mtllib helicopter_drone.mtl
o Cube
v 5.497581 -3.014420 0.000000
v 6.000000 -2.520029 0.000000
v 5.391946 -3.014420 1.072525
v 5.884711 -2.520029 1.170542
v 5.079102 -3.014420 2.103833
v 5.543277 -2.520029 2.296101
v 4.571071 -3.014420 3.054293
v 4.988818 -2.520029 3.333421
v 3.887376 -3.014420 3.887376
v 4.242640 -2.520029 4.242640
v 3.054293 -3.014420 4.571071
v -3.054293 -3.014420 4.571071
v -3.887376 -3.014420 3.887376
v -4.242640 -2.520029 4.242640
v -4.571071 -3.014420 3.054293
v -4.988818 -2.520029 3.333421
v -5.079102 -3.014420 2.103833
v -5.543277 -2.520029 2.296101
v -5.391946 -3.014420 1.072525
v -5.884711 -2.520029 1.170542
v -5.497581 -3.014420 0.000000
v -6.000000 -2.520029 0.000000
v -28.182446 -4.000000 0.000000
v 25.000000 -4.000000 0.000000
v -15.000000 -4.000000 0.000000
v -15.000000 1.000000 0.000000
v -15.000000 -4.000000 5.000000
v -19.000000 -4.000000 0.000000
v -21.100000 1.000000 0.000000
v -19.000000 -4.000000 5.000000
v 8.000000 1.000000 0.000000
v 8.000000 -4.000000 5.000000
v 8.000000 -4.000000 0.000000
v 12.000000 1.000000 0.000000
v 12.000000 -4.000000 5.000000
v 12.000000 -4.000000 0.000000
v 8.000000 -4.000000 4.400000
v 12.000000 -4.000000 4.400000
v -15.000000 -4.000000 4.400000
v -19.000000 -4.000000 4.400000
v -15.000000 -6.849999 4.400000
v -15.000000 -6.849999 5.000000
v -19.000000 -6.849999 4.400000
v -19.000000 -6.849999 5.000000
v 8.000000 -6.849999 4.400000
v 8.000000 -6.849999 5.000000
v 12.000000 -6.849999 4.400000
v 12.000000 -6.849999 5.000000
v 25.000000 -4.000000 3.000000
v 23.000000 -4.000000 5.000000
v -28.182446 -1.000000 0.000000
v 25.000000 -1.030686 0.000000
v -15.000000 -1.450000 5.000000
v -20.700001 -1.450000 5.000000
v 8.000000 -1.450000 5.000000
v 12.000000 -1.450000 5.000000
v 22.600000 -1.450000 5.000000
v 25.000000 -1.000000 3.000000
v -28.182446 -4.000000 5.000000
v -28.182446 -1.700000 5.000000
v -28.182446 0.250000 0.000000
v -28.182446 1.000000 0.000000
v 24.250000 1.000000 0.000000
v 25.000000 0.250000 0.000000
v -15.000000 1.000000 4.250000
v -15.000000 -0.150000 5.000000
v -21.100000 1.000000 4.250000
v -20.700001 -0.150000 5.000000
v 8.000000 -0.150000 5.000000
v 8.000000 1.000000 4.250000
v 12.000000 -0.150000 5.000000
v 12.000000 1.000000 4.250000
v 22.689339 1.000000 4.250000
v 22.600000 -0.150000 5.000000
v 24.250000 1.000000 2.689339
v 25.000000 0.250000 3.000000
v -28.182446 1.000000 4.250000
v -28.182446 0.250000 5.000000
v -7.500000 -4.000000 5.000000
v -7.500000 -1.450000 5.000000
v 22.600000 -3.600000 5.000000
v 22.600000 -1.950000 5.000000
v 12.400000 -1.950000 5.000000
v 12.400000 -3.600000 5.000000
v 11.600000 -3.600000 5.000000
v 11.600000 -1.950000 5.000000
v 8.400000 -1.950000 5.000000
v 8.400000 -3.600000 5.000000
v -15.400000 -3.600000 5.000000
v -15.400000 -1.950000 5.000000
v -20.334314 -1.950000 5.000000
v -18.834314 -3.600000 5.000000
v -7.900000 -3.600000 5.000000
v -7.900000 -1.950000 5.000000
v -14.600000 -1.950000 5.000000
v -14.600000 -3.600000 5.000000
v 7.600000 -3.600000 5.000000
v 7.600000 -1.950000 5.000000
v -7.100000 -1.950000 5.000000
v -7.100000 -3.600000 5.000000
v 22.510019 -2.039982 4.910000
v 22.510019 -3.510018 4.910000
v 12.489981 -3.510018 4.910000
v 12.489981 -2.039982 4.910000
v 11.510017 -2.039982 4.910000
v 11.510017 -3.510018 4.910000
v 8.489983 -3.510018 4.910000
v 8.489983 -2.039982 4.910000
v -15.489982 -2.039982 4.910000
v -15.489982 -3.510018 4.910000
v -18.797043 -3.510018 4.910000
v -20.117079 -2.039982 4.910000
v -7.989982 -2.039982 4.910000
v -7.989982 -3.510018 4.910000
v -14.510018 -3.510018 4.910000
v -14.510018 -2.039982 4.910000
v 7.510018 -2.039982 4.910000
v 7.510018 -3.510018 4.910000
v -7.010018 -3.510018 4.910000
v -7.010018 -2.039982 4.910000
v 23.000000 -1.700000 5.000000
v 12.000000 -1.700000 5.000000
v 8.000000 -1.700000 5.000000
v -15.000000 -1.700000 5.000000
v -21.100000 -1.700000 5.000000
v -7.500000 -1.700000 5.000000
v -15.000000 0.250000 5.000000
v 8.000000 0.250000 5.000000
v -21.100000 0.250000 5.000000
v 12.000000 0.250000 5.000000
v 23.000000 0.250000 5.000000
v 7.910039 -1.360039 4.910000
v 8.089962 -1.360039 4.910000
v 8.089962 -0.239961 4.910000
v 7.910039 -0.239961 4.910000
v -15.089961 -0.239961 4.910000
v -14.910038 -0.239961 4.910000
v -14.910038 -1.360039 4.910000
v -15.089961 -1.360039 4.910000
v 11.910038 -1.360039 4.910000
v 12.089962 -1.360039 4.910000
v 12.089962 -0.239961 4.910000
v 11.910038 -0.239961 4.910000
v 22.510040 -1.360039 4.910000
v -20.610039 -1.360039 4.910000
v -7.500000 -1.360039 4.910000
v -20.610039 -0.239961 4.910000
v 22.510040 -0.239961 4.910000
v -30.082445 -4.000000 0.000000
v -34.182446 -2.453487 0.000000
v -30.082445 -4.000000 5.000000
v -33.082443 -2.453487 5.000000
v -34.182446 1.000000 0.000000
v -33.682446 1.000000 2.250000
v -33.082443 -1.503487 5.000000
v -30.082445 -8.000000 0.000000
v -30.082445 -8.000000 5.000000
v -29.182446 -8.000000 5.000000
v -28.182446 -8.000000 5.000000
v -28.182446 -8.000000 0.000000
v -29.182446 -8.000000 0.000000
v 1.938081 -4.000000 5.000000
v 1.938081 -3.600000 5.000000
v 1.938081 -3.510018 4.910000
v -5.774443 1.160018 2.960000
v -5.774443 2.060019 2.960000
v -5.774443 1.160018 1.460000
v -5.774443 2.060019 1.460000
v 5.768077 1.160018 3.710000
v 5.768077 2.060019 3.710000
v 5.768077 1.160018 2.210000
v 5.768077 2.060019 2.210000
v -6.274500 1.000000 2.960000
v -6.274500 1.000000 1.460000
v 6.270992 1.000000 3.710000
v 8.842421 1.000000 3.710000
v 6.270992 1.000000 2.210000
v 8.842421 1.000000 2.210000
v -8.437000 1.000000 1.460000
v -8.437000 1.000000 2.960000
v -1.734561 1.160018 2.210000
v -1.734561 2.060019 2.210000
v -1.734561 1.160018 3.710000
v -1.734561 2.060019 3.710000
v -4.966466 1.160018 1.460000
v -4.966466 2.060019 1.460000
v -4.966466 1.160018 2.960000
v -4.966466 2.060019 2.960000
v 6.000000 1.000000 0.000000
v -6.000000 1.000000 0.000000
v 5.543277 1.000000 2.296101
v 5.884711 1.000000 1.170542
v 4.988818 1.000000 3.333421
v 2.420201 -3.014420 4.910000
v 4.242640 1.000000 4.242640
v 1.938081 -3.014420 4.910000
v 3.887376 -3.014420 4.910000
v 4.242640 -2.520029 4.910000
v 4.242640 -0.150000 5.000000
v 4.242640 0.250000 5.000000
v 4.242640 -1.700000 5.000000
v 4.242640 1.000000 4.250000
v 4.242640 -1.450000 5.000000
v 4.242640 -0.239961 4.910000
v 4.242640 -1.360039 4.910000
v 4.242640 -1.950000 5.000000
v 4.242640 -2.039982 4.910000
v 3.054292 -3.014420 4.910000
v -2.420201 -3.014420 4.910000
v -3.054292 -3.014420 4.910000
v -3.887376 -3.014420 4.910000
v -4.242640 -2.520029 4.910000
v -4.242640 -1.950000 5.000000
v -4.242640 -2.039982 4.910000
v -4.242640 -1.700000 5.000000
v -4.242640 1.000000 4.242640
v -4.242640 1.000000 4.250000
v -4.242640 -1.450000 5.000000
v -4.242640 -1.360039 4.910000
v -4.242641 -0.239961 4.910000
v -4.242640 0.250000 5.000000
v -4.242640 -0.150000 5.000000
v -4.988818 1.000000 3.333421
v -5.543277 1.000000 2.296101
v -5.884711 1.000000 1.170542
v -1.116459 5.314411 0.000000
v -1.095005 5.314411 0.217811
v 0.862495 2.044126 0.000000
v -1.031471 5.314411 0.427251
v 0.845921 2.044126 0.168265
v -0.928299 5.314411 0.620273
v 0.796844 2.044126 0.330062
v -0.789455 5.314411 0.789457
v 0.717133 2.044126 0.479176
v -0.620270 5.314411 0.928303
v 0.609879 2.044126 0.609875
v -0.427250 5.314411 1.031476
v 0.479176 2.044126 0.717137
v -0.217812 5.314411 1.095008
v 0.330063 2.044126 0.796840
v 0.000000 5.314412 1.116461
v 0.168266 2.044126 0.845920
v 0.217812 5.314412 1.095009
v 0.000000 2.044126 0.862493
v 0.427254 5.314412 1.031475
v -0.168262 2.044126 0.845920
v 0.620277 5.314412 0.928303
v -0.330059 2.044126 0.796840
v 0.789459 5.314412 0.789458
v -0.479172 2.044126 0.717137
v 0.928307 5.314412 0.620273
v -0.609871 2.044126 0.609875
v 1.031477 5.314412 0.427252
v -0.717136 2.044126 0.479176
v 1.095007 5.314412 0.217812
v -0.796837 2.044126 0.330063
v 1.116463 5.314412 0.000000
v -0.845917 2.044126 0.168265
v -0.862492 2.044126 0.000000
v 0.976940 6.647857 0.000000
v 1.116463 6.509004 0.000000
v 0.958168 6.647857 0.190592
v 1.095007 6.509004 0.217812
v 0.902576 6.647857 0.373859
v 1.031477 6.509004 0.427252
v 0.812294 6.647857 0.542757
v 0.928307 6.509004 0.620273
v 0.690796 6.647857 0.690799
v 0.789459 6.509004 0.789458
v 0.542759 6.647857 0.812294
v 0.620277 6.509004 0.928304
v 0.373859 6.647857 0.902572
v 0.427254 6.509004 1.031475
v 0.190590 6.647857 0.958166
v 0.217812 6.509004 1.095009
v 0.000000 6.647857 0.976938
v 0.000000 6.509004 1.116461
v -0.190590 6.647857 0.958166
v -0.217812 6.509004 1.095009
v -0.373856 6.647857 0.902573
v -0.427250 6.509005 1.031476
v -0.542755 6.647857 0.812294
v -0.620270 6.509005 0.928303
v -0.690796 6.647857 0.690799
v -0.789455 6.509005 0.789457
v -0.812294 6.647857 0.542758
v -0.928299 6.509005 0.620273
v -0.902569 6.647857 0.373858
v -1.031471 6.509005 0.427251
v -0.958160 6.647857 0.190591
v -1.095005 6.509005 0.217811
v -0.976936 6.647857 0.000000
v -1.116459 6.509005 0.000000
v 0.629261 4.837656 0.000000
v 0.617168 4.837656 0.122765
v 0.581364 4.837656 0.240812
v 0.523209 4.837656 0.349603
v 0.444954 4.837656 0.444960
v 0.349594 4.837656 0.523218
v 0.240807 4.837656 0.581368
v 0.122761 4.837656 0.617178
v -0.000004 4.837656 0.629269
v -0.122772 4.837655 0.617178
v -0.240818 4.837655 0.581368
v -0.349609 4.837655 0.523218
v -0.444965 4.837655 0.444961
v -0.523224 4.837655 0.349603
v -0.581375 4.837655 0.240811
v -0.617184 4.837655 0.122765
v -0.629272 4.837655 0.000000
v 0.629261 2.183612 0.000000
v 0.617168 2.183612 0.122765
v 0.581364 2.183612 0.240812
v 0.523209 2.183611 0.349603
v 0.444954 2.183611 0.444960
v 0.349594 2.183611 0.523218
v 0.240807 2.183611 0.581368
v 0.122761 2.183611 0.617178
v -0.000004 2.183611 0.629269
v -0.122772 2.183611 0.617178
v -0.240818 2.183611 0.581368
v -0.349609 2.183611 0.523218
v -0.444965 2.183611 0.444961
v -0.523224 2.183611 0.349603
v -0.581375 2.183611 0.240811
v -0.617184 2.183611 0.122765
v -0.629272 2.183611 0.000000
v 0.862495 0.963376 0.000000
v 0.845921 0.963376 0.168265
v 0.796844 0.963377 0.330062
v 0.717133 0.963377 0.479176
v 0.609879 0.963377 0.609875
v 0.479176 0.963377 0.717137
v 0.330063 0.963377 0.796840
v 0.168266 0.963377 0.845920
v 0.000000 0.963377 0.862493
v -0.168262 0.963377 0.845921
v -0.330059 0.963377 0.796840
v -0.479172 0.963377 0.717137
v -0.609871 0.963377 0.609875
v -0.717136 0.963376 0.479176
v -0.796837 0.963376 0.330063
v -0.845917 0.963376 0.168265
v -0.862492 0.963376 0.000000
v 5.341839 -2.880000 0.000000
v 5.775000 -2.448926 0.000000
v 5.341841 1.000000 0.000000
v 5.775000 0.568926 0.000000
v 5.239197 -2.880000 1.042141
v 5.664034 -2.448926 1.126647
v 5.239199 1.000000 1.042141
v 5.664036 0.568926 1.126647
v 4.935215 -2.880000 2.044234
v 5.335403 -2.448926 2.209997
v 4.935217 1.000000 2.044234
v 5.335403 0.568926 2.209997
v 4.441576 -2.880000 2.967768
v 4.801735 -2.448926 3.208418
v 4.441578 1.000000 2.967768
v 4.801737 0.568926 3.208418
v 3.777250 -2.880000 3.777251
v 4.083540 -2.448926 4.083541
v 3.777250 1.000000 3.777251
v 4.083542 0.568926 4.083541
v 2.967768 -2.880000 4.441577
v 3.208416 -2.448926 4.801737
v 2.967768 1.000000 4.441577
v 3.208418 0.568926 4.801737
v 2.044233 -2.880000 4.935217
v 2.209995 -2.448926 5.335404
v 2.044233 1.000000 4.935217
v 2.209995 0.568926 5.335404
v 1.042141 -2.880000 5.239198
v 1.126648 -2.448926 5.664035
v 1.042141 1.000000 5.239198
v 1.126646 0.568926 5.664035
v 0.000000 -2.880000 5.341840
v 0.000000 -2.448926 5.775000
v 0.000000 1.000000 5.341840
v 0.000000 0.568926 5.775000
v -1.042141 -2.880000 5.239199
v -1.126648 -2.448926 5.664035
v -1.042141 1.000000 5.239199
v -1.126648 0.568926 5.664035
v -2.044235 -2.880000 4.935217
v -2.209999 -2.448926 5.335404
v -2.044235 1.000000 4.935217
v -2.209999 0.568926 5.335404
v -2.967770 -2.880000 4.441577
v -3.208420 -2.448926 4.801737
v -2.967770 1.000000 4.441577
v -3.208420 0.568926 4.801737
v -3.777252 -2.880000 3.777251
v -4.083542 -2.448926 4.083541
v -3.777252 1.000000 3.777251
v -4.083542 0.568926 4.083541
v -4.441578 -2.880000 2.967768
v -4.801739 -2.448926 3.208418
v -4.441578 1.000000 2.967768
v -4.801739 0.568926 3.208418
v -4.935219 -2.880000 2.044233
v -5.335403 -2.448926 2.209997
v -4.935219 1.000000 2.044233
v -5.335403 0.568926 2.209997
v -5.239197 -2.880000 1.042141
v -5.664036 -2.448926 1.126647
v -5.239197 1.000000 1.042141
v -5.664036 0.568926 1.126647
v -5.341843 -2.880000 0.000000
v -5.775002 -2.448926 0.000000
v -5.341839 1.000000 0.000000
v -5.775002 0.568926 0.000000
v -27.787050 -8.324611 4.600000
v -28.000000 -8.000000 0.000000
v -28.000000 -4.200000 0.000000
v 21.873608 -6.429506 4.600000
v 22.000000 -6.050000 0.000000
v 22.000000 -4.200000 0.000000
v -14.800000 -4.200000 0.000000
v -15.000000 -6.850000 4.400000
v -19.200001 -4.200000 0.000000
v -19.000000 -6.850000 4.400000
v 7.800000 -4.200000 0.000000
v 8.000000 -6.850000 4.400000
v 12.200001 -4.200000 0.000000
v 12.000000 -6.850000 4.400000
v 7.800000 -7.050000 5.000000
v 12.200001 -7.050000 5.000000
v -19.200001 -7.050000 5.000000
v -14.800000 -7.050000 5.000000
v -26.650000 -10.050000 0.000000
v -26.874575 -9.709306 3.493652
v -19.200001 -10.050000 0.000000
v 20.786541 -9.670544 4.144629
v 20.660000 -10.050000 0.000000
v 12.200001 -10.050000 4.500000
v 7.800000 -10.050000 0.000000
v -14.800000 -10.050000 0.000000
v -19.200001 -10.050000 4.500000
v -14.800000 -10.050000 4.500000
v 7.800000 -10.050000 4.500000
v 12.200001 -10.050000 0.000000
v -28.000000 -4.700000 5.000000
v -28.000000 -4.200000 4.405495
v 22.000000 -4.200000 4.405495
v 22.000000 -4.700000 5.000000
v -14.929314 -4.200000 3.900000
v -14.999999 -4.700000 4.400000
v -19.045361 -4.200000 3.900000
v -19.000000 -4.700000 4.400000
v 7.929315 -4.200000 3.900000
v 8.000000 -4.700000 4.400000
v 12.045362 -4.200000 3.900000
v 12.000000 -4.700000 4.400000
v 12.200001 -4.200000 4.401714
v 12.200001 -4.700000 5.000000
v 7.800000 -4.700000 5.000000
v 7.800000 -4.200000 4.322707
v -14.800000 -4.200000 4.322707
v -14.800000 -4.700000 5.000000
v -19.200001 -4.700000 5.000000
v -19.200001 -4.200000 4.401714
v -19.200001 -8.050000 5.000000
v -27.649752 -8.533871 4.600000
v 7.800000 -8.050000 5.000000
v 12.200001 -8.050000 5.000000
v 21.341391 -8.027580 4.600000
v -27.487720 -8.439028 0.000000
v -14.800000 -8.050000 5.000000
v 22.000000 -6.050000 5.000000
v 20.660000 -10.050000 4.500000
v 21.873608 -6.429506 0.000000
v 21.333914 -8.050000 5.000000
v 20.786541 -9.670544 0.000000
v 21.144173 -7.986767 0.000000
v 21.683867 -6.366274 0.000000
v 20.596800 -9.607310 0.000000
v 21.151649 -7.964348 4.600000
v 21.683867 -6.366274 4.600000
v 20.596800 -9.607310 4.144630
v -28.000000 -8.000000 5.000000
v -27.787050 -8.324611 0.000000
v -27.640312 -8.550000 5.000000
v -26.650000 -10.050000 3.700000
v -26.874575 -9.709306 0.000000
v -26.716078 -9.609592 0.000000
v -27.625101 -8.229130 0.000000
v -27.487803 -8.438390 4.599998
v -27.625101 -8.229130 4.599998
v -26.716078 -9.609592 3.493650
v -35.000000 -10.280000 0.000000
v -31.219154 -7.391722 2.746915
v -36.444130 -7.391724 4.444642
v -39.673378 -7.391702 0.000000
v -33.555874 -2.718276 4.444642
v -38.780849 -2.718278 2.746915
v -35.000000 0.170000 0.000000
v -36.347721 -7.932331 4.147921
v -36.216496 -8.490538 3.744042
v -36.048599 -9.028106 3.227305
v -35.848831 -9.499669 2.612475
v -35.629158 -9.866988 1.936376
v -35.405495 -10.112537 1.248006
v -35.192532 -10.242720 0.592555
v -34.495941 -10.242720 0.366216
v -33.938381 -10.112535 0.771303
v -33.352818 -9.866987 1.196736
v -32.777691 -9.499668 1.614585
v -32.254684 -9.028105 1.994567
v -31.815121 -8.490536 2.313925
v -31.471560 -7.932329 2.563533
v -31.664087 -7.547259 3.156097
v -32.220612 -7.679526 3.561948
v -32.883835 -7.769766 3.930967
v -33.626511 -7.801979 4.227086
v -34.401405 -7.769766 4.424065
v -35.154869 -7.679527 4.515362
v -35.843658 -7.547260 4.514145
v -30.555367 -7.801970 0.000000
v -30.607487 -7.769757 0.797828
v -30.753492 -7.679521 1.542617
v -30.967497 -7.547256 2.197314
v -39.361393 -7.932307 0.000000
v -38.936733 -8.490515 0.000000
v -38.393410 -9.028086 0.000000
v -37.746941 -9.499655 0.000000
v -37.036045 -9.866980 0.000000
v -36.312244 -10.112533 0.000000
v -35.623058 -10.242719 0.000000
v -36.970783 -7.547260 4.147926
v -37.528751 -7.679526 3.744050
v -38.084663 -7.769762 3.227314
v -38.595791 -7.801971 2.612484
v -39.022583 -7.769753 1.936383
v -39.342239 -7.679511 1.248009
v -39.553928 -7.547240 0.592556
v -30.761490 -7.537580 2.990398
v -33.844810 -3.185802 4.740491
v -34.189003 -3.742733 4.992079
v -34.580559 -4.376306 5.163726
v -35.000000 -5.055000 5.225000
v -35.419445 -5.733694 5.163726
v -35.811001 -6.367266 4.992079
v -36.155190 -6.924197 4.740491
v -31.279016 -6.924198 3.156103
v -31.409599 -6.367269 3.561962
v -31.625492 -5.733695 3.930989
v -31.928822 -5.055000 4.227112
v -32.304188 -4.376304 4.424090
v -32.721867 -3.742731 4.515381
v -33.148212 -3.185800 4.514155
v -39.151508 -3.185805 2.563536
v -39.497147 -3.742737 2.313930
v -39.781391 -4.376309 1.994574
v -39.969280 -5.055000 1.614591
v -40.040619 -5.733689 1.196741
v -39.998371 -6.367256 0.771306
v -39.865459 -6.924181 0.366217
v -36.851791 -6.924200 4.514155
v -37.278137 -6.367269 4.515382
v -37.695816 -5.733695 4.424090
v -38.071182 -5.055000 4.227113
v -38.374512 -4.376305 3.930990
v -38.590405 -3.742731 3.561963
v -38.720985 -3.185801 3.156103
v -33.305336 -2.449885 4.838609
v -34.156345 -2.562739 4.514145
v -34.845139 -2.430473 4.515362
v -35.598598 -2.340234 4.424065
v -36.373489 -2.308021 4.227086
v -37.116173 -2.340234 3.930967
v -37.779392 -2.430474 3.561947
v -38.335915 -2.562740 3.156097
v -39.032509 -2.562744 2.197314
v -39.246513 -2.430479 1.542617
v -39.392517 -2.340242 0.797828
v -39.444637 -2.308030 0.000000
v -34.807472 0.132720 0.592555
v -34.594505 0.002537 1.248006
v -34.370846 -0.243011 1.936376
v -34.151173 -0.610331 2.612475
v -33.951405 -1.081894 3.227305
v -33.783508 -1.619462 3.744042
v -33.652283 -2.177669 4.147921
v -34.877476 0.694403 0.000000
v -35.504059 0.132720 0.366216
v -36.061623 0.002536 0.771303
v -36.647186 -0.243012 1.196736
v -37.222313 -0.610332 1.614585
v -37.745319 -1.081895 1.994567
v -38.184883 -1.619464 2.313925
v -38.528442 -2.177671 2.563533
v -36.073383 0.058559 0.000000
v -36.686989 -0.126736 0.408551
v -37.336674 -0.381608 0.000000
v -37.306435 -0.442084 0.837851
v -37.960171 -0.770958 0.430133
v -37.883049 -0.882570 1.256779
v -38.552208 -1.223230 0.000000
v -38.505020 -1.274133 0.848838
v -38.373993 -1.415472 1.634213
v -39.036274 -1.763552 0.418927
v -38.936325 -1.845057 1.225660
v -38.756859 -1.991407 1.949631
v -35.331699 0.058559 1.020838
v -35.909874 -0.126734 1.478158
v -35.132759 -0.126734 1.730663
v -36.509586 -0.442081 1.934620
v -35.722084 -0.381604 2.222294
v -34.915890 -0.442081 2.452453
v -37.086201 -0.882566 2.353550
v -36.323841 -0.770952 2.682352
v -35.505672 -0.770951 2.948195
v -34.695648 -0.882565 3.130301
v -37.596878 -1.415468 2.703827
v -36.890427 -1.274127 3.071142
v -36.097710 -1.223222 3.378334
v -35.275826 -1.274126 3.595766
v -34.488396 -1.415467 3.713851
v -38.015175 -1.991404 2.970479
v -37.382092 -1.845050 3.364891
v -36.645721 -1.763543 3.709250
v -35.848869 -1.763542 3.968168
v -35.050728 -1.845049 4.122410
v -34.306725 -1.991402 4.175447
v -34.591297 0.607894 0.735971
v -34.292355 0.391747 1.542261
v -34.002129 0.023890 2.372137
v -33.745209 -0.489941 3.162856
v -33.540691 -1.111578 3.855675
v -33.395645 -1.783414 4.415863
v -40.015823 -3.591387 0.000000
v -39.749016 -2.916780 0.418928
v -40.225002 -5.054996 0.000000
v -40.155586 -4.323190 0.430136
v -39.949188 -3.610828 0.848842
v -39.631416 -2.969727 1.225663
v -40.053741 -6.381788 0.000000
v -40.162422 -5.750082 0.408557
v -40.157387 -5.054992 0.837860
v -40.021267 -4.342252 1.256788
v -39.764175 -3.664812 1.634220
v -39.420258 -3.064800 1.949635
v -38.220181 -3.064798 3.601412
v -38.026474 -3.664813 4.025974
v -37.596893 -2.969723 4.025967
v -37.746956 -4.342258 4.387126
v -37.336704 -3.610826 4.444638
v -36.865974 -2.916774 4.387113
v -37.390583 -5.055003 4.646047
v -37.002262 -4.323194 4.770329
v -36.549992 -3.591383 4.770324
v -36.069118 -2.916774 4.646031
v -36.983833 -5.750098 4.783501
v -36.614616 -5.055004 4.969270
v -36.184086 -4.323194 5.036171
v -35.722092 -3.610827 4.969263
v -35.265518 -2.969723 4.783487
v -36.561680 -6.381805 4.806389
v -36.206707 -5.750097 5.036004
v -35.796860 -5.055003 5.163878
v -35.356377 -4.342258 5.163877
v -34.917973 -3.664814 5.035998
v -34.511723 -3.064798 4.806382
v -32.769573 -3.035542 4.870732
v -32.228729 -3.735469 4.808873
v -31.727303 -4.525719 4.628953
v -31.311588 -5.357146 4.326920
v -31.012476 -6.167983 3.925214
v -30.834911 -6.904878 3.465118
v -39.088570 -3.728197 2.970491
v -39.416641 -4.359907 2.703843
v -38.936348 -4.359905 3.364913
v -39.664909 -5.055000 2.353568
v -39.227123 -5.055000 3.071167
v -38.679932 -5.055000 3.709278
v -39.801025 -5.767741 1.934636
v -39.423794 -5.786808 2.682377
v -38.918129 -5.786810 3.378365
v -38.323559 -5.767745 3.968198
v -39.814880 -6.445179 1.478172
v -39.502922 -6.499171 2.222317
v -39.057884 -6.518617 2.948224
v -38.505032 -6.499176 3.595796
v -37.893707 -6.445189 4.122437
v -39.722038 -7.045189 1.020848
v -39.467331 -7.140268 1.730681
v -39.088276 -7.193221 2.452477
v -38.595787 -7.193225 3.130328
v -38.026447 -7.140277 3.713874
v -37.430065 -7.045203 4.175466
v -33.438324 -3.728195 4.806389
v -33.793297 -4.359905 5.036003
v -33.016171 -4.359904 4.783500
v -34.203140 -5.055000 5.163878
v -33.385387 -5.055000 4.969270
v -32.609421 -5.055000 4.646047
v -34.643627 -5.767744 5.163877
v -33.815918 -5.786811 5.036171
v -32.997742 -5.786811 4.770329
v -32.253052 -5.767745 4.387126
v -35.082031 -6.445188 5.035997
v -34.277912 -6.499177 4.969262
v -33.450016 -6.518621 4.770322
v -32.663300 -6.499178 4.444637
v -31.973530 -6.445189 4.025973
v -35.488281 -7.045203 4.806381
v -34.734486 -7.140279 4.783486
v -33.930885 -7.193229 4.646029
v -33.134029 -7.193229 4.387111
v -32.403114 -7.140280 4.025966
v -31.779825 -7.045204 3.601412
v -30.447990 -7.678731 2.274274
v -30.201670 -7.789637 1.429751
v -30.064489 -7.851400 0.000000
v -39.185341 -8.118576 0.630917
v -38.690201 -8.694513 0.661058
v -38.904995 -8.264934 1.322116
v -38.071171 -9.227418 0.677845
v -38.334568 -8.835859 1.373463
v -38.511662 -8.346444 2.033534
v -37.358437 -9.667909 0.677846
v -37.647663 -9.339036 1.391957
v -37.873802 -8.886766 2.087934
v -38.019173 -8.346448 2.711382
v -36.604954 -9.983261 0.661061
v -36.890411 -9.728388 1.373466
v -37.141998 -9.339038 2.087937
v -37.336678 -8.835864 2.746933
v -37.464115 -8.264944 3.305304
v -35.868385 -10.168558 0.630921
v -36.124660 -9.983261 1.322122
v -36.373459 -9.667912 2.033539
v -36.593704 -9.227425 2.711385
v -36.769028 -8.694524 3.305304
v -36.893368 -8.118591 3.785524
v -30.963728 -8.346446 0.418929
v -31.447792 -8.886766 0.000000
v -31.063675 -8.264940 1.225662
v -31.494980 -8.835861 0.848842
v -32.039825 -9.339037 0.430137
v -32.663322 -9.728389 0.000000
v -31.243145 -8.118588 1.949633
v -31.626007 -8.694521 1.634217
v -32.116947 -9.227423 1.256785
v -32.693558 -9.667910 0.837858
v -33.313007 -9.983260 0.408556
v -33.926617 -10.168558 0.000000
v -35.693275 -8.118597 4.175448
v -35.511604 -8.694531 3.713851
v -34.949272 -8.264950 4.122411
v -35.304352 -9.227432 3.130303
v -34.724174 -8.835872 3.595769
v -34.151131 -8.346455 3.968169
v -35.084110 -9.667917 2.452456
v -34.494324 -9.339045 2.948199
v -33.902290 -8.886773 3.378338
v -33.354275 -8.346453 3.709251
v -34.867241 -9.983265 1.730666
v -34.277916 -9.728392 2.222300
v -33.676155 -9.339042 2.682358
v -33.109570 -8.835867 3.071146
v -32.617908 -8.264945 3.364893
v -34.668301 -10.168558 1.020842
v -34.090122 -9.983262 1.478165
v -33.490406 -9.667912 1.934628
v -32.913795 -9.227425 2.353557
v -32.403122 -8.694524 2.703831
v -31.984829 -8.118591 2.970481
v -29.284090 -7.851400 0.000000
v -29.284090 -7.789637 1.429751
v -29.284090 -7.678731 2.274274
v -29.284090 -6.904878 3.465118
v -29.284090 -6.167983 3.925214
v -29.284090 -5.357146 4.326920
v -29.284090 -4.525719 4.628953
v -29.284090 -3.735469 4.808873
v -29.284090 -3.035542 4.870732
v -29.284090 -1.783414 4.415863
v -29.284090 -1.111578 3.855675
v -29.284090 -0.489941 3.162856
v -29.284090 0.023890 2.372137
v -29.284090 0.391747 1.542261
v -29.284090 0.607894 0.735971
v -29.284090 0.694403 0.000000
v -29.284090 -2.449885 4.838609
v -29.284090 -7.537580 2.990398
v 21.000000 1.300000 0.000000
v 20.965923 1.300000 0.258819
v 20.866028 1.300000 0.500000
v 20.707104 1.300000 0.707107
v 20.500000 1.300000 0.866025
v 20.258816 1.300000 0.965926
v 20.000000 1.300000 1.000000
v 19.741180 1.300000 0.965926
v 19.500000 1.300000 0.866025
v 19.292892 1.300000 0.707107
v 19.133976 1.300000 0.500000
v 19.034073 1.300000 0.258819
v 18.999996 1.300000 0.000000
v 21.206444 1.300000 0.000000
v 21.165333 1.300000 0.312250
v 21.044811 1.300000 0.603222
v 20.853081 1.300000 0.853084
v 20.603222 1.300000 1.044810
v 20.312248 1.300000 1.165335
v 20.000000 1.300000 1.206443
v 19.687748 1.300000 1.165335
v 19.396778 1.300000 1.044810
v 19.146915 1.300000 0.853084
v 18.955193 1.300000 0.603222
v 18.834663 1.300000 0.312250
v 18.793556 1.300000 0.000000
v 21.206444 1.000000 0.000000
v 21.165333 1.000000 0.312250
v 21.044811 1.000000 0.603222
v 20.853081 1.000000 0.853084
v 20.603222 1.000000 1.044810
v 20.312248 1.000000 1.165335
v 20.000000 1.000000 1.206443
v 19.687748 1.000000 1.165335
v 19.396778 1.000000 1.044810
v 19.146915 1.000000 0.853084
v 18.955193 1.000000 0.603222
v 18.834663 1.000000 0.312250
v 18.793556 1.000000 0.000000
v 20.868843 3.000000 0.000000
v 21.000000 2.869965 0.000000
v 20.839237 3.000000 0.224873
v 20.965923 2.869965 0.258819
v 20.752441 3.000000 0.434422
v 20.866028 2.869965 0.500000
v 20.614365 3.000000 0.614365
v 20.707104 2.869965 0.707107
v 20.434422 3.000000 0.752441
v 20.500000 2.869965 0.866025
v 20.224873 3.000000 0.839238
v 20.258816 2.869965 0.965926
v 20.000000 3.000000 0.868843
v 20.000000 2.869965 1.000000
v 19.775127 3.000000 0.839238
v 19.741180 2.869965 0.965926
v 19.565578 3.000000 0.752441
v 19.500000 2.869965 0.866025
v 19.385635 3.000000 0.614365
v 19.292892 2.869965 0.707107
v 19.247559 3.000000 0.434422
v 19.133976 2.869965 0.500000
v 19.160759 3.000000 0.224873
v 19.034073 2.869965 0.258819
v 19.131157 3.000000 0.000000
v 18.999996 2.869965 0.000000
v 5.391946 -3.014420 -1.072525
v 5.884711 -2.520029 -1.170542
v 5.079102 -3.014420 -2.103833
v 5.543277 -2.520029 -2.296101
v 4.571071 -3.014420 -3.054293
v 4.988818 -2.520029 -3.333421
v 3.887376 -3.014420 -3.887376
v 4.242640 -2.520029 -4.242640
v 3.054293 -3.014420 -4.571071
v -3.054293 -3.014420 -4.571071
v -3.887376 -3.014420 -3.887376
v -4.242640 -2.520029 -4.242640
v -4.571071 -3.014420 -3.054293
v -4.988818 -2.520029 -3.333421
v -5.079102 -3.014420 -2.103833
v -5.543277 -2.520029 -2.296101
v -5.391946 -3.014420 -1.072525
v -5.884711 -2.520029 -1.170542
v -15.000000 -4.000000 -5.000000
v -19.000000 -4.000000 -5.000000
v 8.000000 -4.000000 -5.000000
v 12.000000 -4.000000 -5.000000
v 8.000000 -4.000000 -4.400000
v 12.000000 -4.000000 -4.400000
v -15.000000 -4.000000 -4.400000
v -19.000000 -4.000000 -4.400000
v -15.000000 -6.849999 -4.400000
v -15.000000 -6.849999 -5.000000
v -19.000000 -6.849999 -4.400000
v -19.000000 -6.849999 -5.000000
v 8.000000 -6.849999 -4.400000
v 8.000000 -6.849999 -5.000000
v 12.000000 -6.849999 -4.400000
v 12.000000 -6.849999 -5.000000
v 25.000000 -4.000000 -3.000000
v 23.000000 -4.000000 -5.000000
v -15.000000 -1.450000 -5.000000
v -20.700001 -1.450000 -5.000000
v 8.000000 -1.450000 -5.000000
v 12.000000 -1.450000 -5.000000
v 22.600000 -1.450000 -5.000000
v 25.000000 -1.000000 -3.000000
v -28.182446 -4.000000 -5.000000
v -28.182446 -1.700000 -5.000000
v -15.000000 1.000000 -4.250000
v -15.000000 -0.150000 -5.000000
v -21.100000 1.000000 -4.250000
v -20.700001 -0.150000 -5.000000
v 8.000000 -0.150000 -5.000000
v 8.000000 1.000000 -4.250000
v 12.000000 -0.150000 -5.000000
v 12.000000 1.000000 -4.250000
v 22.689339 1.000000 -4.250000
v 22.600000 -0.150000 -5.000000
v 24.250000 1.000000 -2.689339
v 25.000000 0.250000 -3.000000
v -28.182446 1.000000 -4.250000
v -28.182446 0.250000 -5.000000
v -7.500000 -4.000000 -5.000000
v -7.500000 -1.450000 -5.000000
v 22.600000 -3.600000 -5.000000
v 22.600000 -1.950000 -5.000000
v 12.400000 -1.950000 -5.000000
v 12.400000 -3.600000 -5.000000
v 11.600000 -3.600000 -5.000000
v 11.600000 -1.950000 -5.000000
v 8.400000 -1.950000 -5.000000
v 8.400000 -3.600000 -5.000000
v -15.400000 -3.600000 -5.000000
v -15.400000 -1.950000 -5.000000
v -20.334314 -1.950000 -5.000000
v -18.834314 -3.600000 -5.000000
v -7.900000 -3.600000 -5.000000
v -7.900000 -1.950000 -5.000000
v -14.600000 -1.950000 -5.000000
v -14.600000 -3.600000 -5.000000
v 7.600000 -3.600000 -5.000000
v 7.600000 -1.950000 -5.000000
v -7.100000 -1.950000 -5.000000
v -7.100000 -3.600000 -5.000000
v 22.510019 -2.039982 -4.910000
v 22.510019 -3.510018 -4.910000
v 12.489981 -3.510018 -4.910000
v 12.489981 -2.039982 -4.910000
v 11.510017 -2.039982 -4.910000
v 11.510017 -3.510018 -4.910000
v 8.489983 -3.510018 -4.910000
v 8.489983 -2.039982 -4.910000
v -15.489982 -2.039982 -4.910000
v -15.489982 -3.510018 -4.910000
v -18.797043 -3.510018 -4.910000
v -20.117079 -2.039982 -4.910000
v -7.989982 -2.039982 -4.910000
v -7.989982 -3.510018 -4.910000
v -14.510018 -3.510018 -4.910000
v -14.510018 -2.039982 -4.910000
v 7.510018 -2.039982 -4.910000
v 7.510018 -3.510018 -4.910000
v -7.010018 -3.510018 -4.910000
v -7.010018 -2.039982 -4.910000
v 23.000000 -1.700000 -5.000000
v 12.000000 -1.700000 -5.000000
v 8.000000 -1.700000 -5.000000
v -15.000000 -1.700000 -5.000000
v -21.100000 -1.700000 -5.000000
v -7.500000 -1.700000 -5.000000
v -15.000000 0.250000 -5.000000
v 8.000000 0.250000 -5.000000
v -21.100000 0.250000 -5.000000
v 12.000000 0.250000 -5.000000
v 23.000000 0.250000 -5.000000
v 7.910039 -1.360039 -4.910000
v 8.089962 -1.360039 -4.910000
v 8.089962 -0.239961 -4.910000
v 7.910039 -0.239961 -4.910000
v -15.089961 -0.239961 -4.910000
v -14.910038 -0.239961 -4.910000
v -14.910038 -1.360039 -4.910000
v -15.089961 -1.360039 -4.910000
v 11.910038 -1.360039 -4.910000
v 12.089962 -1.360039 -4.910000
v 12.089962 -0.239961 -4.910000
v 11.910038 -0.239961 -4.910000
v 22.510040 -1.360039 -4.910000
v -20.610039 -1.360039 -4.910000
v -7.500000 -1.360039 -4.910000
v -20.610039 -0.239961 -4.910000
v 22.510040 -0.239961 -4.910000
v -30.082445 -4.000000 -5.000000
v -33.082443 -2.453487 -5.000000
v -33.682446 1.000000 -2.250000
v -33.082443 -1.503487 -5.000000
v -30.082445 -8.000000 -5.000000
v -29.182446 -8.000000 -5.000000
v -28.182446 -8.000000 -5.000000
v 1.938081 -4.000000 -5.000000
v 1.938081 -3.600000 -5.000000
v 1.938081 -3.510018 -4.910000
v -5.774443 1.160018 -2.960000
v -5.774443 2.060019 -2.960000
v -5.774443 1.160018 -1.460000
v -5.774443 2.060019 -1.460000
v 5.768077 1.160018 -3.710000
v 5.768077 2.060019 -3.710000
v 5.768077 1.160018 -2.210000
v 5.768077 2.060019 -2.210000
v -6.274500 1.000000 -2.960000
v -6.274500 1.000000 -1.460000
v 6.270992 1.000000 -3.710000
v 8.842421 1.000000 -3.710000
v 6.270992 1.000000 -2.210000
v 8.842421 1.000000 -2.210000
v -8.437000 1.000000 -1.460000
v -8.437000 1.000000 -2.960000
v -1.734561 1.160018 -2.210000
v -1.734561 2.060019 -2.210000
v -1.734561 1.160018 -3.710000
v -1.734561 2.060019 -3.710000
v -4.966466 1.160018 -1.460000
v -4.966466 2.060019 -1.460000
v -4.966466 1.160018 -2.960000
v -4.966466 2.060019 -2.960000
v 5.543277 1.000000 -2.296101
v 5.884711 1.000000 -1.170542
v 4.988818 1.000000 -3.333421
v 2.420201 -3.014420 -4.910000
v 4.242640 1.000000 -4.242640
v 1.938081 -3.014420 -4.910000
v 3.887376 -3.014420 -4.910000
v 4.242640 -2.520029 -4.910000
v 4.242640 -0.150000 -5.000000
v 4.242640 0.250000 -5.000000
v 4.242640 -1.700000 -5.000000
v 4.242640 1.000000 -4.250000
v 4.242640 -1.450000 -5.000000
v 4.242640 -0.239961 -4.910000
v 4.242640 -1.360039 -4.910000
v 4.242640 -1.950000 -5.000000
v 4.242640 -2.039982 -4.910000
v 3.054292 -3.014420 -4.910000
v -2.420201 -3.014420 -4.910000
v -3.054292 -3.014420 -4.910000
v -3.887376 -3.014420 -4.910000
v -4.242640 -2.520029 -4.910000
v -4.242640 -1.950000 -5.000000
v -4.242640 -2.039982 -4.910000
v -4.242640 -1.700000 -5.000000
v -4.242640 1.000000 -4.242640
v -4.242640 1.000000 -4.250000
v -4.242640 -1.450000 -5.000000
v -4.242640 -1.360039 -4.910000
v -4.242641 -0.239961 -4.910000
v -4.242640 0.250000 -5.000000
v -4.242640 -0.150000 -5.000000
v -4.988818 1.000000 -3.333421
v -5.543277 1.000000 -2.296101
v -5.884711 1.000000 -1.170542
v -1.095005 5.314411 -0.217811
v -1.031471 5.314411 -0.427251
v 0.845921 2.044126 -0.168265
v -0.928299 5.314411 -0.620273
v 0.796844 2.044126 -0.330062
v -0.789455 5.314411 -0.789457
v 0.717133 2.044126 -0.479176
v -0.620270 5.314411 -0.928303
v 0.609879 2.044126 -0.609875
v -0.427250 5.314411 -1.031476
v 0.479176 2.044126 -0.717137
v -0.217812 5.314411 -1.095008
v 0.330063 2.044126 -0.796840
v 0.000000 5.314412 -1.116461
v 0.168266 2.044126 -0.845920
v 0.217812 5.314412 -1.095009
v 0.000000 2.044126 -0.862493
v 0.427254 5.314412 -1.031475
v -0.168262 2.044126 -0.845920
v 0.620277 5.314412 -0.928303
v -0.330059 2.044126 -0.796840
v 0.789459 5.314412 -0.789458
v -0.479172 2.044126 -0.717137
v 0.928307 5.314412 -0.620273
v -0.609871 2.044126 -0.609875
v 1.031477 5.314412 -0.427252
v -0.717136 2.044126 -0.479176
v 1.095007 5.314412 -0.217812
v -0.796837 2.044126 -0.330063
v -0.845917 2.044126 -0.168265
v 0.958168 6.647857 -0.190592
v 1.095007 6.509004 -0.217812
v 0.902576 6.647857 -0.373859
v 1.031477 6.509004 -0.427252
v 0.812294 6.647857 -0.542757
v 0.928307 6.509004 -0.620273
v 0.690796 6.647857 -0.690799
v 0.789459 6.509004 -0.789458
v 0.542759 6.647857 -0.812294
v 0.620277 6.509004 -0.928304
v 0.373859 6.647857 -0.902572
v 0.427254 6.509004 -1.031475
v 0.190590 6.647857 -0.958166
v 0.217812 6.509004 -1.095009
v 0.000000 6.647857 -0.976938
v 0.000000 6.509004 -1.116461
v -0.190590 6.647857 -0.958166
v -0.217812 6.509004 -1.095009
v -0.373856 6.647857 -0.902573
v -0.427250 6.509005 -1.031476
v -0.542755 6.647857 -0.812294
v -0.620270 6.509005 -0.928303
v -0.690796 6.647857 -0.690799
v -0.789455 6.509005 -0.789457
v -0.812294 6.647857 -0.542758
v -0.928299 6.509005 -0.620273
v -0.902569 6.647857 -0.373858
v -1.031471 6.509005 -0.427251
v -0.958160 6.647857 -0.190591
v -1.095005 6.509005 -0.217811
v 0.617168 4.837656 -0.122765
v 0.581364 4.837656 -0.240812
v 0.523209 4.837656 -0.349603
v 0.444954 4.837656 -0.444960
v 0.349594 4.837656 -0.523218
v 0.240807 4.837656 -0.581368
v 0.122761 4.837656 -0.617178
v -0.000004 4.837656 -0.629269
v -0.122772 4.837655 -0.617178
v -0.240818 4.837655 -0.581368
v -0.349609 4.837655 -0.523218
v -0.444965 4.837655 -0.444961
v -0.523224 4.837655 -0.349603
v -0.581375 4.837655 -0.240811
v -0.617184 4.837655 -0.122765
v 0.617168 2.183612 -0.122765
v 0.581364 2.183612 -0.240812
v 0.523209 2.183611 -0.349603
v 0.444954 2.183611 -0.444960
v 0.349594 2.183611 -0.523218
v 0.240807 2.183611 -0.581368
v 0.122761 2.183611 -0.617178
v -0.000004 2.183611 -0.629269
v -0.122772 2.183611 -0.617178
v -0.240818 2.183611 -0.581368
v -0.349609 2.183611 -0.523218
v -0.444965 2.183611 -0.444961
v -0.523224 2.183611 -0.349603
v -0.581375 2.183611 -0.240811
v -0.617184 2.183611 -0.122765
v 0.845921 0.963376 -0.168265
v 0.796844 0.963377 -0.330062
v 0.717133 0.963377 -0.479176
v 0.609879 0.963377 -0.609875
v 0.479176 0.963377 -0.717137
v 0.330063 0.963377 -0.796840
v 0.168266 0.963377 -0.845920
v 0.000000 0.963377 -0.862493
v -0.168262 0.963377 -0.845921
v -0.330059 0.963377 -0.796840
v -0.479172 0.963377 -0.717137
v -0.609871 0.963377 -0.609875
v -0.717136 0.963376 -0.479176
v -0.796837 0.963376 -0.330063
v -0.845917 0.963376 -0.168265
v 5.239197 -2.880000 -1.042141
v 5.664034 -2.448926 -1.126647
v 5.239199 1.000000 -1.042141
v 5.664036 0.568926 -1.126647
v 4.935215 -2.880000 -2.044234
v 5.335403 -2.448926 -2.209997
v 4.935217 1.000000 -2.044234
v 5.335403 0.568926 -2.209997
v 4.441576 -2.880000 -2.967768
v 4.801735 -2.448926 -3.208418
v 4.441578 1.000000 -2.967768
v 4.801737 0.568926 -3.208418
v 3.777250 -2.880000 -3.777251
v 4.083540 -2.448926 -4.083541
v 3.777250 1.000000 -3.777251
v 4.083542 0.568926 -4.083541
v 2.967768 -2.880000 -4.441577
v 3.208416 -2.448926 -4.801737
v 2.967768 1.000000 -4.441577
v 3.208418 0.568926 -4.801737
v 2.044233 -2.880000 -4.935217
v 2.209995 -2.448926 -5.335404
v 2.044233 1.000000 -4.935217
v 2.209995 0.568926 -5.335404
v 1.042141 -2.880000 -5.239198
v 1.126648 -2.448926 -5.664035
v 1.042141 1.000000 -5.239198
v 1.126646 0.568926 -5.664035
v 0.000000 -2.880000 -5.341840
v 0.000000 -2.448926 -5.775000
v 0.000000 1.000000 -5.341840
v 0.000000 0.568926 -5.775000
v -1.042141 -2.880000 -5.239199
v -1.126648 -2.448926 -5.664035
v -1.042141 1.000000 -5.239199
v -1.126648 0.568926 -5.664035
v -2.044235 -2.880000 -4.935217
v -2.209999 -2.448926 -5.335404
v -2.044235 1.000000 -4.935217
v -2.209999 0.568926 -5.335404
v -2.967770 -2.880000 -4.441577
v -3.208420 -2.448926 -4.801737
v -2.967770 1.000000 -4.441577
v -3.208420 0.568926 -4.801737
v -3.777252 -2.880000 -3.777251
v -4.083542 -2.448926 -4.083541
v -3.777252 1.000000 -3.777251
v -4.083542 0.568926 -4.083541
v -4.441578 -2.880000 -2.967768
v -4.801739 -2.448926 -3.208418
v -4.441578 1.000000 -2.967768
v -4.801739 0.568926 -3.208418
v -4.935219 -2.880000 -2.044233
v -5.335403 -2.448926 -2.209997
v -4.935219 1.000000 -2.044233
v -5.335403 0.568926 -2.209997
v -5.239197 -2.880000 -1.042141
v -5.664036 -2.448926 -1.126647
v -5.239197 1.000000 -1.042141
v -5.664036 0.568926 -1.126647
v -27.787050 -8.324611 -4.600000
v 21.873608 -6.429506 -4.600000
v -15.000000 -6.850000 -4.400000
v -19.000000 -6.850000 -4.400000
v 8.000000 -6.850000 -4.400000
v 12.000000 -6.850000 -4.400000
v 7.800000 -7.050000 -5.000000
v 12.200001 -7.050000 -5.000000
v -19.200001 -7.050000 -5.000000
v -14.800000 -7.050000 -5.000000
v -26.874575 -9.709306 -3.493652
v 20.786541 -9.670544 -4.144629
v 12.200001 -10.050000 -4.500000
v -19.200001 -10.050000 -4.500000
v -14.800000 -10.050000 -4.500000
v 7.800000 -10.050000 -4.500000
v -28.000000 -4.700000 -5.000000
v -28.000000 -4.200000 -4.405495
v 22.000000 -4.200000 -4.405495
v 22.000000 -4.700000 -5.000000
v -14.929314 -4.200000 -3.900000
v -14.999999 -4.700000 -4.400000
v -19.045361 -4.200000 -3.900000
v -19.000000 -4.700000 -4.400000
v 7.929315 -4.200000 -3.900000
v 8.000000 -4.700000 -4.400000
v 12.045362 -4.200000 -3.900000
v 12.000000 -4.700000 -4.400000
v 12.200001 -4.200000 -4.401714
v 12.200001 -4.700000 -5.000000
v 7.800000 -4.700000 -5.000000
v 7.800000 -4.200000 -4.322707
v -14.800000 -4.200000 -4.322707
v -14.800000 -4.700000 -5.000000
v -19.200001 -4.700000 -5.000000
v -19.200001 -4.200000 -4.401714
v -19.200001 -8.050000 -5.000000
v -27.649752 -8.533871 -4.600000
v 7.800000 -8.050000 -5.000000
v 12.200001 -8.050000 -5.000000
v 21.341391 -8.027580 -4.600000
v -14.800000 -8.050000 -5.000000
v 22.000000 -6.050000 -5.000000
v 20.660000 -10.050000 -4.500000
v 21.333914 -8.050000 -5.000000
v 21.151649 -7.964348 -4.600000
v 21.683867 -6.366274 -4.600000
v 20.596800 -9.607310 -4.144630
v -28.000000 -8.000000 -5.000000
v -27.640312 -8.550000 -5.000000
v -26.650000 -10.050000 -3.700000
v -27.487803 -8.438390 -4.599998
v -27.625101 -8.229130 -4.599998
v -26.716078 -9.609592 -3.493650
v -31.219154 -7.391722 -2.746915
v -36.444130 -7.391724 -4.444642
v -33.555874 -2.718276 -4.444642
v -38.780849 -2.718278 -2.746915
v -36.347721 -7.932331 -4.147921
v -36.216496 -8.490538 -3.744042
v -36.048599 -9.028106 -3.227305
v -35.848831 -9.499669 -2.612475
v -35.629158 -9.866988 -1.936376
v -35.405495 -10.112537 -1.248006
v -35.192532 -10.242720 -0.592555
v -34.495941 -10.242720 -0.366216
v -33.938381 -10.112535 -0.771303
v -33.352818 -9.866987 -1.196736
v -32.777691 -9.499668 -1.614585
v -32.254684 -9.028105 -1.994567
v -31.815121 -8.490536 -2.313925
v -31.471560 -7.932329 -2.563533
v -31.664087 -7.547259 -3.156097
v -32.220612 -7.679526 -3.561948
v -32.883835 -7.769766 -3.930967
v -33.626511 -7.801979 -4.227086
v -34.401405 -7.769766 -4.424065
v -35.154869 -7.679527 -4.515362
v -35.843658 -7.547260 -4.514145
v -30.607487 -7.769757 -0.797828
v -30.753492 -7.679521 -1.542617
v -30.967497 -7.547256 -2.197314
v -36.970783 -7.547260 -4.147926
v -37.528751 -7.679526 -3.744050
v -38.084663 -7.769762 -3.227314
v -38.595791 -7.801971 -2.612484
v -39.022583 -7.769753 -1.936383
v -39.342239 -7.679511 -1.248009
v -39.553928 -7.547240 -0.592556
v -30.761490 -7.537580 -2.990398
v -33.844810 -3.185802 -4.740491
v -34.189003 -3.742733 -4.992079
v -34.580559 -4.376306 -5.163726
v -35.000000 -5.055000 -5.225000
v -35.419445 -5.733694 -5.163726
v -35.811001 -6.367266 -4.992079
v -36.155190 -6.924197 -4.740491
v -31.279016 -6.924198 -3.156103
v -31.409599 -6.367269 -3.561962
v -31.625492 -5.733695 -3.930989
v -31.928822 -5.055000 -4.227112
v -32.304188 -4.376304 -4.424090
v -32.721867 -3.742731 -4.515381
v -33.148212 -3.185800 -4.514155
v -39.151508 -3.185805 -2.563536
v -39.497147 -3.742737 -2.313930
v -39.781391 -4.376309 -1.994574
v -39.969280 -5.055000 -1.614591
v -40.040619 -5.733689 -1.196741
v -39.998371 -6.367256 -0.771306
v -39.865459 -6.924181 -0.366217
v -36.851791 -6.924200 -4.514155
v -37.278137 -6.367269 -4.515382
v -37.695816 -5.733695 -4.424090
v -38.071182 -5.055000 -4.227113
v -38.374512 -4.376305 -3.930990
v -38.590405 -3.742731 -3.561963
v -38.720985 -3.185801 -3.156103
v -33.305336 -2.449885 -4.838609
v -34.156345 -2.562739 -4.514145
v -34.845139 -2.430473 -4.515362
v -35.598598 -2.340234 -4.424065
v -36.373489 -2.308021 -4.227086
v -37.116173 -2.340234 -3.930967
v -37.779392 -2.430474 -3.561947
v -38.335915 -2.562740 -3.156097
v -39.032509 -2.562744 -2.197314
v -39.246513 -2.430479 -1.542617
v -39.392517 -2.340242 -0.797828
v -34.807472 0.132720 -0.592555
v -34.594505 0.002537 -1.248006
v -34.370846 -0.243011 -1.936376
v -34.151173 -0.610331 -2.612475
v -33.951405 -1.081894 -3.227305
v -33.783508 -1.619462 -3.744042
v -33.652283 -2.177669 -4.147921
v -35.504059 0.132720 -0.366216
v -36.061623 0.002536 -0.771303
v -36.647186 -0.243012 -1.196736
v -37.222313 -0.610332 -1.614585
v -37.745319 -1.081895 -1.994567
v -38.184883 -1.619464 -2.313925
v -38.528442 -2.177671 -2.563533
v -36.686989 -0.126736 -0.408551
v -37.306435 -0.442084 -0.837851
v -37.960171 -0.770958 -0.430133
v -37.883049 -0.882570 -1.256779
v -38.505020 -1.274133 -0.848838
v -38.373993 -1.415472 -1.634213
v -39.036274 -1.763552 -0.418927
v -38.936325 -1.845057 -1.225660
v -38.756859 -1.991407 -1.949631
v -35.331699 0.058559 -1.020838
v -35.909874 -0.126734 -1.478158
v -35.132759 -0.126734 -1.730663
v -36.509586 -0.442081 -1.934620
v -35.722084 -0.381604 -2.222294
v -34.915890 -0.442081 -2.452453
v -37.086201 -0.882566 -2.353550
v -36.323841 -0.770952 -2.682352
v -35.505672 -0.770951 -2.948195
v -34.695648 -0.882565 -3.130301
v -37.596878 -1.415468 -2.703827
v -36.890427 -1.274127 -3.071142
v -36.097710 -1.223222 -3.378334
v -35.275826 -1.274126 -3.595766
v -34.488396 -1.415467 -3.713851
v -38.015175 -1.991404 -2.970479
v -37.382092 -1.845050 -3.364891
v -36.645721 -1.763543 -3.709250
v -35.848869 -1.763542 -3.968168
v -35.050728 -1.845049 -4.122410
v -34.306725 -1.991402 -4.175447
v -34.591297 0.607894 -0.735971
v -34.292355 0.391747 -1.542261
v -34.002129 0.023890 -2.372137
v -33.745209 -0.489941 -3.162856
v -33.540691 -1.111578 -3.855675
v -33.395645 -1.783414 -4.415863
v -39.749016 -2.916780 -0.418928
v -40.155586 -4.323190 -0.430136
v -39.949188 -3.610828 -0.848842
v -39.631416 -2.969727 -1.225663
v -40.162422 -5.750082 -0.408557
v -40.157387 -5.054992 -0.837860
v -40.021267 -4.342252 -1.256788
v -39.764175 -3.664812 -1.634220
v -39.420258 -3.064800 -1.949635
v -38.220181 -3.064798 -3.601412
v -38.026474 -3.664813 -4.025974
v -37.596893 -2.969723 -4.025967
v -37.746956 -4.342258 -4.387126
v -37.336704 -3.610826 -4.444638
v -36.865974 -2.916774 -4.387113
v -37.390583 -5.055003 -4.646047
v -37.002262 -4.323194 -4.770329
v -36.549992 -3.591383 -4.770324
v -36.069118 -2.916774 -4.646031
v -36.983833 -5.750098 -4.783501
v -36.614616 -5.055004 -4.969270
v -36.184086 -4.323194 -5.036171
v -35.722092 -3.610827 -4.969263
v -35.265518 -2.969723 -4.783487
v -36.561680 -6.381805 -4.806389
v -36.206707 -5.750097 -5.036004
v -35.796860 -5.055003 -5.163878
v -35.356377 -4.342258 -5.163877
v -34.917973 -3.664814 -5.035998
v -34.511723 -3.064798 -4.806382
v -32.769573 -3.035542 -4.870732
v -32.228729 -3.735469 -4.808873
v -31.727303 -4.525719 -4.628953
v -31.311588 -5.357146 -4.326920
v -31.012476 -6.167983 -3.925214
v -30.834911 -6.904878 -3.465118
v -39.088570 -3.728197 -2.970491
v -39.416641 -4.359907 -2.703843
v -38.936348 -4.359905 -3.364913
v -39.664909 -5.055000 -2.353568
v -39.227123 -5.055000 -3.071167
v -38.679932 -5.055000 -3.709278
v -39.801025 -5.767741 -1.934636
v -39.423794 -5.786808 -2.682377
v -38.918129 -5.786810 -3.378365
v -38.323559 -5.767745 -3.968198
v -39.814880 -6.445179 -1.478172
v -39.502922 -6.499171 -2.222317
v -39.057884 -6.518617 -2.948224
v -38.505032 -6.499176 -3.595796
v -37.893707 -6.445189 -4.122437
v -39.722038 -7.045189 -1.020848
v -39.467331 -7.140268 -1.730681
v -39.088276 -7.193221 -2.452477
v -38.595787 -7.193225 -3.130328
v -38.026447 -7.140277 -3.713874
v -37.430065 -7.045203 -4.175466
v -33.438324 -3.728195 -4.806389
v -33.793297 -4.359905 -5.036003
v -33.016171 -4.359904 -4.783500
v -34.203140 -5.055000 -5.163878
v -33.385387 -5.055000 -4.969270
v -32.609421 -5.055000 -4.646047
v -34.643627 -5.767744 -5.163877
v -33.815918 -5.786811 -5.036171
v -32.997742 -5.786811 -4.770329
v -32.253052 -5.767745 -4.387126
v -35.082031 -6.445188 -5.035997
v -34.277912 -6.499177 -4.969262
v -33.450016 -6.518621 -4.770322
v -32.663300 -6.499178 -4.444637
v -31.973530 -6.445189 -4.025973
v -35.488281 -7.045203 -4.806381
v -34.734486 -7.140279 -4.783486
v -33.930885 -7.193229 -4.646029
v -33.134029 -7.193229 -4.387111
v -32.403114 -7.140280 -4.025966
v -31.779825 -7.045204 -3.601412
v -30.447990 -7.678731 -2.274274
v -30.201670 -7.789637 -1.429751
v -39.185341 -8.118576 -0.630917
v -38.690201 -8.694513 -0.661058
v -38.904995 -8.264934 -1.322116
v -38.071171 -9.227418 -0.677845
v -38.334568 -8.835859 -1.373463
v -38.511662 -8.346444 -2.033534
v -37.358437 -9.667909 -0.677846
v -37.647663 -9.339036 -1.391957
v -37.873802 -8.886766 -2.087934
v -38.019173 -8.346448 -2.711382
v -36.604954 -9.983261 -0.661061
v -36.890411 -9.728388 -1.373466
v -37.141998 -9.339038 -2.087937
v -37.336678 -8.835864 -2.746933
v -37.464115 -8.264944 -3.305304
v -35.868385 -10.168558 -0.630921
v -36.124660 -9.983261 -1.322122
v -36.373459 -9.667912 -2.033539
v -36.593704 -9.227425 -2.711385
v -36.769028 -8.694524 -3.305304
v -36.893368 -8.118591 -3.785524
v -30.963728 -8.346446 -0.418929
v -31.063675 -8.264940 -1.225662
v -31.494980 -8.835861 -0.848842
v -32.039825 -9.339037 -0.430137
v -31.243145 -8.118588 -1.949633
v -31.626007 -8.694521 -1.634217
v -32.116947 -9.227423 -1.256785
v -32.693558 -9.667910 -0.837858
v -33.313007 -9.983260 -0.408556
v -35.693275 -8.118597 -4.175448
v -35.511604 -8.694531 -3.713851
v -34.949272 -8.264950 -4.122411
v -35.304352 -9.227432 -3.130303
v -34.724174 -8.835872 -3.595769
v -34.151131 -8.346455 -3.968169
v -35.084110 -9.667917 -2.452456
v -34.494324 -9.339045 -2.948199
v -33.902290 -8.886773 -3.378338
v -33.354275 -8.346453 -3.709251
v -34.867241 -9.983265 -1.730666
v -34.277916 -9.728392 -2.222300
v -33.676155 -9.339042 -2.682358
v -33.109570 -8.835867 -3.071146
v -32.617908 -8.264945 -3.364893
v -34.668301 -10.168558 -1.020842
v -34.090122 -9.983262 -1.478165
v -33.490406 -9.667912 -1.934628
v -32.913795 -9.227425 -2.353557
v -32.403122 -8.694524 -2.703831
v -31.984829 -8.118591 -2.970481
v -29.284090 -7.789637 -1.429751
v -29.284090 -7.678731 -2.274274
v -29.284090 -6.904878 -3.465118
v -29.284090 -6.167983 -3.925214
v -29.284090 -5.357146 -4.326920
v -29.284090 -4.525719 -4.628953
v -29.284090 -3.735469 -4.808873
v -29.284090 -3.035542 -4.870732
v -29.284090 -1.783414 -4.415863
v -29.284090 -1.111578 -3.855675
v -29.284090 -0.489941 -3.162856
v -29.284090 0.023890 -2.372137
v -29.284090 0.391747 -1.542261
v -29.284090 0.607894 -0.735971
v -29.284090 -2.449885 -4.838609
v -29.284090 -7.537580 -2.990398
v 20.965923 1.300000 -0.258819
v 20.866028 1.300000 -0.500000
v 20.707104 1.300000 -0.707107
v 20.500000 1.300000 -0.866025
v 20.258816 1.300000 -0.965926
v 20.000000 1.300000 -1.000000
v 19.741180 1.300000 -0.965926
v 19.500000 1.300000 -0.866025
v 19.292892 1.300000 -0.707107
v 19.133976 1.300000 -0.500000
v 19.034073 1.300000 -0.258819
v 21.165333 1.300000 -0.312250
v 21.044811 1.300000 -0.603222
v 20.853081 1.300000 -0.853084
v 20.603222 1.300000 -1.044810
v 20.312248 1.300000 -1.165335
v 20.000000 1.300000 -1.206443
v 19.687748 1.300000 -1.165335
v 19.396778 1.300000 -1.044810
v 19.146915 1.300000 -0.853084
v 18.955193 1.300000 -0.603222
v 18.834663 1.300000 -0.312250
v 21.165333 1.000000 -0.312250
v 21.044811 1.000000 -0.603222
v 20.853081 1.000000 -0.853084
v 20.603222 1.000000 -1.044810
v 20.312248 1.000000 -1.165335
v 20.000000 1.000000 -1.206443
v 19.687748 1.000000 -1.165335
v 19.396778 1.000000 -1.044810
v 19.146915 1.000000 -0.853084
v 18.955193 1.000000 -0.603222
v 18.834663 1.000000 -0.312250
v 20.839237 3.000000 -0.224873
v 20.965923 2.869965 -0.258819
v 20.752441 3.000000 -0.434422
v 20.866028 2.869965 -0.500000
v 20.614365 3.000000 -0.614365
v 20.707104 2.869965 -0.707107
v 20.434422 3.000000 -0.752441
v 20.500000 2.869965 -0.866025
v 20.224873 3.000000 -0.839238
v 20.258816 2.869965 -0.965926
v 20.000000 3.000000 -0.868843
v 20.000000 2.869965 -1.000000
v 19.775127 3.000000 -0.839238
v 19.741180 2.869965 -0.965926
v 19.565578 3.000000 -0.752441
v 19.500000 2.869965 -0.866025
v 19.385635 3.000000 -0.614365
v 19.292892 2.869965 -0.707107
v 19.247559 3.000000 -0.434422
v 19.133976 2.869965 -0.500000
v 19.160759 3.000000 -0.224873
v 19.034073 2.869965 -0.258819
v 29.000004 -1.640089 -0.967174
v 72.000008 -1.900000 -1.000000
v 29.000004 -1.898877 -1.001488
v 72.000008 -2.158819 -0.965926
v 29.000004 -2.157727 -0.967654
v 72.000008 -2.400000 -0.866026
v 29.000004 -2.399001 -0.867977
v 72.000008 -2.607107 -0.707107
v 29.000004 -2.606255 -0.709250
v 72.000008 -2.766025 -0.500000
v 29.000004 -2.765365 -0.502291
v 72.000008 -2.865926 -0.258819
v 29.000004 -2.865489 -0.261202
v 72.000008 -2.900000 -0.000000
v 29.000004 -2.899803 -0.002415
v 72.000008 -2.865926 0.258819
v 29.000004 -2.865969 0.256435
v 72.000008 -2.766025 0.500000
v 29.000004 -2.766292 0.497709
v 72.000008 -2.607107 0.707107
v 29.000004 -2.607565 0.704963
v 72.000008 -2.400000 0.866025
v 29.000004 -2.400606 0.864073
v 72.000008 -2.158819 0.965926
v 29.000004 -2.159517 0.964197
v 72.000008 -1.900000 1.000000
v 29.000004 -1.900730 0.998511
v 72.000008 -1.641181 0.965926
v 29.000004 -1.641880 0.964677
v 72.000008 -1.400000 0.866025
v 29.000004 -1.400606 0.865000
v 72.000008 -1.192893 0.707107
v 29.000004 -1.193352 0.706273
v 72.000008 -1.033975 0.500000
v 29.000004 -1.034242 0.499314
v 72.000008 -0.934074 0.258819
v 29.000004 -0.934118 0.258226
v 72.000008 -0.900000 -0.000000
v 29.000004 -0.899804 -0.000562
v 72.000008 -0.934074 -0.258819
v 29.000004 -0.933638 -0.259412
v 72.000008 -1.033975 -0.500000
v 29.000004 -1.033315 -0.500686
v 72.000008 -1.192893 -0.707107
v 29.000004 -1.192042 -0.707940
v 72.000008 -1.400000 -0.866026
v 29.000004 -1.399001 -0.867050
v 72.000008 -1.641181 -0.965926
v 72.180000 -1.900000 -1.222876
v 72.180000 -2.216503 -1.181207
v 72.180000 -2.511438 -1.059042
v 72.180000 -2.764704 -0.864704
v 72.180000 -2.959041 -0.611438
v 72.180000 -3.081207 -0.316504
v 72.180000 -3.122875 -0.000000
v 72.180000 -3.081207 0.316503
v 72.180000 -2.959041 0.611438
v 72.180000 -2.764704 0.864704
v 72.180000 -2.511438 1.059041
v 72.180000 -2.216503 1.181207
v 72.180000 -1.900000 1.222875
v 72.180000 -1.583496 1.181207
v 72.180000 -1.288562 1.059041
v 72.180000 -1.035296 0.864704
v 72.180000 -0.840958 0.611438
v 72.180000 -0.718792 0.316503
v 72.180000 -0.677124 -0.000000
v 72.180000 -0.718792 -0.316504
v 72.180000 -0.840958 -0.611438
v 72.180000 -1.035296 -0.864704
v 72.180000 -1.288562 -1.059042
v 72.180000 -1.583496 -1.181207
v 78.950012 -1.899999 -0.000001
v 78.502251 -2.060705 -0.000001
v 72.376717 -3.122875 -0.000000
v 77.625534 -2.335615 -0.000001
v 76.593666 -2.591790 -0.000001
v 75.476982 -2.811773 -0.000001
v 74.351562 -2.980571 -0.000000
v 73.294121 -3.086683 -0.000000
v 72.376717 -3.081207 0.316503
v 78.502251 -2.055229 0.041593
v 73.294121 -3.046247 0.307136
v 74.351562 -2.943752 0.279672
v 75.476982 -2.780705 0.235984
v 76.593666 -2.568218 0.179048
v 77.625534 -2.320772 0.112745
v 78.502251 -1.786363 -0.113637
v 72.376717 -1.035296 -0.864704
v 77.625534 -1.591972 -0.308028
v 76.593666 -1.410829 -0.489171
v 75.476982 -1.255278 -0.644722
v 74.351562 -1.135920 -0.764080
v 73.294121 -1.060888 -0.839112
v 72.376717 -1.288562 -1.059042
v 78.502251 -1.819646 -0.139177
v 73.294121 -1.306658 -1.027698
v 74.351562 -1.359714 -0.935803
v 75.476982 -1.444113 -0.789619
v 76.593666 -1.554104 -0.599109
v 77.625534 -1.682191 -0.377255
v 78.502251 -1.819646 0.139175
v 72.376717 -1.288562 1.059041
v 77.625534 -1.682191 0.377254
v 76.593666 -1.554104 0.599108
v 75.476982 -1.444113 0.789618
v 74.351562 -1.359714 0.935802
v 73.294121 -1.306658 1.027698
v 72.376717 -1.035296 0.864704
v 78.502251 -1.786363 0.113635
v 73.294121 -1.060888 0.839111
v 74.351562 -1.135920 0.764079
v 75.476982 -1.255278 0.644721
v 76.593666 -1.410829 0.489169
v 77.625534 -1.591972 0.308026
v 72.376717 -2.959041 0.611438
v 78.502251 -2.039175 0.080352
v 73.294121 -2.927697 0.593341
v 74.351562 -2.835802 0.540286
v 75.476982 -2.689618 0.455886
v 76.593666 -2.499108 0.345895
v 77.625534 -2.277254 0.217807
v 72.376717 -1.583496 -1.181207
v 78.502251 -1.858405 -0.155231
v 73.294121 -1.592864 -1.146248
v 74.351562 -1.620327 -1.043753
v 75.476982 -1.664015 -0.880706
v 76.593666 -1.720951 -0.668219
v 77.625534 -1.787253 -0.420773
v 78.502251 -1.899999 -0.160707
v 72.376717 -1.900000 -1.222876
v 77.625534 -1.899999 -0.435617
v 76.593666 -1.899999 -0.691792
v 75.476982 -1.899999 -0.911774
v 74.351562 -1.899999 -1.080572
v 73.294121 -1.900000 -1.186683
v 72.376717 -2.216503 -1.181207
v 78.502251 -1.941593 -0.155231
v 73.294121 -2.207136 -1.146248
v 74.351562 -2.179672 -1.043753
v 75.476982 -2.135984 -0.880706
v 76.593666 -2.079048 -0.668219
v 77.625534 -2.012745 -0.420773
v 72.376717 -0.840958 0.611438
v 78.502251 -1.760823 0.080352
v 73.294121 -0.872302 0.593341
v 74.351562 -0.964197 0.540285
v 75.476982 -1.110380 0.455886
v 76.593666 -1.300891 0.345895
v 77.625534 -1.522745 0.217807
v 72.376717 -2.764704 0.864704
v 78.502251 -2.013635 0.113635
v 73.294121 -2.739111 0.839111
v 74.351562 -2.664079 0.764079
v 75.476982 -2.544720 0.644721
v 76.593666 -2.389169 0.489169
v 77.625534 -2.208026 0.308026
v 72.376717 -2.511438 -1.059042
v 78.502251 -1.980352 -0.139176
v 73.294121 -2.493341 -1.027698
v 74.351562 -2.440286 -0.935803
v 75.476982 -2.355886 -0.789620
v 76.593666 -2.245895 -0.599109
v 77.625534 -2.117807 -0.377255
v 72.376717 -0.718792 0.316503
v 78.502251 -1.744769 0.041593
v 73.294121 -0.753752 0.307136
v 74.351562 -0.856247 0.279672
v 75.476982 -1.019294 0.235984
v 76.593666 -1.231781 0.179048
v 77.625534 -1.479227 0.112745
v 72.376717 -2.511438 1.059041
v 78.502251 -1.980352 0.139175
v 73.294121 -2.493341 1.027698
v 74.351562 -2.440286 0.935802
v 75.476982 -2.355886 0.789618
v 76.593666 -2.245895 0.599108
v 77.625534 -2.117807 0.377254
v 72.376717 -2.764704 -0.864704
v 78.502251 -2.013635 -0.113637
v 73.294121 -2.739111 -0.839112
v 74.351562 -2.664079 -0.764080
v 75.476982 -2.544720 -0.644722
v 76.593666 -2.389169 -0.489171
v 77.625534 -2.208026 -0.308028
v 72.376717 -0.677124 -0.000000
v 78.502251 -1.739293 -0.000001
v 73.294121 -0.713316 -0.000000
v 74.351562 -0.819427 -0.000000
v 75.476982 -0.988226 -0.000001
v 76.593666 -1.208208 -0.000001
v 77.625534 -1.464383 -0.000001
v 72.376717 -2.216503 1.181207
v 78.502251 -1.941593 0.155229
v 73.294121 -2.207136 1.146248
v 74.351562 -2.179672 1.043752
v 75.476982 -2.135984 0.880705
v 76.593666 -2.079048 0.668218
v 77.625534 -2.012745 0.420772
v 72.376717 -2.959041 -0.611438
v 78.502251 -2.039175 -0.080354
v 73.294121 -2.927697 -0.593342
v 74.351562 -2.835802 -0.540286
v 75.476982 -2.689618 -0.455887
v 76.593666 -2.499108 -0.345896
v 77.625534 -2.277254 -0.217809
v 72.376717 -0.718792 -0.316504
v 78.502251 -1.744769 -0.041595
v 73.294121 -0.753752 -0.307137
v 74.351562 -0.856247 -0.279673
v 75.476982 -1.019294 -0.235985
v 76.593666 -1.231781 -0.179049
v 77.625534 -1.479227 -0.112746
v 72.376717 -1.900000 1.222875
v 78.502251 -1.899999 0.160705
v 73.294121 -1.900000 1.186683
v 74.351562 -1.899999 1.080571
v 75.476982 -1.899999 0.911773
v 76.593666 -1.899999 0.691790
v 77.625534 -1.899999 0.435615
v 72.376717 -3.081207 -0.316504
v 78.502251 -2.055229 -0.041595
v 73.294121 -3.046247 -0.307137
v 74.351562 -2.943752 -0.279673
v 75.476982 -2.780705 -0.235985
v 76.593666 -2.568218 -0.179049
v 77.625534 -2.320772 -0.112746
v 72.376717 -0.840958 -0.611438
v 78.502251 -1.760823 -0.080354
v 73.294121 -0.872302 -0.593342
v 74.351562 -0.964197 -0.540286
v 75.476982 -1.110380 -0.455887
v 76.593666 -1.300891 -0.345896
v 77.625534 -1.522745 -0.217809
v 72.376717 -1.583496 1.181207
v 78.502251 -1.858405 0.155229
v 73.294121 -1.592864 1.146248
v 74.351562 -1.620327 1.043752
v 75.476982 -1.664015 0.880705
v 76.593666 -1.720951 0.668218
v 77.625534 -1.787253 0.420772
v 78.000000 2.095054 -0.346368
v 77.749870 1.996123 -1.207146
v 78.098511 2.104757 -0.346368
v 77.636864 2.056525 -1.207146
v 78.193237 2.133491 -0.346368
v 77.537819 2.137813 -1.207146
v 78.280533 2.180153 -0.346368
v 77.456535 2.236862 -1.207146
v 78.357056 2.242949 -0.346368
v 77.396126 2.349866 -1.207147
v 78.419853 2.319468 -0.346368
v 77.358932 2.472483 -1.207147
v 78.466515 2.406766 -0.346368
v 77.346375 2.600000 -1.207147
v 78.495247 2.501490 -0.346368
v 77.358932 2.727517 -1.207147
v 78.504951 2.600001 -0.346368
v 77.396126 2.850134 -1.207147
v 78.495247 2.698511 -0.346368
v 77.456535 2.963138 -1.207147
v 78.466515 2.793234 -0.346368
v 77.537819 3.062188 -1.207147
v 78.419853 2.880534 -0.346368
v 77.636864 3.143475 -1.207147
v 78.357056 2.957052 -0.346368
v 77.749870 3.203877 -1.207147
v 78.280533 3.019847 -0.346368
v 77.872490 3.241072 -1.207146
v 78.193237 3.066510 -0.346368
v 78.000000 3.253631 -1.207146
v 78.098511 3.095244 -0.346368
v 78.127518 3.241072 -1.207146
v 78.000000 3.104947 -0.346368
v 78.250137 3.203876 -1.207146
v 77.901497 3.095244 -0.346368
v 78.363144 3.143475 -1.207146
v 77.806770 3.066510 -0.346368
v 78.462196 3.062188 -1.207147
v 77.719475 3.019847 -0.346368
v 78.543472 2.963138 -1.207147
v 77.642952 2.957052 -0.346368
v 78.603882 2.850134 -1.207146
v 77.580154 2.880534 -0.346368
v 78.641075 2.727517 -1.207146
v 77.533493 2.793235 -0.346368
v 78.653633 2.600001 -1.207146
v 77.504761 2.698511 -0.346368
v 78.641075 2.472483 -1.207146
v 77.495064 2.600001 -0.346368
v 78.603882 2.349866 -1.207146
v 77.504761 2.501490 -0.346368
v 78.543472 2.236862 -1.207146
v 77.533493 2.406766 -0.346368
v 78.462196 2.137813 -1.207146
v 77.580154 2.319468 -0.346368
v 78.363144 2.056525 -1.207146
v 77.642952 2.242949 -0.346368
v 78.250137 1.996123 -1.207146
v 77.719475 2.180153 -0.346368
v 77.872490 1.958928 -1.207146
v 77.806770 2.133491 -0.346368
v 78.127518 1.958928 -1.207146
v 77.901497 2.104757 -0.346368
v 78.000000 1.946369 -1.207146
v 78.000000 2.028053 -1.753632
v 78.000000 1.946369 -1.672341
v 78.111588 2.039043 -1.753632
v 78.127518 1.958928 -1.672341
v 78.218887 2.071589 -1.753632
v 78.250137 1.996123 -1.672341
v 78.317757 2.124444 -1.753632
v 78.363144 2.056525 -1.672341
v 78.404434 2.195572 -1.753632
v 78.462196 2.137813 -1.672341
v 78.475563 2.282243 -1.753632
v 78.543472 2.236862 -1.672341
v 78.528412 2.381125 -1.753632
v 78.603882 2.349866 -1.672341
v 78.560966 2.488419 -1.753632
v 78.641075 2.472483 -1.672341
v 78.571953 2.600001 -1.753632
v 78.653633 2.600001 -1.672341
v 78.560966 2.711582 -1.753632
v 78.641075 2.727517 -1.672341
v 78.528412 2.818876 -1.753632
v 78.603882 2.850134 -1.672341
v 78.475563 2.917757 -1.753632
v 78.543472 2.963138 -1.672341
v 78.404434 3.004427 -1.753632
v 78.462196 3.062188 -1.672341
v 78.317757 3.075557 -1.753632
v 78.363144 3.143475 -1.672341
v 78.218887 3.128411 -1.753632
v 78.250137 3.203876 -1.672341
v 78.111588 3.160958 -1.753632
v 78.127518 3.241072 -1.672341
v 78.000000 3.171947 -1.753632
v 78.000000 3.253631 -1.672341
v 77.888420 3.160958 -1.753632
v 77.872490 3.241072 -1.672341
v 77.781128 3.128411 -1.753632
v 77.749870 3.203877 -1.672341
v 77.682251 3.075557 -1.753632
v 77.636864 3.143475 -1.672341
v 77.595573 3.004427 -1.753632
v 77.537819 3.062188 -1.672341
v 77.524445 2.917757 -1.753632
v 77.456535 2.963138 -1.672341
v 77.471596 2.818876 -1.753632
v 77.396126 2.850134 -1.672341
v 77.439049 2.711582 -1.753632
v 77.358932 2.727517 -1.672341
v 77.428055 2.600001 -1.753632
v 77.346375 2.600000 -1.672341
v 77.439049 2.488419 -1.753632
v 77.358932 2.472483 -1.672341
v 77.471596 2.381125 -1.753632
v 77.396126 2.349866 -1.672341
v 77.524445 2.282244 -1.753632
v 77.456535 2.236862 -1.672341
v 77.595573 2.195573 -1.753632
v 77.537819 2.137813 -1.672341
v 77.682251 2.124444 -1.753632
v 77.636864 2.056525 -1.672341
v 77.781128 2.071589 -1.753632
v 77.749870 1.996123 -1.672341
v 77.888420 2.039043 -1.753632
v 77.872490 1.958928 -1.672341
v 77.928123 2.238675 -0.928030
v 78.000000 2.231596 -0.928030
v 78.071877 2.238675 -0.928030
v 78.140984 2.259639 -0.928030
v 78.204681 2.293683 -0.928030
v 78.260498 2.339499 -0.928030
v 78.306313 2.395326 -0.928030
v 78.340363 2.459018 -0.928030
v 78.361320 2.528128 -0.928030
v 78.368408 2.600001 -0.928030
v 78.361320 2.671873 -0.928030
v 78.340363 2.740983 -0.928030
v 78.306313 2.804675 -0.928030
v 78.260498 2.860502 -0.928030
v 78.204681 2.906318 -0.928030
v 78.140984 2.940361 -0.928030
v 78.071877 2.961326 -0.928030
v 78.000000 2.968405 -0.928030
v 77.928123 2.961326 -0.928030
v 77.859016 2.940361 -0.928030
v 77.795326 2.906318 -0.928030
v 77.739502 2.860502 -0.928030
v 77.693687 2.804675 -0.928030
v 77.659637 2.740983 -0.928030
v 77.638672 2.671873 -0.928030
v 77.631599 2.600001 -0.928030
v 77.638672 2.528128 -0.928030
v 77.659637 2.459018 -0.928030
v 77.693687 2.395326 -0.928030
v 77.739502 2.339499 -0.928030
v 77.795326 2.293683 -0.928030
v 77.859016 2.259639 -0.928030
v 78.071877 2.238675 -0.428030
v 78.140984 2.259639 -0.428030
v 78.204681 2.293683 -0.428030
v 78.260498 2.339499 -0.428030
v 78.306313 2.395326 -0.428030
v 78.340363 2.459018 -0.428030
v 78.361320 2.528128 -0.428030
v 78.368408 2.600001 -0.428030
v 78.361320 2.671873 -0.428030
v 78.340363 2.740983 -0.428030
v 78.306313 2.804675 -0.428030
v 78.260498 2.860502 -0.428030
v 78.204681 2.906318 -0.428030
v 78.140984 2.940361 -0.428030
v 78.071877 2.961326 -0.428030
v 78.000000 2.968405 -0.428030
v 77.928123 2.961326 -0.428030
v 77.859016 2.940361 -0.428030
v 77.795326 2.906318 -0.428030
v 77.739502 2.860502 -0.428030
v 77.693687 2.804675 -0.428030
v 77.659637 2.740983 -0.428030
v 77.638672 2.671873 -0.428030
v 77.631599 2.600001 -0.428030
v 77.638672 2.528128 -0.428030
v 77.659637 2.459018 -0.428030
v 77.693687 2.395326 -0.428030
v 77.739502 2.339499 -0.428030
v 77.795326 2.293683 -0.428030
v 77.859016 2.259639 -0.428030
v 77.928123 2.238675 -0.428030
v 78.000000 2.231596 -0.428030
v 78.000000 2.095054 0.493632
v 78.098511 2.104757 0.493632
v 78.193237 2.133491 0.493632
v 78.280533 2.180153 0.493632
v 78.357056 2.242949 0.493632
v 78.419853 2.319468 0.493632
v 78.466515 2.406766 0.493632
v 78.495247 2.501490 0.493632
v 78.504951 2.600001 0.493632
v 78.495247 2.698511 0.493632
v 78.466515 2.793234 0.493632
v 78.419853 2.880534 0.493632
v 78.357056 2.957052 0.493632
v 78.280533 3.019847 0.493632
v 78.193237 3.066510 0.493632
v 78.098511 3.095244 0.493632
v 78.000000 3.104947 0.493632
v 77.901497 3.095244 0.493632
v 77.806770 3.066510 0.493632
v 77.719475 3.019847 0.493632
v 77.642952 2.957052 0.493632
v 77.580154 2.880534 0.493632
v 77.533493 2.793235 0.493632
v 77.504761 2.698511 0.493632
v 77.495064 2.600001 0.493632
v 77.504761 2.501490 0.493632
v 77.533493 2.406766 0.493632
v 77.580154 2.319468 0.493632
v 77.642952 2.242950 0.493632
v 77.719475 2.180153 0.493632
v 77.806770 2.133491 0.493632
v 77.901497 2.104757 0.493632
v 72.988586 -1.500000 0.073170
v 77.708588 3.930001 0.045731
v 72.988586 -1.500000 -0.073170
v 77.708588 3.930001 -0.045731
v 78.061417 -1.760000 0.045561
v 80.191422 3.930001 0.028475
v 78.061417 -1.760000 -0.045561
v 80.191422 3.930001 -0.028475
v 73.609291 -1.500000 -0.400000
v 78.329292 3.930001 -0.250000
v 73.609291 -1.500000 0.400000
v 78.329292 3.930001 0.250000
v 79.167244 3.930001 -0.250000
v 77.037254 -1.760000 0.400000
v 77.037254 -1.760000 -0.400000
v 79.167244 3.930001 0.250000
v 29.000004 -1.610454 -1.077364
v 29.000004 -1.898771 -1.115594
v 29.000004 -2.187158 -1.077899
v 29.000004 -2.455962 -0.966848
v 29.000004 -2.686865 -0.790010
v 29.000004 -2.864131 -0.559435
v 29.000004 -2.975679 -0.290837
v 29.000004 -3.013909 -0.002521
v 29.000004 -2.976214 0.285866
v 29.000004 -2.865163 0.554670
v 29.000004 -2.688325 0.785573
v 29.000004 -2.457750 0.962839
v 29.000004 -2.189152 1.074388
v 29.000004 -1.900836 1.112617
v 29.000004 -1.612449 1.074922
v 29.000004 -1.343645 0.963871
v 29.000004 -1.112742 0.787033
v 29.000004 -0.935476 0.556458
v 29.000004 -0.823928 0.287861
v 29.000004 -0.785698 -0.000456
v 29.000004 -0.823393 -0.288843
v 29.000004 -0.934444 -0.557647
v 29.000004 -1.111282 -0.788550
v 29.000004 -1.341857 -0.965816
v 27.000004 -1.555363 -1.282211
v 27.000004 -1.898575 -1.327720
v 27.000004 -2.241871 -1.282847
v 27.000004 -2.561855 -1.150653
v 27.000004 -2.836722 -0.940144
v 27.000004 -3.047740 -0.665668
v 27.000004 -3.180527 -0.345929
v 27.000004 -3.226036 -0.002717
v 27.000004 -3.181163 0.340579
v 27.000004 -3.048969 0.660563
v 27.000004 -2.838460 0.935430
v 27.000004 -2.563984 1.146447
v 27.000004 -2.244245 1.279235
v 27.000004 -1.901033 1.324743
v 27.000004 -1.557737 1.279871
v 27.000004 -1.237753 1.147676
v 27.000004 -0.962886 0.937168
v 27.000004 -0.751868 0.662692
v 27.000004 -0.619081 0.342953
v 27.000004 -0.573573 -0.000259
v 27.000004 -0.618445 -0.343555
v 27.000004 -0.750639 -0.663540
v 27.000004 -0.961148 -0.938406
v 27.000004 -1.235624 -1.149424
v 26.880337 -1.578357 -1.731891
v 26.880337 -1.898161 -1.774296
v 26.880337 -2.218043 -1.732484
v 27.000004 -2.689595 -1.372377
v 26.880337 -3.237654 -1.145071
v 26.880337 -3.434279 -0.889315
v 26.880337 -3.558010 -0.591383
v 27.000004 -3.481924 -0.002954
v 26.880337 -3.559100 0.585332
v 26.880337 -3.435922 0.883493
v 26.880337 -3.239771 1.139613
v 27.000004 -2.692134 1.367934
v 26.880337 -2.221251 1.728914
v 26.880337 -1.901447 1.771319
v 26.880337 -1.581565 1.729507
v 27.000004 -1.110014 1.369401
v 26.880337 -0.561955 1.142094
v 26.880337 -0.365329 0.886338
v 26.880337 -0.241598 0.588406
v 27.000004 -0.317685 -0.000022
v 26.880337 -0.240508 -0.588309
v 26.880337 -0.363687 -0.886469
v 26.880337 -0.559837 -1.142589
v 27.000004 -1.107475 -1.370911
v 25.008430 -1.578358 -1.731891
v 25.008430 -1.898162 -1.774295
v 25.008430 -2.218043 -1.732484
v 25.008430 -2.689595 -1.372377
v 25.008430 -3.237654 -1.145070
v 25.008430 -3.434279 -0.889315
v 25.008430 -3.558010 -0.591383
v 25.008430 -3.481924 -0.002954
v 25.008430 -3.559101 0.585332
v 25.008430 -3.435922 0.883493
v 25.008430 -3.239771 1.139613
v 25.008430 -2.692134 1.367934
v 25.008430 -2.221251 1.728915
v 25.008430 -1.901447 1.771319
v 25.008430 -1.581565 1.729508
v 25.008430 -1.110015 1.369401
v 25.008430 -0.561955 1.142094
v 25.008430 -0.365330 0.886338
v 25.008430 -0.241599 0.588407
v 25.008430 -0.317685 -0.000022
v 25.008430 -0.240508 -0.588309
v 25.008430 -0.363687 -0.886469
v 25.008430 -0.559838 -1.142589
v 25.008430 -1.107475 -1.370911
v 27.000004 -1.488905 -1.529319
v 27.000004 -1.898338 -1.583608
v 27.000004 -2.307870 -1.530078
v 27.000004 -3.017495 -1.121252
v 27.000004 -3.269227 -0.793818
v 27.000004 -3.427635 -0.412387
v 27.000004 -3.428393 0.406578
v 27.000004 -3.270693 0.788302
v 27.000004 -3.019568 1.116202
v 27.000004 -2.310703 1.526342
v 27.000004 -1.901270 1.580631
v 27.000004 -1.491737 1.527101
v 27.000004 -0.782114 1.118276
v 27.000004 -0.530382 0.790841
v 27.000004 -0.371974 0.409411
v 27.000004 -0.371215 -0.409555
v 27.000004 -0.528915 -0.791278
v 27.000004 -0.780040 -1.119179
v 25.008430 -1.488906 -1.529318
v 25.008430 -1.898338 -1.583607
v 25.008430 -2.307871 -1.530078
v 25.008430 -3.017495 -1.121252
v 25.008430 -3.269227 -0.793818
v 25.008430 -3.427635 -0.412387
v 25.008430 -3.428394 0.406578
v 25.008430 -3.270693 0.788302
v 25.008430 -3.019568 1.116202
v 25.008430 -2.310703 1.526342
v 25.008430 -1.901271 1.580631
v 25.008430 -1.491738 1.527101
v 25.008430 -0.782114 1.118276
v 25.008430 -0.530382 0.790841
v 25.008430 -0.371974 0.409411
v 25.008430 -0.371215 -0.409555
v 25.008430 -0.528916 -0.791278
v 25.008430 -0.780040 -1.119179
v 78.000000 1.855531 0.564765
v 78.000000 1.927009 0.493632
v 78.131302 1.939940 0.493632
v 78.145248 1.869836 0.564765
v 78.257545 1.978237 0.493632
v 78.284897 1.912201 0.564765
v 78.373901 2.040428 0.493632
v 78.413605 1.980997 0.564765
v 78.475883 2.124123 0.493632
v 78.526428 2.073581 0.564765
v 78.559570 2.226106 0.493632
v 78.618996 2.186396 0.564765
v 78.621765 2.342458 0.493632
v 78.687813 2.315104 0.564765
v 78.660065 2.468706 0.493632
v 78.730164 2.454762 0.564765
v 78.672997 2.600001 0.493632
v 78.744476 2.600001 0.564765
v 78.660065 2.731294 0.493632
v 78.730164 2.745238 0.564764
v 78.621765 2.857543 0.493632
v 78.687813 2.884895 0.564764
v 78.559570 2.973895 0.493632
v 78.618996 3.013605 0.564765
v 78.475883 3.075877 0.493632
v 78.526428 3.126420 0.564765
v 78.373901 3.159571 0.493632
v 78.413605 3.219002 0.564765
v 78.257545 3.221763 0.493632
v 78.284897 3.287799 0.564765
v 78.131302 3.260061 0.493632
v 78.145248 3.330164 0.564765
v 78.000000 3.272993 0.493632
v 78.000000 3.344469 0.564765
v 77.868706 3.260061 0.493632
v 77.854759 3.330164 0.564764
v 77.742462 3.221763 0.493632
v 77.715111 3.287799 0.564765
v 77.626106 3.159571 0.493632
v 77.586403 3.219002 0.564764
v 77.524124 3.075877 0.493632
v 77.473587 3.126420 0.564764
v 77.440430 2.973895 0.493632
v 77.381004 3.013605 0.564765
v 77.378242 2.857543 0.493632
v 77.312202 2.884896 0.564765
v 77.339943 2.731294 0.493632
v 77.269844 2.745238 0.564765
v 77.327011 2.600000 0.493632
v 77.255531 2.600000 0.564765
v 77.339943 2.468706 0.493632
v 77.269844 2.454762 0.564765
v 77.378242 2.342457 0.493632
v 77.312202 2.315104 0.564765
v 77.440430 2.226106 0.493632
v 77.381004 2.186395 0.564765
v 77.524124 2.124124 0.493632
v 77.473587 2.073582 0.564765
v 77.626106 2.040429 0.493632
v 77.586403 1.980998 0.564765
v 77.742462 1.978237 0.493632
v 77.715111 1.912201 0.564765
v 77.868706 1.939940 0.493632
v 77.854759 1.869836 0.564765
v 78.000000 1.927009 1.593632
v 78.000000 1.855531 1.522499
v 78.145248 1.869836 1.522499
v 78.131302 1.939940 1.593632
v 78.284897 1.912201 1.522499
v 78.257545 1.978236 1.593632
v 78.413605 1.980997 1.522499
v 78.373901 2.040431 1.593632
v 78.526428 2.073581 1.522499
v 78.475883 2.124116 1.593632
v 78.618996 2.186396 1.522499
v 78.559570 2.226109 1.593632
v 78.687813 2.315104 1.522499
v 78.621773 2.342462 1.593632
v 78.730164 2.454762 1.522499
v 78.660065 2.468707 1.593632
v 78.744476 2.600001 1.522499
v 78.672997 2.600001 1.593632
v 78.730164 2.745238 1.522499
v 78.660065 2.731294 1.593632
v 78.687813 2.884895 1.522499
v 78.621773 2.857538 1.593632
v 78.618996 3.013605 1.522499
v 78.559570 2.973892 1.593632
v 78.526428 3.126420 1.522499
v 78.475883 3.075883 1.593632
v 78.413605 3.219002 1.522499
v 78.373901 3.159569 1.593632
v 78.284897 3.287799 1.522499
v 78.257545 3.221763 1.593632
v 78.145248 3.330164 1.522499
v 78.131302 3.260061 1.593632
v 78.000000 3.344469 1.522499
v 78.000000 3.272993 1.593632
v 77.854759 3.330164 1.522499
v 77.868706 3.260061 1.593632
v 77.715111 3.287799 1.522499
v 77.742462 3.221762 1.593632
v 77.586403 3.219002 1.522499
v 77.626106 3.159571 1.593632
v 77.473587 3.126420 1.522499
v 77.524124 3.075877 1.593632
v 77.381004 3.013605 1.522499
v 77.440430 2.973895 1.593632
v 77.312202 2.884896 1.522499
v 77.378242 2.857545 1.593632
v 77.269844 2.745238 1.522499
v 77.339943 2.731301 1.593632
v 77.255531 2.600000 1.522499
v 77.327011 2.600000 1.593632
v 77.269844 2.454762 1.522499
v 77.339943 2.468699 1.593632
v 77.312202 2.315104 1.522499
v 77.378242 2.342455 1.593632
v 77.381004 2.186395 1.522499
v 77.440430 2.226107 1.593632
v 77.473587 2.073582 1.522499
v 77.524124 2.124124 1.593632
v 77.586403 1.980998 1.522499
v 77.626106 2.040428 1.593632
v 77.715111 1.912201 1.522499
v 77.742462 1.978238 1.593632
v 77.854759 1.869836 1.522499
v 77.868706 1.939939 1.593632
vn -0.7014 0.7128 -0.0000
vn -0.6879 0.7128 -0.1368
vn -0.6480 0.7128 -0.2684
vn -0.5832 0.7128 -0.3897
vn -0.5435 0.7111 -0.4460
vn -0.8121 0.5836 -0.0000
vn -1.0000 -0.0000 -0.0000
vn -0.0000 1.0000 -0.0000
vn 0.5435 0.7111 -0.4460
vn 0.5832 0.7128 -0.3897
vn 0.6480 0.7128 -0.2684
vn 0.6879 0.7128 -0.1368
vn 0.7014 0.7128 -0.0000
vn -0.9808 -0.0000 -0.1951
vn -0.9239 -0.0000 -0.3827
vn -0.8315 -0.0000 -0.5556
vn -0.7730 -0.0000 -0.6344
vn 0.7730 -0.0000 -0.6344
vn 0.8315 -0.0000 -0.5556
vn 0.9239 -0.0000 -0.3827
vn 0.9808 -0.0000 -0.1951
vn 1.0000 -0.0000 -0.0000
vn 0.8121 0.5836 -0.0000
vn -0.0000 -1.0000 -0.0000
vn -0.0000 -0.0000 1.0000
vn -0.0000 -0.0000 -1.0000
vn 0.7071 -0.0000 0.7071
vn -0.0000 0.7071 0.7071
vn 0.5000 0.7071 0.5000
vn 0.7071 0.7071 -0.0000
vn -0.1336 0.7024 0.6991
vn -0.1334 0.7024 0.6991
vn -0.7072 -0.0000 0.7070
vn -0.0000 0.7072 0.7070
vn -0.0000 -0.7072 0.7070
vn 0.7072 -0.0000 0.7070
vn 0.5119 0.4627 0.7238
vn -0.0000 0.7073 0.7070
vn -0.0000 -0.7073 0.7070
vn 0.7073 -0.0000 0.7070
vn -0.7073 -0.0000 0.7069
vn -0.3990 -0.9159 0.0439
vn -0.9765 0.0011 0.2154
vn -0.9765 0.0009 0.2153
vn -0.9766 0.0004 0.2151
vn -0.9766 -0.0000 0.2149
vn -0.2472 0.6882 0.6821
vn 0.1542 -0.9880 -0.0000
vn 0.1138 -0.0000 -0.9935
vn -0.1138 -0.0000 0.9935
vn -0.1534 -0.9882 -0.0000
vn -0.1883 0.9821 -0.0000
vn 0.1653 0.9863 -0.0000
vn 0.3260 0.9454 -0.0000
vn -0.3699 0.9291 -0.0000
vn -0.6860 -0.7147 0.1364
vn -0.6994 -0.7147 -0.0000
vn -0.9239 -0.0000 0.3827
vn -0.9808 -0.0000 0.1951
vn 0.6994 -0.7147 -0.0000
vn 0.6860 -0.7147 0.1364
vn 0.6462 -0.7147 0.2676
vn 0.5815 -0.7147 0.3886
vn 0.4946 -0.7147 0.4946
vn 0.3886 -0.7147 0.5815
vn 0.2677 -0.7147 0.6462
vn 0.1364 -0.7147 0.6860
vn -0.0000 -0.7147 0.6994
vn -0.1364 -0.7147 0.6860
vn -0.2677 -0.7147 0.6462
vn -0.3886 -0.7147 0.5815
vn -0.4946 -0.7147 0.4946
vn -0.5815 -0.7147 0.3886
vn -0.6462 -0.7147 0.2677
vn 0.6919 0.7088 0.1376
vn 0.7054 0.7088 -0.0000
vn 0.6517 0.7088 0.2699
vn 0.5865 0.7088 0.3919
vn 0.4988 0.7088 0.4988
vn 0.3919 0.7088 0.5865
vn 0.2699 0.7088 0.6517
vn 0.1376 0.7088 0.6918
vn -0.0000 0.7088 0.7054
vn -0.1376 0.7088 0.6918
vn -0.2699 0.7088 0.6517
vn -0.3919 0.7088 0.5865
vn -0.4988 0.7088 0.4988
vn -0.5865 0.7088 0.3919
vn -0.6517 0.7088 0.2699
vn -0.6918 0.7088 0.1376
vn -0.7054 0.7088 -0.0000
vn 0.9808 -0.0000 0.1951
vn 0.9239 -0.0000 0.3827
vn 0.8315 -0.0000 0.5556
vn 0.5556 -0.0000 0.8315
vn 0.3827 -0.0000 0.9239
vn 0.1951 -0.0000 0.9808
vn -0.1951 -0.0000 0.9808
vn -0.3827 -0.0000 0.9239
vn -0.5556 -0.0000 0.8315
vn -0.7071 -0.0000 0.7071
vn -0.8315 -0.0000 0.5556
vn -0.5034 0.8582 0.1001
vn -0.5133 0.8582 -0.0000
vn 0.5133 0.8582 -0.0000
vn 0.5034 0.8582 0.1001
vn 0.4742 0.8582 0.1964
vn 0.4268 0.8582 0.2852
vn 0.3629 0.8582 0.3629
vn 0.2852 0.8582 0.4268
vn 0.1964 0.8582 0.4742
vn 0.1001 0.8582 0.5034
vn -0.0000 0.8582 0.5133
vn -0.1001 0.8582 0.5034
vn -0.1964 0.8582 0.4742
vn -0.2852 0.8582 0.4268
vn -0.3629 0.8582 0.3630
vn -0.4268 0.8582 0.2852
vn -0.4742 0.8582 0.1964
vn 0.7054 -0.7088 -0.0000
vn 0.6918 -0.7088 0.1376
vn 0.6918 0.7088 0.1376
vn 0.6517 -0.7088 0.2699
vn 0.5865 -0.7088 0.3919
vn 0.4988 -0.7088 0.4988
vn 0.3919 -0.7088 0.5865
vn 0.2699 -0.7088 0.6517
vn 0.1376 -0.7088 0.6918
vn -0.0000 -0.7088 0.7054
vn -0.1376 -0.7088 0.6918
vn -0.2699 -0.7088 0.6517
vn -0.3919 -0.7088 0.5865
vn -0.4988 -0.7088 0.4988
vn -0.5865 -0.7088 0.3919
vn -0.6517 -0.7088 0.2699
vn -0.6918 -0.7088 0.1376
vn -0.7054 -0.7088 -0.0000
vn -0.0000 -0.0974 0.9952
vn -0.0000 -0.1222 0.9925
vn -0.0000 -0.2425 0.9701
vn -0.0074 -0.1758 0.9844
vn -0.0109 -0.1694 0.9855
vn -0.0300 -0.4638 0.8854
vn -0.0152 -0.3566 0.9341
vn -0.0000 0.9487 0.3162
vn 0.0404 0.1213 -0.9918
vn 0.0405 0.1216 -0.9917
vn 0.0001 0.7663 0.6425
vn -0.0000 0.8045 0.5939
vn -0.0001 0.7663 0.6425
vn 0.9423 0.1238 0.3110
vn 0.9235 0.2369 0.3019
vn 0.8750 0.3936 0.2818
vn -0.9286 0.2135 0.3034
vn -0.9432 0.1170 0.3110
vn -0.8899 0.3550 0.2865
vn -0.8750 0.3936 0.2818
vn -0.9235 0.2369 0.3019
vn -0.9423 0.1238 0.3110
vn 0.9432 0.1170 0.3110
vn 0.9286 0.2135 0.3034
vn 0.8899 0.3550 0.2865
vn 0.9871 -0.1601 -0.0000
vn -0.9487 -0.0000 0.3162
vn 0.9487 -0.0000 0.3162
vn 0.3162 0.9487 -0.0000
vn -0.3219 0.5285 -0.7855
vn 0.9488 -0.3160 -0.0000
vn 0.9486 -0.3164 -0.0000
vn 0.9482 -0.3177 -0.0008
vn 0.9481 -0.3179 -0.0009
vn 0.9482 -0.3177 -0.0009
vn 0.9482 -0.3175 -0.0008
vn 0.9481 -0.3180 -0.0000
vn 0.9482 -0.3178 -0.0000
vn 0.9474 -0.3200 -0.0000
vn -0.3162 -0.9487 -0.0000
vn 0.0803 0.2410 -0.9672
vn -0.8361 -0.5485 -0.0000
vn -0.8364 -0.5481 -0.0008
vn -0.8358 -0.5490 -0.0015
vn -0.8351 -0.5502 -0.0006
vn -0.8361 -0.5486 -0.0015
vn -0.8349 -0.5504 -0.0000
vn -0.8359 -0.5489 -0.0000
vn -0.8357 -0.5492 -0.0000
vn -0.8350 -0.5503 -0.0000
vn -0.8364 -0.5481 -0.0000
vn -0.5325 0.8464 -0.0000
vn 0.5079 -0.8614 -0.0000
vn 0.0059 -1.0000 -0.0000
vn 0.0991 -0.9933 0.0591
vn -0.0377 -0.9925 0.1161
vn 0.6976 -0.4757 0.5358
vn 0.6740 -0.5530 0.4897
vn 0.7433 -0.5227 0.4174
vn -0.1220 -0.9925 -0.0000
vn -0.3512 -0.9307 0.1026
vn -0.2782 -0.9556 0.0966
vn -0.1788 -0.9742 0.1373
vn -0.2764 -0.4472 0.8506
vn -0.1587 -0.4776 0.8641
vn -0.2198 -0.3556 0.9084
vn -0.8971 -0.4419 -0.0000
vn -0.8709 -0.4776 0.1161
vn -0.9328 -0.3556 0.0591
vn -0.5162 -0.6005 0.6106
vn -0.2439 -0.6143 0.7504
vn -0.4629 -0.5864 0.6647
vn -0.3562 -0.3556 0.8641
vn -0.8706 0.1082 0.4800
vn -0.8582 0.1511 0.4906
vn -0.8437 0.1753 0.5074
vn -0.7236 0.4472 0.5257
vn -0.6363 0.4776 0.6058
vn -0.6740 0.5530 0.4897
vn -0.2126 0.9771 -0.0000
vn -0.2048 0.9674 0.1488
vn -0.0991 0.9933 0.0591
vn -0.3271 0.9433 0.0559
vn -0.3161 0.9205 0.2297
vn -0.4507 0.8927 -0.0000
vn -0.4436 0.8821 0.1584
vn -0.4253 0.8507 0.3090
vn -0.5682 0.8211 0.0544
vn -0.5527 0.7988 0.2376
vn -0.5247 0.7612 0.3812
vn -0.6784 0.7347 -0.0000
vn -0.6702 0.7247 0.1604
vn -0.6457 0.6981 0.3093
vn -0.6084 0.6591 0.4420
vn -0.7718 0.6334 0.0553
vn -0.7521 0.6168 0.2320
vn -0.7186 0.5891 0.3696
vn -0.8506 0.5257 -0.0000
vn -0.8408 0.5197 0.1515
vn -0.8133 0.5026 0.2932
vn -0.7728 0.4776 0.4180
vn -0.0135 0.9911 0.1325
vn -0.0497 0.9988 -0.0000
vn -0.0648 0.9777 0.1996
vn -0.1744 0.9421 0.2865
vn -0.2878 0.8821 0.3730
vn -0.3968 0.7988 0.4522
vn -0.4937 0.6981 0.5185
vn -0.5736 0.5891 0.5692
vn 0.0243 0.9659 0.2579
vn -0.0273 0.9421 0.3343
vn 0.0648 0.9189 0.3891
vn -0.1389 0.8934 0.4274
vn 0.0136 0.8821 0.4709
vn 0.1057 0.8492 0.5174
vn -0.2525 0.8196 0.5142
vn -0.0980 0.8196 0.5645
vn 0.0552 0.7988 0.5991
vn 0.1443 0.7598 0.6339
vn -0.3597 0.7247 0.5878
vn -0.2098 0.7342 0.6457
vn -0.0545 0.7247 0.6869
vn 0.0947 0.6981 0.7097
vn 0.1782 0.6581 0.7316
vn -0.4531 0.6168 0.6436
vn -0.3135 0.6322 0.7085
vn -0.1628 0.6322 0.7575
vn -0.0118 0.6168 0.7870
vn 0.1295 0.5891 0.7976
vn 0.2059 0.5522 0.8079
vn -0.5302 0.5026 0.6828
vn -0.4040 0.5197 0.7528
vn -0.2629 0.5257 0.8090
vn -0.1157 0.5197 0.8465
vn 0.0275 0.5026 0.8641
vn 0.1587 0.4776 0.8641
vn 0.2418 0.4358 0.8669
vn -0.8945 0.2768 0.3512
vn -0.9065 0.2477 0.3419
vn -0.9245 0.2160 0.3140
vn -0.8552 0.3393 0.3917
vn -0.8758 0.3055 0.3737
vn -0.8174 0.3692 0.4422
vn -0.8364 0.3581 0.4150
vn -0.7930 0.3599 0.4915
vn -0.8022 0.3715 0.4675
vn -0.7905 0.3154 0.5250
vn -0.7875 0.3421 0.5127
vn -0.8099 0.2485 0.5314
vn -0.7984 0.2820 0.5321
vn -0.8292 0.2124 0.5169
vn -0.9117 0.4071 0.0553
vn -0.9885 0.1410 0.0544
vn -0.9479 0.2753 0.1604
vn -0.9605 0.2782 -0.0000
vn -0.8881 0.3969 0.2320
vn -0.9900 -0.1293 0.0560
vn -0.9874 0.0023 0.1584
vn -1.0000 0.0039 -0.0000
vn -0.9616 0.1371 0.2377
vn -0.9132 0.2653 0.3093
vn -0.8483 0.3793 0.3696
vn -0.9569 -0.2494 0.1488
vn -0.9691 -0.2468 -0.0000
vn -0.9647 -0.1289 0.2297
vn -0.9511 -0.0000 0.3090
vn -0.9155 0.1289 0.3812
vn -0.8616 0.2494 0.4420
vn -0.7961 0.3556 0.4897
vn -0.7118 0.3556 0.6058
vn -0.6867 0.2494 0.6829
vn -0.6137 0.3793 0.6925
vn -0.6455 0.1289 0.7528
vn -0.5764 0.2653 0.7729
vn -0.5878 -0.0000 0.8090
vn -0.5232 0.1371 0.8411
vn -0.5165 -0.1289 0.8465
vn -0.4558 0.0023 0.8901
vn -0.4372 -0.2494 0.8641
vn -0.3790 -0.1294 0.9163
vn -0.2992 -0.2496 0.9210
vn -0.4951 0.3969 0.7729
vn -0.4455 0.2753 0.8519
vn -0.3566 0.4066 0.8411
vn -0.3822 0.1407 0.9133
vn -0.2968 0.2789 0.9133
vn -0.2059 0.4066 0.8901
vn -0.3090 0.0024 0.9511
vn -0.2276 0.1407 0.9635
vn -0.1403 0.2753 0.9511
vn -0.0538 0.3969 0.9163
vn -0.2319 -0.1294 0.9641
vn -0.1544 0.0023 0.9880
vn -0.0711 0.1371 0.9880
vn 0.0120 0.2653 0.9641
vn 0.0894 0.3793 0.9210
vn -0.1541 -0.2494 0.9560
vn -0.0797 -0.1289 0.9884
vn 0.0797 0.1289 0.9884
vn 0.1541 0.2494 0.9560
vn 0.2198 0.3556 0.9084
vn -0.5450 -0.4221 0.7244
vn -0.5673 -0.4306 0.7020
vn -0.6035 -0.4260 0.6740
vn -0.4767 -0.4178 0.7735
vn -0.5114 -0.4233 0.7479
vn -0.4143 -0.4370 0.7984
vn -0.2233 -0.2832 0.9327
vn -0.3748 -0.4764 0.7954
vn -0.1919 -0.3645 0.9112
vn -0.3707 -0.5241 0.7667
vn -0.1790 -0.4480 0.8759
vn -0.4032 -0.5647 0.7201
vn -0.1879 -0.5236 0.8310
vn -0.2153 -0.5832 0.7833
vn -0.7834 0.2496 0.5692
vn -0.8452 0.1294 0.5185
vn -0.8919 -0.0023 0.4522
vn -0.9177 -0.1371 0.3730
vn -0.9206 -0.2653 0.2865
vn -0.9035 -0.3793 0.1996
vn -0.7543 0.1294 0.6436
vn -0.8090 -0.0024 0.5878
vn -0.7057 -0.0023 0.7085
vn -0.8460 -0.1407 0.5142
vn -0.7505 -0.1407 0.6457
vn -0.6383 -0.1371 0.7575
vn -0.8611 -0.2753 0.4274
vn -0.7769 -0.2789 0.5645
vn -0.6725 -0.2753 0.6869
vn -0.5570 -0.2653 0.7870
vn -0.8548 -0.3969 0.3343
vn -0.7829 -0.4066 0.4709
vn -0.6898 -0.4066 0.5991
vn -0.5821 -0.3969 0.7097
vn -0.4690 -0.3793 0.7976
vn -0.8303 -0.5026 0.2408
vn -0.7693 -0.5197 0.3716
vn -0.6882 -0.5257 0.5000
vn -0.5912 -0.5197 0.6168
vn -0.4856 -0.5026 0.7152
vn -0.3795 -0.4776 0.7924
vn 0.3186 0.3268 0.8898
vn 0.2992 0.2496 0.9210
vn 0.2319 0.1294 0.9641
vn 0.1544 -0.0023 0.9880
vn 0.0711 -0.1371 0.9880
vn -0.0120 -0.2653 0.9641
vn -0.0894 -0.3793 0.9210
vn 0.3976 0.2193 0.8910
vn 0.3790 0.1294 0.9163
vn 0.4753 0.0979 0.8743
vn 0.3090 -0.0024 0.9511
vn 0.4558 -0.0023 0.8901
vn 0.5459 -0.0312 0.8373
vn 0.2276 -0.1407 0.9635
vn 0.3822 -0.1407 0.9133
vn 0.5232 -0.1371 0.8411
vn 0.6040 -0.1595 0.7808
vn 0.1403 -0.2753 0.9511
vn 0.2968 -0.2789 0.9133
vn 0.4455 -0.2753 0.8519
vn 0.5764 -0.2653 0.7729
vn 0.6466 -0.2788 0.7101
vn 0.0538 -0.3969 0.9163
vn 0.2059 -0.4066 0.8901
vn 0.3566 -0.4066 0.8411
vn 0.4951 -0.3969 0.7729
vn 0.6137 -0.3793 0.6925
vn 0.6737 -0.3834 0.6318
vn -0.0275 -0.5026 0.8641
vn 0.1157 -0.5197 0.8465
vn 0.2629 -0.5257 0.8090
vn 0.4040 -0.5197 0.7528
vn 0.5302 -0.5026 0.6828
vn 0.6363 -0.4776 0.6058
vn -0.0000 -0.5654 0.8248
vn -0.0000 -0.4874 0.8732
vn -0.0000 0.7003 0.7138
vn -0.0000 0.5938 0.8046
vn -0.0000 0.5893 0.8079
vn -0.0000 0.6942 0.7198
vn -0.0000 -0.6002 0.7999
vn -0.1158 -0.9846 0.1312
vn -0.1973 -0.9765 0.0864
vn -0.0761 -0.9938 0.0816
vn -0.1191 -0.9919 0.0453
vn -0.0471 -0.9989 -0.0000
vn -0.1002 -0.9950 -0.0000
vn -0.8332 -0.5530 -0.0000
vn -0.7520 -0.6591 -0.0000
vn -0.7986 -0.5891 0.1233
vn -0.6486 -0.7611 -0.0000
vn -0.7042 -0.6981 0.1293
vn -0.5257 -0.8507 -0.0000
vn -0.5868 -0.7988 0.1326
vn -0.3907 -0.9205 -0.0000
vn -0.4520 -0.8821 0.1326
vn -0.2532 -0.9674 -0.0000
vn -0.3095 -0.9421 0.1293
vn -0.1698 -0.9777 0.1233
vn -0.7449 -0.6168 0.2544
vn -0.6365 -0.7247 0.2641
vn -0.6701 -0.6322 0.3889
vn -0.5066 -0.8196 0.2676
vn -0.5493 -0.7342 0.3991
vn -0.5770 -0.6322 0.5171
vn -0.3635 -0.8934 0.2641
vn -0.4110 -0.8196 0.3991
vn -0.4479 -0.7247 0.5237
vn -0.4721 -0.6168 0.6298
vn -0.2186 -0.9421 0.2544
vn -0.2658 -0.8821 0.3889
vn -0.3074 -0.7988 0.5171
vn -0.3406 -0.6981 0.6298
vn -0.3641 -0.5891 0.7214
vn -0.0782 -0.9674 0.2408
vn -0.1207 -0.9205 0.3716
vn -0.1625 -0.8507 0.5000
vn -0.2004 -0.7612 0.6168
vn -0.2324 -0.6591 0.7152
vn -0.2575 -0.5530 0.7924
vn 0.8086 -0.5686 0.1513
vn 0.7718 -0.6334 0.0553
vn 0.8087 -0.5882 -0.0000
vn 0.7822 -0.5500 0.2927
vn 0.7521 -0.6168 0.2320
vn 0.7186 -0.5891 0.3696
vn 0.6702 -0.7247 0.1604
vn 0.6784 -0.7347 -0.0000
vn 0.5682 -0.8211 0.0544
vn 0.6457 -0.6981 0.3093
vn 0.5527 -0.7988 0.2377
vn 0.4436 -0.8821 0.1584
vn 0.4507 -0.8927 -0.0000
vn 0.3271 -0.9433 0.0560
vn 0.6084 -0.6591 0.4420
vn 0.5247 -0.7612 0.3812
vn 0.4253 -0.8507 0.3090
vn 0.3161 -0.9205 0.2297
vn 0.2049 -0.9674 0.1488
vn 0.2126 -0.9771 -0.0000
vn -0.1295 -0.5891 0.7976
vn -0.0947 -0.6981 0.7097
vn -0.0552 -0.7988 0.5991
vn -0.0136 -0.8821 0.4709
vn 0.0273 -0.9421 0.3343
vn 0.0648 -0.9777 0.1996
vn 0.0118 -0.6168 0.7870
vn 0.0545 -0.7247 0.6869
vn 0.1628 -0.6322 0.7575
vn 0.0980 -0.8196 0.5645
vn 0.2098 -0.7342 0.6457
vn 0.3135 -0.6322 0.7085
vn 0.1389 -0.8934 0.4274
vn 0.2525 -0.8196 0.5142
vn 0.3597 -0.7247 0.5878
vn 0.4531 -0.6168 0.6436
vn 0.1744 -0.9421 0.2865
vn 0.2878 -0.8821 0.3730
vn 0.3968 -0.7988 0.4522
vn 0.4937 -0.6981 0.5185
vn 0.5736 -0.5891 0.5692
vn -0.0000 0.8009 0.5988
vn -0.0000 0.7938 0.6082
vn -0.0000 -0.3933 0.9194
vn -0.0000 0.8859 0.4639
vn -0.0000 0.8791 0.4766
vn -0.0000 -0.2823 0.9593
vn -0.0000 0.9481 0.3180
vn -0.0000 0.9429 0.3331
vn -0.0000 -0.9962 0.0868
vn -0.0000 -0.1554 0.9879
vn -0.0000 -0.9868 0.1619
vn -0.0000 0.9851 0.1723
vn -0.0000 0.9821 0.1883
vn -0.0000 -0.9811 0.1934
vn -0.0000 0.0143 0.9999
vn -0.0000 -0.0167 0.9999
vn -0.0000 0.3879 0.9217
vn -0.0000 0.3051 0.9523
vn -0.8660 -0.0000 0.5000
vn 0.8660 -0.0000 0.5000
vn -0.9659 -0.0000 0.2588
vn 0.5000 -0.0000 0.8660
vn 0.2588 -0.0000 0.9659
vn -0.2588 -0.0000 0.9659
vn -0.5000 -0.0000 0.8660
vn 0.9659 -0.0000 0.2588
vn 0.6801 0.7101 0.1822
vn 0.7041 0.7101 -0.0000
vn 0.6097 0.7101 0.3520
vn 0.4978 0.7101 0.4979
vn 0.3520 0.7101 0.6097
vn 0.1822 0.7101 0.6801
vn -0.0000 0.7101 0.7041
vn -0.1822 0.7101 0.6801
vn -0.3520 0.7101 0.6097
vn -0.4978 0.7101 0.4978
vn -0.4978 0.7101 0.4979
vn -0.6097 0.7101 0.3520
vn -0.6801 0.7101 0.1822
vn -0.7041 0.7101 -0.0000
vn -0.6879 0.7128 0.1368
vn -0.6480 0.7128 0.2684
vn -0.5832 0.7128 0.3897
vn -0.5435 0.7111 0.4460
vn 0.5435 0.7111 0.4460
vn 0.5832 0.7128 0.3897
vn 0.6480 0.7128 0.2684
vn 0.6879 0.7128 0.1368
vn -0.7730 -0.0000 0.6344
vn 0.7730 -0.0000 0.6344
vn 0.7071 -0.0000 -0.7071
vn -0.0000 0.7071 -0.7071
vn 0.5000 0.7071 -0.5000
vn -0.1334 0.7024 -0.6991
vn -0.1336 0.7024 -0.6991
vn -0.7072 -0.0000 -0.7070
vn -0.0000 0.7072 -0.7070
vn -0.0000 -0.7072 -0.7070
vn 0.7072 -0.0000 -0.7070
vn 0.5119 0.4627 -0.7238
vn -0.0000 0.7073 -0.7070
vn -0.0000 -0.7073 -0.7070
vn 0.7073 -0.0000 -0.7070
vn -0.7073 -0.0000 -0.7069
vn -0.3990 -0.9159 -0.0439
vn -0.9765 0.0011 -0.2154
vn -0.9766 0.0004 -0.2151
vn -0.9765 0.0009 -0.2153
vn -0.9766 -0.0000 -0.2149
vn -0.2472 0.6882 -0.6821
vn 0.1138 -0.0000 0.9935
vn -0.1138 -0.0000 -0.9935
vn -0.6860 -0.7147 -0.1364
vn 0.6860 -0.7147 -0.1364
vn 0.6462 -0.7147 -0.2676
vn 0.5815 -0.7147 -0.3886
vn 0.4946 -0.7147 -0.4946
vn 0.3886 -0.7147 -0.5815
vn 0.2677 -0.7147 -0.6462
vn 0.1364 -0.7147 -0.6860
vn -0.0000 -0.7147 -0.6994
vn -0.1364 -0.7147 -0.6860
vn -0.2677 -0.7147 -0.6462
vn -0.3886 -0.7147 -0.5815
vn -0.4946 -0.7147 -0.4946
vn -0.5815 -0.7147 -0.3886
vn -0.6462 -0.7147 -0.2677
vn 0.6919 0.7088 -0.1376
vn 0.6517 0.7088 -0.2699
vn 0.5865 0.7088 -0.3919
vn 0.4988 0.7088 -0.4988
vn 0.3919 0.7088 -0.5865
vn 0.2699 0.7088 -0.6517
vn 0.1376 0.7088 -0.6918
vn -0.0000 0.7088 -0.7054
vn -0.1376 0.7088 -0.6918
vn -0.2699 0.7088 -0.6517
vn -0.3919 0.7088 -0.5865
vn -0.4988 0.7088 -0.4988
vn -0.5865 0.7088 -0.3919
vn -0.6517 0.7088 -0.2699
vn -0.6918 0.7088 -0.1376
vn 0.5556 -0.0000 -0.8315
vn 0.3827 -0.0000 -0.9239
vn 0.1951 -0.0000 -0.9808
vn -0.1951 -0.0000 -0.9808
vn -0.3827 -0.0000 -0.9239
vn -0.5556 -0.0000 -0.8315
vn -0.7071 -0.0000 -0.7071
vn -0.5034 0.8582 -0.1001
vn 0.5034 0.8582 -0.1001
vn 0.4742 0.8582 -0.1964
vn 0.4268 0.8582 -0.2852
vn 0.3629 0.8582 -0.3629
vn 0.2852 0.8582 -0.4268
vn 0.1964 0.8582 -0.4742
vn 0.1001 0.8582 -0.5034
vn -0.0000 0.8582 -0.5133
vn -0.1001 0.8582 -0.5034
vn -0.1964 0.8582 -0.4742
vn -0.2852 0.8582 -0.4268
vn -0.3629 0.8582 -0.3630
vn -0.4268 0.8582 -0.2852
vn -0.4742 0.8582 -0.1964
vn 0.6918 -0.7088 -0.1376
vn 0.6918 0.7088 -0.1376
vn 0.6517 -0.7088 -0.2699
vn 0.5865 -0.7088 -0.3919
vn 0.4988 -0.7088 -0.4988
vn 0.3919 -0.7088 -0.5865
vn 0.2699 -0.7088 -0.6517
vn 0.1376 -0.7088 -0.6918
vn -0.0000 -0.7088 -0.7054
vn -0.1376 -0.7088 -0.6918
vn -0.2699 -0.7088 -0.6517
vn -0.3919 -0.7088 -0.5865
vn -0.4988 -0.7088 -0.4988
vn -0.5865 -0.7088 -0.3919
vn -0.6517 -0.7088 -0.2699
vn -0.6918 -0.7088 -0.1376
vn -0.0000 -0.0974 -0.9952
vn -0.0000 -0.2425 -0.9701
vn -0.0000 -0.1222 -0.9925
vn -0.0074 -0.1758 -0.9844
vn -0.0152 -0.3566 -0.9341
vn -0.0300 -0.4638 -0.8854
vn -0.0109 -0.1694 -0.9855
vn -0.0000 0.9487 -0.3162
vn 0.0405 0.1216 0.9917
vn 0.0404 0.1213 0.9918
vn 0.0001 0.7663 -0.6425
vn -0.0000 0.8045 -0.5939
vn -0.0001 0.7663 -0.6425
vn 0.9423 0.1238 -0.3110
vn 0.8750 0.3936 -0.2818
vn 0.9235 0.2369 -0.3019
vn -0.9286 0.2135 -0.3034
vn -0.8899 0.3550 -0.2865
vn -0.9432 0.1170 -0.3110
vn -0.8750 0.3936 -0.2818
vn -0.9423 0.1238 -0.3110
vn -0.9235 0.2369 -0.3019
vn 0.9432 0.1170 -0.3110
vn 0.8899 0.3550 -0.2865
vn 0.9286 0.2135 -0.3034
vn -0.9487 -0.0000 -0.3162
vn 0.9487 -0.0000 -0.3162
vn -0.3219 0.5285 0.7855
vn 0.9481 -0.3179 0.0009
vn 0.9482 -0.3177 0.0008
vn 0.9482 -0.3177 0.0009
vn 0.9482 -0.3175 0.0008
vn 0.0803 0.2410 0.9672
vn -0.8364 -0.5481 0.0008
vn -0.8358 -0.5490 0.0015
vn -0.8361 -0.5486 0.0015
vn -0.8351 -0.5502 0.0007
vn -0.8351 -0.5502 0.0006
vn -0.0377 -0.9925 -0.1161
vn 0.0991 -0.9933 -0.0591
vn 0.6976 -0.4757 -0.5358
vn 0.7433 -0.5227 -0.4174
vn 0.6740 -0.5530 -0.4897
vn -0.3512 -0.9307 -0.1026
vn -0.1788 -0.9742 -0.1373
vn -0.2782 -0.9556 -0.0966
vn -0.2764 -0.4472 -0.8506
vn -0.2198 -0.3556 -0.9084
vn -0.1587 -0.4776 -0.8641
vn -0.9328 -0.3556 -0.0591
vn -0.8709 -0.4776 -0.1161
vn -0.5162 -0.6005 -0.6106
vn -0.4629 -0.5864 -0.6647
vn -0.2439 -0.6143 -0.7504
vn -0.3562 -0.3556 -0.8641
vn -0.8706 0.1082 -0.4800
vn -0.8437 0.1753 -0.5074
vn -0.8582 0.1511 -0.4906
vn -0.7236 0.4472 -0.5257
vn -0.6740 0.5530 -0.4897
vn -0.6363 0.4776 -0.6058
vn -0.0991 0.9933 -0.0591
vn -0.2048 0.9674 -0.1488
vn -0.3271 0.9433 -0.0559
vn -0.3161 0.9205 -0.2297
vn -0.4436 0.8821 -0.1584
vn -0.4253 0.8507 -0.3090
vn -0.5682 0.8211 -0.0544
vn -0.5527 0.7988 -0.2376
vn -0.5247 0.7612 -0.3812
vn -0.6702 0.7247 -0.1604
vn -0.6457 0.6981 -0.3093
vn -0.6084 0.6591 -0.4420
vn -0.7718 0.6334 -0.0553
vn -0.7521 0.6168 -0.2320
vn -0.7186 0.5891 -0.3696
vn -0.8408 0.5197 -0.1515
vn -0.8133 0.5026 -0.2932
vn -0.7728 0.4776 -0.4180
vn -0.0135 0.9911 -0.1325
vn -0.0648 0.9777 -0.1996
vn -0.1744 0.9421 -0.2865
vn -0.2878 0.8821 -0.3730
vn -0.3968 0.7988 -0.4522
vn -0.4937 0.6981 -0.5185
vn -0.5736 0.5891 -0.5692
vn 0.0243 0.9659 -0.2579
vn -0.0273 0.9421 -0.3343
vn 0.0648 0.9189 -0.3891
vn -0.1389 0.8934 -0.4274
vn 0.0136 0.8821 -0.4709
vn 0.1057 0.8492 -0.5174
vn -0.2525 0.8196 -0.5142
vn -0.0980 0.8196 -0.5645
vn 0.0552 0.7988 -0.5991
vn 0.1443 0.7598 -0.6339
vn -0.3597 0.7247 -0.5878
vn -0.2098 0.7342 -0.6457
vn -0.0545 0.7247 -0.6869
vn 0.0947 0.6981 -0.7097
vn 0.1782 0.6581 -0.7316
vn -0.4531 0.6168 -0.6436
vn -0.3135 0.6322 -0.7085
vn -0.1628 0.6322 -0.7575
vn -0.0118 0.6168 -0.7870
vn 0.1295 0.5891 -0.7976
vn 0.2059 0.5522 -0.8079
vn -0.5302 0.5026 -0.6828
vn -0.4040 0.5197 -0.7528
vn -0.2629 0.5257 -0.8090
vn -0.1157 0.5197 -0.8465
vn 0.0275 0.5026 -0.8641
vn 0.1587 0.4776 -0.8641
vn 0.2418 0.4358 -0.8669
vn -0.8945 0.2768 -0.3512
vn -0.9245 0.2160 -0.3140
vn -0.9065 0.2477 -0.3419
vn -0.8552 0.3393 -0.3917
vn -0.8758 0.3055 -0.3737
vn -0.8174 0.3692 -0.4422
vn -0.8364 0.3581 -0.4150
vn -0.7930 0.3599 -0.4915
vn -0.8022 0.3715 -0.4675
vn -0.7905 0.3154 -0.5250
vn -0.7875 0.3421 -0.5127
vn -0.8099 0.2485 -0.5314
vn -0.7984 0.2820 -0.5321
vn -0.8292 0.2124 -0.5169
vn -0.9117 0.4071 -0.0553
vn -0.9885 0.1410 -0.0544
vn -0.9479 0.2753 -0.1604
vn -0.8881 0.3969 -0.2320
vn -0.9900 -0.1293 -0.0560
vn -0.9874 0.0023 -0.1584
vn -0.9616 0.1371 -0.2377
vn -0.9132 0.2653 -0.3093
vn -0.8483 0.3793 -0.3696
vn -0.9569 -0.2494 -0.1488
vn -0.9647 -0.1289 -0.2297
vn -0.9511 -0.0000 -0.3090
vn -0.9155 0.1289 -0.3812
vn -0.8616 0.2494 -0.4420
vn -0.7961 0.3556 -0.4897
vn -0.7118 0.3556 -0.6058
vn -0.6867 0.2494 -0.6829
vn -0.6137 0.3793 -0.6925
vn -0.6455 0.1289 -0.7528
vn -0.5764 0.2653 -0.7729
vn -0.5878 -0.0000 -0.8090
vn -0.5232 0.1371 -0.8411
vn -0.5165 -0.1289 -0.8465
vn -0.4558 0.0023 -0.8901
vn -0.4372 -0.2494 -0.8641
vn -0.3790 -0.1294 -0.9163
vn -0.2992 -0.2496 -0.9210
vn -0.4951 0.3969 -0.7729
vn -0.4455 0.2753 -0.8519
vn -0.3566 0.4066 -0.8411
vn -0.3822 0.1407 -0.9133
vn -0.2968 0.2789 -0.9133
vn -0.2059 0.4066 -0.8901
vn -0.3090 0.0024 -0.9511
vn -0.2276 0.1407 -0.9635
vn -0.1403 0.2753 -0.9511
vn -0.0538 0.3969 -0.9163
vn -0.2319 -0.1294 -0.9641
vn -0.1544 0.0023 -0.9880
vn -0.0711 0.1371 -0.9880
vn 0.0120 0.2653 -0.9641
vn 0.0894 0.3793 -0.9210
vn -0.1541 -0.2494 -0.9560
vn -0.0797 -0.1289 -0.9884
vn 0.0797 0.1289 -0.9884
vn 0.1541 0.2494 -0.9560
vn 0.2198 0.3556 -0.9084
vn -0.5450 -0.4221 -0.7244
vn -0.6035 -0.4260 -0.6740
vn -0.5673 -0.4306 -0.7020
vn -0.4767 -0.4178 -0.7735
vn -0.5114 -0.4233 -0.7479
vn -0.4143 -0.4370 -0.7984
vn -0.2233 -0.2832 -0.9327
vn -0.3748 -0.4764 -0.7954
vn -0.1919 -0.3645 -0.9112
vn -0.3707 -0.5241 -0.7667
vn -0.1790 -0.4480 -0.8759
vn -0.4032 -0.5647 -0.7201
vn -0.1879 -0.5236 -0.8310
vn -0.2153 -0.5832 -0.7833
vn -0.7834 0.2496 -0.5692
vn -0.8452 0.1294 -0.5185
vn -0.8919 -0.0023 -0.4522
vn -0.9177 -0.1371 -0.3730
vn -0.9206 -0.2653 -0.2865
vn -0.9035 -0.3793 -0.1996
vn -0.7543 0.1294 -0.6436
vn -0.8090 -0.0024 -0.5878
vn -0.7057 -0.0023 -0.7085
vn -0.8460 -0.1407 -0.5142
vn -0.7505 -0.1407 -0.6457
vn -0.6383 -0.1371 -0.7575
vn -0.8611 -0.2753 -0.4274
vn -0.7769 -0.2789 -0.5645
vn -0.6725 -0.2753 -0.6869
vn -0.5570 -0.2653 -0.7870
vn -0.8548 -0.3969 -0.3343
vn -0.7829 -0.4066 -0.4709
vn -0.6898 -0.4066 -0.5991
vn -0.5821 -0.3969 -0.7097
vn -0.4690 -0.3793 -0.7976
vn -0.8303 -0.5026 -0.2408
vn -0.7693 -0.5197 -0.3716
vn -0.6882 -0.5257 -0.5000
vn -0.5912 -0.5197 -0.6168
vn -0.4856 -0.5026 -0.7152
vn -0.3795 -0.4776 -0.7924
vn 0.3186 0.3268 -0.8898
vn 0.2992 0.2496 -0.9210
vn 0.2319 0.1294 -0.9641
vn 0.1544 -0.0023 -0.9880
vn 0.0711 -0.1371 -0.9880
vn -0.0120 -0.2653 -0.9641
vn -0.0894 -0.3793 -0.9210
vn 0.3976 0.2193 -0.8910
vn 0.3790 0.1294 -0.9163
vn 0.4753 0.0979 -0.8743
vn 0.3090 -0.0024 -0.9511
vn 0.4558 -0.0023 -0.8901
vn 0.5459 -0.0312 -0.8373
vn 0.2276 -0.1407 -0.9635
vn 0.3822 -0.1407 -0.9133
vn 0.5232 -0.1371 -0.8411
vn 0.6040 -0.1595 -0.7808
vn 0.1403 -0.2753 -0.9511
vn 0.2968 -0.2789 -0.9133
vn 0.4455 -0.2753 -0.8519
vn 0.5764 -0.2653 -0.7729
vn 0.6466 -0.2788 -0.7101
vn 0.0538 -0.3969 -0.9163
vn 0.2059 -0.4066 -0.8901
vn 0.3566 -0.4066 -0.8411
vn 0.4951 -0.3969 -0.7729
vn 0.6137 -0.3793 -0.6925
vn 0.6737 -0.3834 -0.6318
vn -0.0275 -0.5026 -0.8641
vn 0.1157 -0.5197 -0.8465
vn 0.2629 -0.5257 -0.8090
vn 0.4040 -0.5197 -0.7528
vn 0.5302 -0.5026 -0.6828
vn 0.6363 -0.4776 -0.6058
vn -0.0000 -0.4874 -0.8732
vn -0.0000 -0.5654 -0.8248
vn -0.0000 0.7003 -0.7138
vn -0.0000 0.6942 -0.7198
vn -0.0000 0.5893 -0.8079
vn -0.0000 0.5938 -0.8046
vn -0.0000 -0.6002 -0.7999
vn -0.1158 -0.9846 -0.1312
vn -0.1973 -0.9765 -0.0864
vn -0.0761 -0.9938 -0.0816
vn -0.1191 -0.9919 -0.0453
vn -0.7986 -0.5891 -0.1233
vn -0.7042 -0.6981 -0.1293
vn -0.5868 -0.7988 -0.1326
vn -0.4520 -0.8821 -0.1326
vn -0.3095 -0.9421 -0.1293
vn -0.1698 -0.9777 -0.1233
vn -0.7449 -0.6168 -0.2544
vn -0.6365 -0.7247 -0.2641
vn -0.6701 -0.6322 -0.3889
vn -0.5066 -0.8196 -0.2676
vn -0.5493 -0.7342 -0.3991
vn -0.5770 -0.6322 -0.5171
vn -0.3635 -0.8934 -0.2641
vn -0.4110 -0.8196 -0.3991
vn -0.4479 -0.7247 -0.5237
vn -0.4721 -0.6168 -0.6298
vn -0.2186 -0.9421 -0.2544
vn -0.2658 -0.8821 -0.3889
vn -0.3074 -0.7988 -0.5171
vn -0.3406 -0.6981 -0.6298
vn -0.3641 -0.5891 -0.7214
vn -0.0782 -0.9674 -0.2408
vn -0.1207 -0.9205 -0.3716
vn -0.1625 -0.8507 -0.5000
vn -0.2004 -0.7612 -0.6168
vn -0.2324 -0.6591 -0.7152
vn -0.2575 -0.5530 -0.7924
vn 0.8086 -0.5686 -0.1513
vn 0.7718 -0.6334 -0.0553
vn 0.7822 -0.5500 -0.2927
vn 0.7521 -0.6168 -0.2320
vn 0.7186 -0.5891 -0.3696
vn 0.6702 -0.7247 -0.1604
vn 0.5682 -0.8211 -0.0544
vn 0.6457 -0.6981 -0.3093
vn 0.5527 -0.7988 -0.2377
vn 0.4436 -0.8821 -0.1584
vn 0.3271 -0.9433 -0.0560
vn 0.6084 -0.6591 -0.4420
vn 0.5247 -0.7612 -0.3812
vn 0.4253 -0.8507 -0.3090
vn 0.3161 -0.9205 -0.2297
vn 0.2049 -0.9674 -0.1488
vn -0.1295 -0.5891 -0.7976
vn -0.0947 -0.6981 -0.7097
vn -0.0552 -0.7988 -0.5991
vn -0.0136 -0.8821 -0.4709
vn 0.0273 -0.9421 -0.3343
vn 0.0648 -0.9777 -0.1996
vn 0.0118 -0.6168 -0.7870
vn 0.0545 -0.7247 -0.6869
vn 0.1628 -0.6322 -0.7575
vn 0.0980 -0.8196 -0.5645
vn 0.2098 -0.7342 -0.6457
vn 0.3135 -0.6322 -0.7085
vn 0.1389 -0.8934 -0.4274
vn 0.2525 -0.8196 -0.5142
vn 0.3597 -0.7247 -0.5878
vn 0.4531 -0.6168 -0.6436
vn 0.1744 -0.9421 -0.2865
vn 0.2878 -0.8821 -0.3730
vn 0.3968 -0.7988 -0.4522
vn 0.4937 -0.6981 -0.5185
vn 0.5736 -0.5891 -0.5692
vn -0.0000 0.8009 -0.5988
vn -0.0000 0.7938 -0.6082
vn -0.0000 -0.3933 -0.9194
vn -0.0000 0.8859 -0.4639
vn -0.0000 0.8791 -0.4766
vn -0.0000 -0.2823 -0.9593
vn -0.0000 0.9481 -0.3180
vn -0.0000 0.9429 -0.3331
vn -0.0000 -0.9962 -0.0868
vn -0.0000 -0.1554 -0.9879
vn -0.0000 -0.9868 -0.1619
vn -0.0000 0.9851 -0.1723
vn -0.0000 0.9821 -0.1883
vn -0.0000 -0.9811 -0.1934
vn -0.0000 0.0143 -0.9999
vn -0.0000 -0.0167 -0.9999
vn -0.0000 0.3879 -0.9217
vn -0.0000 0.3051 -0.9523
vn -0.8660 -0.0000 -0.5000
vn 0.8660 -0.0000 -0.5000
vn -0.9659 -0.0000 -0.2588
vn 0.5000 -0.0000 -0.8660
vn 0.2588 -0.0000 -0.9659
vn -0.2588 -0.0000 -0.9659
vn -0.5000 -0.0000 -0.8660
vn 0.9659 -0.0000 -0.2588
vn 0.6801 0.7101 -0.1822
vn 0.6097 0.7101 -0.3520
vn 0.4978 0.7101 -0.4979
vn 0.3520 0.7101 -0.6097
vn 0.1822 0.7101 -0.6801
vn -0.0000 0.7101 -0.7041
vn -0.1822 0.7101 -0.6801
vn -0.3520 0.7101 -0.6097
vn -0.4978 0.7101 -0.4978
vn -0.4978 0.7101 -0.4979
vn -0.6097 0.7101 -0.3520
vn -0.6801 0.7101 -0.1822
vn -0.0000 0.1315 -0.9913
vn -0.0000 0.1305 -0.9914
vn -0.0000 -0.1306 -0.9914
vn -0.0000 -0.1296 -0.9916
vn -0.0000 -0.3827 -0.9239
vn -0.0000 -0.3818 -0.9242
vn -0.0000 -0.6088 -0.7933
vn -0.0000 -0.6080 -0.7939
vn -0.0000 -0.7934 -0.6087
vn -0.0000 -0.7928 -0.6095
vn -0.0000 -0.9239 -0.3826
vn -0.0000 -0.9235 -0.3836
vn -0.0000 -0.9915 -0.1305
vn -0.0000 -0.9913 -0.1315
vn -0.0000 -0.9914 0.1306
vn -0.0000 -0.9916 0.1296
vn -0.0000 -0.9239 0.3827
vn -0.0000 -0.9242 0.3818
vn -0.0000 -0.7933 0.6088
vn -0.0000 -0.7939 0.6080
vn -0.0000 -0.6087 0.7934
vn -0.0000 -0.6095 0.7928
vn -0.0000 -0.3826 0.9239
vn -0.0000 -0.3836 0.9235
vn -0.0000 -0.1305 0.9914
vn -0.0000 -0.1315 0.9913
vn -0.0000 0.1306 0.9914
vn -0.0000 0.1296 0.9916
vn -0.0000 0.3827 0.9239
vn -0.0000 0.3818 0.9242
vn -0.0000 0.6088 0.7933
vn -0.0000 0.6080 0.7939
vn -0.0000 0.7934 0.6087
vn -0.0000 0.7928 0.6095
vn -0.0000 0.9239 0.3827
vn -0.0000 0.9235 0.3836
vn -0.0000 0.9914 0.1305
vn -0.0000 0.9913 0.1315
vn -0.0000 0.9914 -0.1306
vn -0.0000 0.9916 -0.1296
vn -0.0000 0.9239 -0.3827
vn -0.0000 0.9242 -0.3818
vn -0.0000 0.7933 -0.6088
vn -0.0000 0.7939 -0.6080
vn -0.0000 0.6087 -0.7934
vn -0.0000 0.6095 -0.7928
vn -0.7780 0.6283 -0.0000
vn -0.7780 0.6069 0.1626
vn -0.0000 0.3826 -0.9239
vn -0.0000 0.3836 -0.9235
vn -0.7780 0.1626 -0.6069
vn -0.7780 0.3141 -0.5441
vn -0.7780 -0.6283 -0.0000
vn -0.7780 -0.6069 -0.1626
vn -0.7780 -0.1626 0.6069
vn -0.7780 -0.3141 0.5441
vn -0.7780 0.5441 0.3141
vn -0.7780 0.4443 0.4443
vn -0.7780 0.4443 -0.4443
vn -0.7780 0.5441 -0.3141
vn -0.7780 -0.5441 -0.3141
vn -0.7780 -0.4443 -0.4443
vn -0.7780 -0.4443 0.4443
vn -0.7780 -0.5441 0.3141
vn -0.7780 0.3141 0.5441
vn -0.7780 0.1626 0.6069
vn -0.7780 0.6069 -0.1626
vn -0.7780 -0.0000 -0.6283
vn -0.7780 -0.3141 -0.5441
vn -0.7780 -0.1626 -0.6069
vn -0.7780 -0.6069 0.1626
vn -0.7780 -0.0000 0.6283
vn 0.3181 0.2454 0.9158
vn 0.3181 0.4740 0.8211
vn 0.2695 0.4815 0.8340
vn 0.2695 0.2492 0.9302
vn 0.2168 0.4881 0.8454
vn 0.2168 0.2527 0.9430
vn 0.1705 0.4927 0.8533
vn 0.1705 0.2550 0.9518
vn 0.1239 0.4961 0.8594
vn 0.1239 0.2568 0.9585
vn 0.0695 0.4988 0.8639
vn 0.0695 0.2582 0.9636
vn 0.0197 0.4999 0.8659
vn 0.0197 0.2588 0.9657
vn 0.3181 0.8211 -0.4740
vn 0.3181 0.6704 -0.6704
vn 0.2695 0.6809 -0.6809
vn 0.2695 0.8340 -0.4815
vn 0.2168 0.6903 -0.6903
vn 0.2168 0.8454 -0.4881
vn 0.1705 0.6967 -0.6967
vn 0.1705 0.8533 -0.4927
vn 0.1239 0.7017 -0.7017
vn 0.1239 0.8594 -0.4961
vn 0.0695 0.7054 -0.7054
vn 0.0695 0.8639 -0.4988
vn 0.0197 0.7070 -0.7070
vn 0.0197 0.8659 -0.4999
vn 0.3181 -0.9158 -0.2454
vn 0.3181 -0.9481 -0.0000
vn 0.2695 -0.9630 -0.0000
vn 0.2695 -0.9302 -0.2492
vn 0.2168 -0.9762 -0.0000
vn 0.2168 -0.9430 -0.2527
vn 0.1705 -0.9854 -0.0000
vn 0.1705 -0.9518 -0.2550
vn 0.1239 -0.9923 -0.0000
vn 0.1239 -0.9585 -0.2568
vn 0.0695 -0.9976 -0.0000
vn 0.0695 -0.9636 -0.2582
vn 0.0197 -0.9998 -0.0000
vn 0.0197 -0.9657 -0.2588
vn 0.3181 -0.0000 0.9481
vn 0.2695 -0.0000 0.9630
vn 0.2168 -0.0000 0.9762
vn 0.1705 -0.0000 0.9854
vn 0.1239 -0.0000 0.9923
vn 0.0695 -0.0000 0.9976
vn 0.0197 -0.0000 0.9998
vn 0.3181 0.9158 -0.2454
vn 0.2695 0.9302 -0.2492
vn 0.2168 0.9430 -0.2527
vn 0.1705 0.9518 -0.2550
vn 0.1239 0.9585 -0.2568
vn 0.0695 0.9636 -0.2582
vn 0.0197 0.9657 -0.2588
vn 0.3181 -0.8211 -0.4740
vn 0.2695 -0.8340 -0.4815
vn 0.2168 -0.8454 -0.4881
vn 0.1705 -0.8533 -0.4927
vn 0.1239 -0.8594 -0.4961
vn 0.0695 -0.8639 -0.4988
vn 0.0197 -0.8659 -0.4999
vn 0.3181 -0.2454 0.9158
vn 0.2695 -0.2492 0.9302
vn 0.2168 -0.2527 0.9430
vn 0.1705 -0.2550 0.9518
vn 0.1239 -0.2568 0.9585
vn 0.0695 -0.2582 0.9636
vn 0.0197 -0.2588 0.9657
vn 0.3181 0.9481 -0.0000
vn 0.2695 0.9630 -0.0000
vn 0.2168 0.9762 -0.0000
vn 0.1705 0.9854 -0.0000
vn 0.1239 0.9923 -0.0000
vn 0.0695 0.9976 -0.0000
vn 0.0197 0.9998 -0.0000
vn 0.3181 -0.6704 -0.6704
vn 0.2695 -0.6809 -0.6809
vn 0.2168 -0.6903 -0.6903
vn 0.1705 -0.6967 -0.6968
vn 0.1239 -0.7017 -0.7017
vn 0.0695 -0.7054 -0.7054
vn 0.0197 -0.7070 -0.7070
vn 0.3181 -0.4740 0.8211
vn 0.2695 -0.4815 0.8340
vn 0.2168 -0.4881 0.8454
vn 0.1705 -0.4927 0.8533
vn 0.1239 -0.4962 0.8594
vn 0.0695 -0.4988 0.8639
vn 0.0197 -0.4999 0.8659
vn 0.3181 0.9158 0.2454
vn 0.2695 0.9302 0.2492
vn 0.2168 0.9430 0.2527
vn 0.1705 0.9518 0.2550
vn 0.1239 0.9585 0.2568
vn 0.0695 0.9636 0.2582
vn 0.0197 0.9657 0.2588
vn 0.3181 -0.4740 -0.8211
vn 0.2695 -0.4815 -0.8340
vn 0.2168 -0.4881 -0.8454
vn 0.1705 -0.4927 -0.8533
vn 0.1239 -0.4961 -0.8594
vn 0.0695 -0.4988 -0.8639
vn 0.0197 -0.4999 -0.8659
vn 0.3181 -0.6704 0.6704
vn 0.2695 -0.6809 0.6809
vn 0.2168 -0.6903 0.6903
vn 0.1705 -0.6967 0.6967
vn 0.1239 -0.7017 0.7017
vn 0.0695 -0.7054 0.7054
vn 0.0197 -0.7070 0.7070
vn 0.3181 0.8211 0.4740
vn 0.2695 0.8340 0.4815
vn 0.2168 0.8454 0.4881
vn 0.1705 0.8533 0.4927
vn 0.1239 0.8594 0.4961
vn 0.0695 0.8639 0.4988
vn 0.0197 0.8659 0.4999
vn 0.3181 -0.2454 -0.9158
vn 0.2695 -0.2492 -0.9302
vn 0.2168 -0.2527 -0.9430
vn 0.1705 -0.2550 -0.9518
vn 0.1239 -0.2568 -0.9585
vn 0.0695 -0.2582 -0.9636
vn 0.0197 -0.2588 -0.9657
vn 0.3181 0.2454 -0.9158
vn 0.3181 -0.0000 -0.9481
vn 0.2695 -0.0000 -0.9630
vn 0.2695 0.2492 -0.9302
vn 0.2168 -0.0000 -0.9762
vn 0.2168 0.2527 -0.9430
vn 0.1705 -0.0000 -0.9854
vn 0.1705 0.2550 -0.9518
vn 0.1239 -0.0000 -0.9923
vn 0.1239 0.2568 -0.9585
vn 0.0695 -0.0000 -0.9976
vn 0.0695 0.2582 -0.9636
vn 0.0197 -0.0000 -0.9998
vn 0.0197 0.2588 -0.9657
vn 0.3181 -0.8211 0.4740
vn 0.2695 -0.8340 0.4815
vn 0.2168 -0.8454 0.4881
vn 0.1705 -0.8533 0.4927
vn 0.1239 -0.8594 0.4961
vn 0.0695 -0.8639 0.4988
vn 0.0197 -0.8659 0.4999
vn 0.3181 0.6704 0.6704
vn 0.2695 0.6809 0.6809
vn 0.2168 0.6903 0.6903
vn 0.1705 0.6967 0.6967
vn 0.1239 0.7017 0.7017
vn 0.0695 0.7054 0.7054
vn 0.0197 0.7070 0.7070
vn 0.3181 0.4740 -0.8211
vn 0.2695 0.4815 -0.8340
vn 0.2168 0.4881 -0.8454
vn 0.1705 0.4927 -0.8533
vn 0.1239 0.4961 -0.8594
vn 0.0695 0.4988 -0.8639
vn 0.0197 0.4999 -0.8659
vn 0.3181 -0.9158 0.2454
vn 0.2695 -0.9302 0.2492
vn 0.2168 -0.9430 0.2527
vn 0.1705 -0.9518 0.2550
vn 0.1239 -0.9585 0.2568
vn 0.0695 -0.9636 0.2582
vn 0.0197 -0.9657 0.2588
vn -0.0000 -0.9659 0.2588
vn -0.0000 -0.9659 -0.2588
vn -0.0000 -0.8660 0.5000
vn -0.0000 0.5000 -0.8660
vn -0.0000 0.8660 -0.5000
vn -0.0000 0.2588 -0.9659
vn -0.0000 0.5000 0.8660
vn -0.0000 0.2588 0.9659
vn -0.0000 0.8660 0.5000
vn -0.0000 -0.7071 0.7071
vn -0.0000 -0.2588 -0.9659
vn -0.0000 -0.5000 -0.8660
vn -0.0000 0.9659 0.2588
vn -0.0000 -0.5000 0.8660
vn -0.0000 -0.7071 -0.7071
vn -0.0000 -0.2588 0.9659
vn -0.0000 -0.8660 -0.5000
vn -0.0000 0.9659 -0.2588
vn -0.6860 0.1364 0.7147
vn -0.6994 -0.0000 0.7147
vn -0.6860 -0.1364 0.7147
vn -0.6462 -0.2677 0.7147
vn -0.5815 -0.3886 0.7147
vn -0.4946 -0.4945 0.7147
vn -0.3886 -0.5815 0.7147
vn -0.2677 -0.6462 0.7147
vn -0.1364 -0.6860 0.7147
vn -0.9239 0.3827 -0.0000
vn -0.9808 0.1951 -0.0000
vn -0.0000 -0.6994 0.7147
vn 0.1364 -0.6860 0.7147
vn 0.2676 -0.6462 0.7147
vn 0.3886 -0.5815 0.7147
vn 0.4946 -0.4945 0.7148
vn 0.5815 -0.3886 0.7147
vn 0.6462 -0.2677 0.7147
vn 0.6860 -0.1364 0.7147
vn 0.6994 -0.0000 0.7147
vn 0.6860 0.1364 0.7147
vn 0.6462 0.2677 0.7147
vn 0.5815 0.3886 0.7147
vn 0.4946 0.4945 0.7147
vn 0.3886 0.5815 0.7147
vn 0.2677 0.6462 0.7147
vn 0.2676 0.6462 0.7147
vn 0.1365 0.6860 0.7147
vn -0.0000 0.6994 0.7147
vn -0.1364 0.6860 0.7147
vn -0.1365 0.6860 0.7147
vn -0.2677 0.6462 0.7147
vn -0.3886 0.5815 0.7147
vn -0.4946 0.4945 0.7147
vn -0.5815 0.3886 0.7147
vn -0.6462 0.2677 0.7147
vn 0.3827 -0.9239 -0.0000
vn 0.5556 -0.8315 -0.0000
vn 0.1376 -0.6919 -0.7088
vn -0.0000 -0.7054 -0.7088
vn 0.2699 -0.6517 -0.7088
vn 0.3919 -0.5865 -0.7088
vn 0.4988 -0.4988 -0.7088
vn 0.5865 -0.3919 -0.7088
vn 0.6517 -0.2700 -0.7088
vn 0.6919 -0.1376 -0.7088
vn 0.7054 -0.0000 -0.7088
vn 0.6918 0.1376 -0.7088
vn 0.6517 0.2700 -0.7088
vn 0.5865 0.3919 -0.7088
vn 0.4988 0.4988 -0.7088
vn 0.3919 0.5865 -0.7088
vn 0.2699 0.6517 -0.7088
vn 0.2700 0.6517 -0.7088
vn 0.1376 0.6919 -0.7088
vn -0.0000 0.7054 -0.7088
vn -0.1376 0.6919 -0.7088
vn -0.2699 0.6517 -0.7088
vn -0.3919 0.5865 -0.7088
vn -0.4988 0.4988 -0.7088
vn -0.5865 0.3919 -0.7088
vn -0.6517 0.2700 -0.7088
vn -0.6919 0.1376 -0.7088
vn -0.7054 -0.0000 -0.7088
vn -0.6918 -0.1376 -0.7088
vn -0.6517 -0.2699 -0.7088
vn -0.5865 -0.3919 -0.7088
vn -0.4988 -0.4988 -0.7088
vn -0.3919 -0.5865 -0.7088
vn -0.2699 -0.6517 -0.7088
vn -0.1376 -0.6919 -0.7088
vn 0.1951 -0.9808 -0.0000
vn -0.1951 -0.9808 -0.0000
vn 0.7071 -0.7071 -0.0000
vn 0.8315 -0.5556 -0.0000
vn 0.9239 -0.3827 -0.0000
vn 0.9808 -0.1951 -0.0000
vn 0.9808 0.1951 -0.0000
vn 0.9239 0.3827 -0.0000
vn 0.8315 0.5556 -0.0000
vn 0.5556 0.8315 -0.0000
vn 0.3827 0.9239 -0.0000
vn 0.1951 0.9808 -0.0000
vn -0.1951 0.9808 -0.0000
vn -0.3827 0.9239 -0.0000
vn -0.5556 0.8315 -0.0000
vn -0.7071 0.7071 -0.0000
vn -0.8315 0.5556 -0.0000
vn -0.9808 -0.1951 -0.0000
vn -0.9239 -0.3827 -0.0000
vn -0.8315 -0.5556 -0.0000
vn -0.7071 -0.7071 -0.0000
vn -0.5556 -0.8315 -0.0000
vn -0.3827 -0.9239 -0.0000
vn -0.5034 0.1001 -0.8582
vn -0.5133 -0.0000 -0.8582
vn -0.5034 -0.1001 -0.8582
vn -0.4742 -0.1964 -0.8582
vn -0.4268 -0.2852 -0.8582
vn -0.3629 -0.3629 -0.8582
vn -0.2852 -0.4268 -0.8582
vn -0.1964 -0.4742 -0.8582
vn -0.1001 -0.5034 -0.8582
vn -0.0000 -0.5133 -0.8582
vn 0.1001 -0.5034 -0.8582
vn 0.1964 -0.4742 -0.8582
vn 0.2852 -0.4268 -0.8582
vn 0.3629 -0.3629 -0.8582
vn 0.4267 -0.2852 -0.8582
vn 0.4267 -0.2851 -0.8582
vn 0.4742 -0.1964 -0.8582
vn 0.5034 -0.1001 -0.8582
vn 0.5133 -0.0000 -0.8582
vn 0.5034 0.1001 -0.8582
vn 0.4742 0.1964 -0.8582
vn 0.4267 0.2852 -0.8582
vn 0.4267 0.2851 -0.8582
vn 0.3629 0.3629 -0.8582
vn 0.2852 0.4268 -0.8582
vn 0.1964 0.4742 -0.8582
vn 0.1001 0.5034 -0.8582
vn -0.0000 0.5133 -0.8582
vn -0.1001 0.5034 -0.8582
vn -0.1964 0.4742 -0.8582
vn -0.2852 0.4268 -0.8582
vn -0.3629 0.3629 -0.8582
vn -0.4268 0.2852 -0.8582
vn -0.4742 0.1964 -0.8582
vn -0.7547 0.6560 -0.0000
vn 0.1094 -0.0191 -0.9938
vn 0.1678 -0.0437 -0.9848
vn 0.2697 -0.0869 -0.9590
vn 0.9365 -0.3506 -0.0000
vn -0.2662 0.2500 0.9309
vn -0.1068 0.1171 0.9874
vn -0.3704 0.3362 0.8659
vn -0.0423 -0.9991 -0.0000
vn -0.0447 -0.9990 -0.0000
vn 0.1094 -0.0191 0.9938
vn 0.1678 -0.0437 0.9848
vn -0.3704 0.3362 -0.8659
vn -0.1068 0.1171 -0.9874
vn -0.2662 0.2500 -0.9309
vn 0.2697 -0.0869 0.9590
vn 0.1055 -0.7038 0.7025
vn 0.1055 -0.4980 0.8607
vn 0.1055 -0.4964 -0.8617
vn 0.1055 -0.7025 -0.7038
vn 0.1055 0.9603 0.2583
vn 0.1055 0.9944 0.0009
vn 0.1055 -0.2583 0.9603
vn 0.1055 -0.8607 -0.4980
vn 0.1055 0.9608 -0.2565
vn 0.1055 -0.0009 0.9944
vn 0.1055 -0.9603 -0.2583
vn 0.1055 0.8617 -0.4964
vn 0.1055 0.2565 0.9608
vn 0.1055 -0.9944 -0.0009
vn 0.1055 0.7038 -0.7025
vn 0.1055 0.4964 0.8617
vn 0.1055 -0.9608 0.2565
vn 0.1055 0.4980 -0.8607
vn 0.1055 0.2583 -0.9603
vn 0.1055 0.0009 -0.9944
vn 0.1055 0.7025 0.7038
vn 0.1055 -0.8617 0.4964
vn 0.1055 -0.2565 -0.9608
vn 0.1055 0.8607 0.4980
vn -0.0000 -0.4992 -0.8665
vn -0.0000 0.9913 0.1314
vn -0.0000 1.0000 0.0009
vn -0.0000 -0.5008 0.8656
vn -0.0000 -0.3835 0.9235
vn -0.0000 -0.8656 -0.5008
vn -0.0000 -0.1314 0.9913
vn -0.0000 -0.0009 1.0000
vn -0.0000 -0.9235 -0.3835
vn -0.0000 0.8665 -0.4992
vn -0.0000 -0.9913 -0.1314
vn -0.0000 -1.0000 -0.0009
vn -0.0000 0.4992 0.8665
vn -0.0000 0.5008 -0.8656
vn -0.0000 0.1314 -0.9913
vn -0.0000 0.0009 -1.0000
vn -0.0000 -0.8665 0.4992
vn -0.0000 0.3835 -0.9235
vn -0.0000 0.8656 0.5008
vn -0.0000 0.9235 0.3835
vn 0.8470 0.0005 -0.5316
vn 0.8450 0.0703 -0.5302
vn 0.8450 -0.0693 -0.5303
vn 0.8470 -0.4601 -0.2662
vn 0.8450 -0.4240 -0.3260
vn 0.8450 -0.4939 -0.2051
vn 0.8470 -0.4606 0.2653
vn 0.8450 -0.4943 0.2042
vn 0.8450 -0.4246 0.3252
vn 0.8470 -0.0005 0.5316
vn 0.8450 -0.0703 0.5302
vn 0.8450 0.0693 0.5303
vn 0.8470 0.4601 0.2662
vn 0.8450 0.4240 0.3260
vn 0.8450 0.4939 0.2051
vn 0.8470 0.4606 -0.2654
vn 0.8450 0.4943 -0.2042
vn 0.8450 0.4246 -0.3252
vn -0.0000 0.1076 -0.9942
vn -0.0000 0.8083 -0.5888
vn -0.0000 -0.9148 0.4040
vn -0.0000 0.8072 0.5903
vn -0.0000 -0.8083 0.5888
vn -0.0000 0.9140 0.4056
vn -0.0000 -0.1057 -0.9944
vn -0.0000 -0.8072 -0.5902
vn -0.0000 0.9148 -0.4040
vn -0.0000 -0.1076 0.9942
vn -0.0000 -0.9140 -0.4056
vn -0.0000 0.1057 0.9944
vn 0.1376 -0.6918 -0.7088
vn 0.6919 0.1376 -0.7088
vn 0.1376 0.6918 -0.7088
vn -0.1376 0.6918 -0.7088
vn -0.6517 0.2699 -0.7088
vn -0.6918 0.1376 -0.7088
vn -0.2700 -0.6517 -0.7088
vn -0.1376 -0.6918 -0.7088
vn -0.0000 -0.7054 0.7088
vn 0.1376 -0.6918 0.7088
vn 0.2699 -0.6517 0.7088
vn 0.2700 -0.6517 0.7088
vn 0.3919 -0.5865 0.7088
vn 0.4988 -0.4988 0.7088
vn 0.5865 -0.3919 0.7088
vn 0.6517 -0.2700 0.7088
vn 0.6919 -0.1376 0.7088
vn 0.7054 -0.0000 0.7088
vn 0.6919 0.1376 0.7088
vn 0.6517 0.2700 0.7088
vn 0.5865 0.3919 0.7088
vn 0.4988 0.4988 0.7088
vn 0.3919 0.5865 0.7088
vn 0.2700 0.6517 0.7088
vn 0.1376 0.6918 0.7088
vn -0.0000 0.7054 0.7088
vn -0.1376 0.6918 0.7088
vn -0.2700 0.6517 0.7088
vn -0.3919 0.5865 0.7088
vn -0.4988 0.4988 0.7088
vn -0.5865 0.3919 0.7088
vn -0.6517 0.2699 0.7088
vn -0.6918 0.1376 0.7088
vn -0.7054 -0.0000 0.7088
vn -0.6918 -0.1376 0.7088
vn -0.6517 -0.2699 0.7088
vn -0.5865 -0.3919 0.7088
vn -0.4988 -0.4988 0.7088
vn -0.3919 -0.5865 0.7088
vn -0.2700 -0.6517 0.7088
vn -0.1376 -0.6918 0.7088
vt 0.336614 0.063976
vt 0.332492 0.063976
vt 0.331625 0.054915
vt 0.335668 0.054087
vt 0.329058 0.046202
vt 0.332867 0.044578
vt 0.324889 0.038172
vt 0.328317 0.035814
vt 0.319279 0.031134
vt 0.322194 0.028133
vt 0.237328 0.052842
vt 0.228937 0.052842
vt 0.228937 0.057019
vt 0.234413 0.057019
vt 0.228937 0.061074
vt 0.228199 0.061835
vt 0.228199 0.063947
vt 0.228199 0.066059
vt 0.228937 0.066819
vt 0.228937 0.076282
vt 0.228199 0.077042
vt 0.228199 0.080421
vt 0.234353 0.086758
vt 0.234413 0.086758
vt 0.262319 0.025358
vt 0.262319 0.022495
vt 0.267522 0.022495
vt 0.252568 0.028133
vt 0.255483 0.031134
vt 0.249873 0.038172
vt 0.246445 0.035814
vt 0.245705 0.046202
vt 0.241896 0.044578
vt 0.243137 0.054915
vt 0.239094 0.054087
vt 0.242271 0.063976
vt 0.238148 0.063976
vt 0.269226 0.057019
vt 0.259621 0.057019
vt 0.259621 0.086758
vt 0.269226 0.086758
vt 0.250385 0.057019
vt 0.250385 0.086758
vt 0.241874 0.057019
vt 0.241874 0.086758
vt 0.312443 0.025358
vt 0.312443 0.022495
vt 0.319279 0.022495
vt 0.255483 0.022495
vt 0.164299 0.063976
vt 0.353025 0.063976
vt 0.353025 0.026803
vt 0.353025 0.021734
vt 0.303284 0.021734
vt 0.225840 0.021734
vt 0.164299 0.021734
vt 0.164299 0.026803
vt 0.164299 0.044515
vt 0.131477 0.044515
vt 0.131477 0.020437
vt 0.164299 0.020437
vt 0.385847 0.063976
vt 0.385847 0.026803
vt 0.233122 0.044515
vt 0.228199 0.044515
vt 0.228199 0.020437
vt 0.233122 0.020437
vt 0.131477 0.063976
vt 0.131477 0.026803
vt 0.385847 0.021734
vt 0.131477 0.021734
vt 0.353025 0.044515
vt 0.385847 0.044515
vt 0.385847 0.020437
vt 0.353025 0.020437
vt 0.476108 0.063947
vt 0.476108 0.044515
vt 0.492519 0.044515
vt 0.492519 0.069861
vt 0.492519 0.063976
vt 0.492519 0.038631
vt 0.476108 0.021734
vt 0.269226 0.044515
vt 0.269226 0.069861
vt 0.244610 0.069861
vt 0.244610 0.044515
vt 0.056130 0.080421
vt 0.006897 0.057581
vt 0.056130 0.069861
vt 0.056130 0.063976
vt 0.056130 0.021734
vt 0.114245 0.063947
vt 0.056130 0.063947
vt 0.056130 0.044515
vt 0.164299 0.028071
vt 0.114245 0.028071
vt 0.114245 0.021734
vt 0.385847 0.028071
vt 0.353025 0.028071
vt 0.486365 0.041256
vt 0.473559 0.028071
vt 0.486365 0.063976
vt 0.056130 0.028071
vt 0.006897 0.063976
vt 0.011000 0.044967
vt 0.269226 0.010722
vt 0.228199 0.010722
vt 0.114245 0.063976
vt 0.015923 0.065607
vt 0.015923 0.057581
vt 0.269226 0.080421
vt 0.244610 0.080421
vt 0.114245 0.080421
vt 0.476108 0.080421
vt 0.492519 0.080421
vt 0.056130 0.086758
vt 0.006897 0.086758
vt 0.472826 0.061835
vt 0.472826 0.047895
vt 0.385847 0.063947
vt 0.389129 0.061835
vt 0.389129 0.047895
vt 0.382565 0.061835
vt 0.382565 0.047895
vt 0.353025 0.063947
vt 0.356307 0.061835
vt 0.356307 0.047895
vt 0.164299 0.063947
vt 0.161016 0.061835
vt 0.161016 0.047895
vt 0.120528 0.061835
vt 0.132836 0.047895
vt 0.225840 0.044515
vt 0.225840 0.063947
vt 0.222558 0.061835
vt 0.222558 0.047895
vt 0.167581 0.061835
vt 0.167581 0.047895
vt 0.349743 0.061835
vt 0.349743 0.047895
vt 0.229122 0.047895
vt 0.229122 0.061835
vt 0.303284 0.044515
vt 0.303284 0.047895
vt 0.228937 0.048655
vt 0.228199 0.047895
vt 0.472087 0.022495
vt 0.389868 0.022495
vt 0.389129 0.021734
vt 0.472826 0.021734
vt 0.356307 0.021734
vt 0.382565 0.021734
vt 0.381827 0.022495
vt 0.357046 0.022495
vt 0.132836 0.021734
vt 0.161016 0.021734
vt 0.160278 0.022495
vt 0.133142 0.022495
vt 0.120528 0.021734
vt 0.122310 0.022495
vt 0.133142 0.048655
vt 0.122310 0.061074
vt 0.167581 0.021734
vt 0.222558 0.021734
vt 0.221819 0.022495
vt 0.168319 0.022495
vt 0.349743 0.021734
vt 0.349005 0.022495
vt 0.303284 0.022495
vt 0.472087 0.048655
vt 0.472087 0.061074
vt 0.389868 0.061074
vt 0.389868 0.048655
vt 0.381827 0.048655
vt 0.381827 0.061074
vt 0.357046 0.061074
vt 0.357046 0.048655
vt 0.160278 0.048655
vt 0.160278 0.061074
vt 0.221819 0.048655
vt 0.221819 0.061074
vt 0.168319 0.061074
vt 0.168319 0.048655
vt 0.472826 0.066059
vt 0.385847 0.066059
vt 0.353025 0.066059
vt 0.164299 0.066059
vt 0.117527 0.066059
vt 0.225840 0.066059
vt 0.117527 0.077042
vt 0.164299 0.077042
vt 0.164299 0.080421
vt 0.353025 0.077042
vt 0.385847 0.077042
vt 0.385847 0.080421
vt 0.353025 0.080421
vt 0.472826 0.077042
vt 0.352287 0.022495
vt 0.353763 0.022495
vt 0.163560 0.022495
vt 0.165037 0.022495
vt 0.385109 0.022495
vt 0.386585 0.022495
vt 0.353763 0.066819
vt 0.353763 0.076282
vt 0.352287 0.076282
vt 0.352287 0.066819
vt 0.163560 0.076282
vt 0.163560 0.066819
vt 0.165037 0.066819
vt 0.165037 0.076282
vt 0.386585 0.066819
vt 0.386585 0.076282
vt 0.385109 0.076282
vt 0.385109 0.066819
vt 0.472087 0.022495
vt 0.118265 0.022495
vt 0.117527 0.021734
vt 0.225840 0.022495
vt 0.118265 0.076282
vt 0.118265 0.066819
vt 0.472087 0.066819
vt 0.472087 0.076282
vt 0.040540 0.021734
vt 0.015923 0.021734
vt 0.040540 0.063976
vt 0.250764 0.086758
vt 0.269226 0.057581
vt 0.228199 0.065607
vt 0.228199 0.057581
vt 0.040540 0.044515
vt 0.047924 0.021734
vt 0.047924 0.063976
vt 0.040540 0.010722
vt 0.047924 0.010722
vt 0.056130 0.010722
vt 0.322194 0.028071
vt 0.322194 0.021734
vt 0.322194 0.022495
vt 0.322194 0.066059
vt 0.322194 0.063947
vt 0.229122 0.021734
vt 0.229860 0.022495
vt 0.322194 0.061835
vt 0.252568 0.077042
vt 0.252568 0.080421
vt 0.252568 0.022495
vt 0.252568 0.021734
vt 0.322194 0.076282
vt 0.322194 0.066819
vt 0.225840 0.066819
vt 0.252568 0.066819
vt 0.252568 0.076282
vt 0.349005 0.048655
vt 0.349005 0.061074
vt 0.322194 0.061074
vt 0.322194 0.057019
vt 0.319279 0.052842
vt 0.312443 0.052842
vt 0.307240 0.052842
vt 0.303284 0.052842
vt 0.303284 0.048655
vt 0.267522 0.052842
vt 0.262319 0.052842
vt 0.255483 0.052842
vt 0.252568 0.057019
vt 0.252568 0.061074
vt 0.229860 0.061074
vt 0.229860 0.048655
vt 0.235896 0.051642
vt 0.239999 0.051642
vt 0.239999 0.038969
vt 0.235896 0.038969
vt 0.273148 0.088110
vt 0.273148 0.095713
vt 0.334711 0.095713
vt 0.334711 0.088110
vt 0.359938 0.086758
vt 0.338838 0.086758
vt 0.246629 0.088110
vt 0.246629 0.095713
vt 0.239999 0.095713
vt 0.239999 0.088110
vt 0.273148 0.045305
vt 0.334711 0.045305
vt 0.334711 0.032633
vt 0.273148 0.032633
vt 0.246629 0.051642
vt 0.246629 0.038969
vt 0.338838 0.045305
vt 0.338838 0.032633
vt 0.359938 0.032633
vt 0.359938 0.045305
vt 0.218151 0.086758
vt 0.235896 0.086758
vt 0.218151 0.038969
vt 0.218151 0.051642
vt 0.252568 0.028071
vt 0.252568 0.061835
vt 0.252568 0.063947
vt 0.252568 0.066059
vt 0.322194 0.080421
vt 0.322194 0.077042
vt 0.307240 0.022495
vt 0.263945 0.852053
vt 0.262452 0.906717
vt 0.247849 0.906717
vt 0.247942 0.852053
vt 0.279178 0.600690
vt 0.279953 0.852053
vt 0.263576 0.600690
vt 0.493684 0.852053
vt 0.492751 0.906717
vt 0.475108 0.906717
vt 0.480121 0.852053
vt 0.458486 0.906717
vt 0.465708 0.852053
vt 0.442349 0.906717
vt 0.451257 0.852053
vt 0.426651 0.906717
vt 0.436481 0.852053
vt 0.411245 0.906717
vt 0.421441 0.852053
vt 0.396037 0.906717
vt 0.406186 0.852053
vt 0.380961 0.906717
vt 0.390754 0.852053
vt 0.365974 0.906717
vt 0.375177 0.852053
vt 0.351063 0.906717
vt 0.359486 0.852053
vt 0.336205 0.906717
vt 0.343700 0.852053
vt 0.321376 0.906717
vt 0.327837 0.852053
vt 0.306578 0.906717
vt 0.311914 0.852053
vt 0.291821 0.906717
vt 0.295948 0.852053
vt 0.277112 0.906717
vt 0.476574 0.977617
vt 0.493770 0.977617
vt 0.492916 0.990678
vt 0.477288 0.990678
vt 0.460064 0.977617
vt 0.461218 0.990678
vt 0.443900 0.977617
vt 0.445058 0.990678
vt 0.428057 0.977617
vt 0.429158 0.990678
vt 0.412480 0.977617
vt 0.413502 0.990678
vt 0.397160 0.977617
vt 0.398146 0.990678
vt 0.381896 0.977617
vt 0.382778 0.990678
vt 0.366793 0.977617
vt 0.367481 0.990678
vt 0.351803 0.977617
vt 0.352503 0.990678
vt 0.336783 0.977617
vt 0.337427 0.990678
vt 0.321741 0.977617
vt 0.322268 0.990678
vt 0.306640 0.977617
vt 0.306926 0.990678
vt 0.291666 0.977617
vt 0.291707 0.990678
vt 0.276952 0.977617
vt 0.277010 0.990678
vt 0.262304 0.977617
vt 0.262421 0.990678
vt 0.247549 0.977617
vt 0.247543 0.990678
vt 0.294798 0.600690
vt 0.310415 0.600690
vt 0.326020 0.600690
vt 0.341606 0.600690
vt 0.357166 0.600690
vt 0.372694 0.600690
vt 0.388185 0.600690
vt 0.403630 0.600690
vt 0.419024 0.600690
vt 0.434359 0.600690
vt 0.449587 0.600690
vt 0.464522 0.600690
vt 0.479313 0.600690
vt 0.493562 0.600690
vt 0.248019 0.600690
vt 0.263026 0.578568
vt 0.248012 0.578568
vt 0.493502 0.578568
vt 0.477222 0.578568
vt 0.461592 0.578568
vt 0.446158 0.578568
vt 0.430876 0.578568
vt 0.415496 0.578568
vt 0.400189 0.578568
vt 0.384912 0.578568
vt 0.369647 0.578568
vt 0.354386 0.578568
vt 0.339124 0.578568
vt 0.323864 0.578568
vt 0.308608 0.578568
vt 0.293367 0.578568
vt 0.278154 0.578568
vt 0.430567 0.504658
vt 0.446207 0.504658
vt 0.292831 0.504658
vt 0.307896 0.504658
vt 0.353400 0.504658
vt 0.368690 0.504658
vt 0.414989 0.504658
vt 0.277806 0.504658
vt 0.477674 0.504658
vt 0.493480 0.504658
vt 0.338174 0.504658
vt 0.399483 0.504658
vt 0.262817 0.504658
vt 0.461919 0.504658
vt 0.323008 0.504658
vt 0.384051 0.504658
vt 0.247836 0.504658
vt 0.488925 0.626447
vt 0.486664 0.603497
vt 0.478010 0.605218
vt 0.480101 0.626447
vt 0.241582 0.603497
vt 0.243843 0.626447
vt 0.235019 0.626447
vt 0.232928 0.605218
vt 0.479970 0.581429
vt 0.471818 0.584805
vt 0.234888 0.581429
vt 0.226736 0.584805
vt 0.469099 0.561090
vt 0.461762 0.565992
vt 0.224017 0.561090
vt 0.216680 0.565992
vt 0.454469 0.543264
vt 0.448230 0.549503
vt 0.209387 0.543264
vt 0.203147 0.549503
vt 0.436642 0.528634
vt 0.431740 0.535970
vt 0.191560 0.528634
vt 0.186658 0.535970
vt 0.416304 0.517763
vt 0.412927 0.525915
vt 0.171222 0.517763
vt 0.167845 0.525915
vt 0.394235 0.511068
vt 0.392514 0.519722
vt 0.149153 0.511068
vt 0.147432 0.519722
vt 0.371285 0.508808
vt 0.371285 0.517632
vt 0.126203 0.508808
vt 0.126203 0.517632
vt 0.348335 0.511068
vt 0.350056 0.519722
vt 0.103253 0.511068
vt 0.104974 0.519722
vt 0.326267 0.517763
vt 0.329643 0.525915
vt 0.081184 0.517763
vt 0.084561 0.525915
vt 0.305928 0.528634
vt 0.310830 0.535970
vt 0.060846 0.528634
vt 0.065748 0.535970
vt 0.288102 0.543264
vt 0.294341 0.549503
vt 0.043020 0.543264
vt 0.049259 0.549503
vt 0.273472 0.561090
vt 0.280808 0.565992
vt 0.028390 0.561090
vt 0.035726 0.565992
vt 0.262601 0.581429
vt 0.270753 0.584805
vt 0.017519 0.581429
vt 0.025671 0.584805
vt 0.255906 0.603497
vt 0.264560 0.605218
vt 0.010824 0.603497
vt 0.019478 0.605218
vt 0.253646 0.626447
vt 0.262469 0.626447
vt 0.008564 0.626447
vt 0.017387 0.626447
vt 0.371285 0.775400
vt 0.371285 0.967658
vt 0.355968 0.967658
vt 0.355968 0.775400
vt 0.340650 0.967658
vt 0.340650 0.775400
vt 0.325332 0.967658
vt 0.325332 0.775400
vt 0.310015 0.967658
vt 0.310015 0.775400
vt 0.294697 0.967658
vt 0.294697 0.775400
vt 0.279379 0.967658
vt 0.279379 0.775400
vt 0.264062 0.967658
vt 0.264062 0.775400
vt 0.248744 0.967658
vt 0.248744 0.775400
vt 0.233427 0.967658
vt 0.233427 0.775400
vt 0.218109 0.967658
vt 0.218109 0.775400
vt 0.202791 0.967658
vt 0.202791 0.775400
vt 0.187474 0.967658
vt 0.187474 0.775400
vt 0.172156 0.967658
vt 0.172156 0.775400
vt 0.156838 0.967658
vt 0.156838 0.775400
vt 0.141521 0.967658
vt 0.141521 0.775400
vt 0.126203 0.967658
vt 0.126203 0.775400
vt 0.489119 0.167652
vt 0.399059 0.167652
vt 0.399059 0.137268
vt 0.482474 0.137268
vt 0.355676 0.167652
vt 0.355676 0.137268
vt 0.089459 0.167652
vt 0.009336 0.167652
vt 0.016002 0.137268
vt 0.089459 0.137268
vt 0.397087 0.174883
vt 0.357648 0.174883
vt 0.355676 0.165768
vt 0.399059 0.165768
vt 0.130870 0.174883
vt 0.091431 0.174883
vt 0.089459 0.165768
vt 0.132842 0.165768
vt 0.399059 0.241728
vt 0.482474 0.241728
vt 0.482474 0.173364
vt 0.399059 0.173364
vt 0.089459 0.241728
vt 0.132842 0.241728
vt 0.132842 0.173364
vt 0.089459 0.173364
vt 0.016002 0.241728
vt 0.016002 0.173364
vt 0.355676 0.241728
vt 0.355676 0.173364
vt 0.494440 0.192270
vt 0.489193 0.167993
vt 0.487322 0.168953
vt 0.492569 0.193231
vt 0.132842 0.167652
vt 0.132842 0.137268
vt 0.089459 0.174857
vt 0.002692 0.174800
vt 0.002692 0.165768
vt 0.355676 0.176057
vt 0.132842 0.176057
vt 0.495686 0.174800
vt 0.399059 0.174857
vt 0.495686 0.165768
vt 0.397535 0.182479
vt 0.356951 0.182479
vt 0.234311 0.218545
vt 0.240227 0.218545
vt 0.245157 0.226141
vt 0.240989 0.226141
vt 0.240210 0.226141
vt 0.131567 0.182479
vt 0.090983 0.182479
vt 0.089459 0.182844
vt 0.089459 0.218545
vt 0.002692 0.218545
vt 0.002692 0.198036
vt 0.234311 0.198036
vt 0.240172 0.226141
vt 0.283610 0.226141
vt 0.283610 0.198036
vt 0.002692 0.241728
vt 0.495686 0.241728
vt 0.495686 0.198036
vt 0.495686 0.218545
vt 0.399059 0.218545
vt 0.399059 0.182844
vt 0.240227 0.185882
vt 0.234311 0.182844
vt 0.130870 0.185882
vt 0.130870 0.218545
vt 0.091431 0.218545
vt 0.091431 0.185882
vt 0.397087 0.185882
vt 0.397087 0.218545
vt 0.357648 0.218545
vt 0.357648 0.185882
vt 0.355676 0.182844
vt 0.355676 0.218545
vt 0.132842 0.218545
vt 0.132842 0.182844
vt 0.483722 0.178763
vt 0.483722 0.241728
vt 0.481851 0.241728
vt 0.481851 0.178763
vt 0.014761 0.143036
vt 0.009263 0.167993
vt 0.011133 0.168956
vt 0.016632 0.143999
vt 0.238255 0.192270
vt 0.283610 0.192270
vt 0.283610 0.143033
vt 0.242745 0.143033
vt 0.239241 0.137268
vt 0.283610 0.137268
vt 0.238255 0.167993
vt 0.234311 0.167652
vt 0.283610 0.168613
vt 0.238255 0.168953
vt 0.242745 0.143993
vt 0.283610 0.143993
vt 0.283610 0.193231
vt 0.238255 0.193231
vt 0.494440 0.241728
vt 0.494440 0.171845
vt 0.492569 0.171845
vt 0.492569 0.241728
vt 0.483722 0.143033
vt 0.481851 0.143993
vt 0.283610 0.192277
vt 0.238255 0.192277
vt 0.238255 0.167993
vt 0.242744 0.143036
vt 0.283610 0.143036
vt 0.238255 0.168956
vt 0.283610 0.168615
vt 0.283610 0.143999
vt 0.242744 0.143999
vt 0.238255 0.193241
vt 0.283610 0.193241
vt 0.003951 0.192277
vt 0.005821 0.193241
vt 0.014761 0.241728
vt 0.014761 0.178762
vt 0.016632 0.178763
vt 0.016632 0.241728
vt 0.003951 0.171845
vt 0.003951 0.241728
vt 0.005821 0.241728
vt 0.005821 0.171845
vt 0.654535 0.338086
vt 0.642495 0.337306
vt 0.648034 0.325842
vt 0.542313 0.261205
vt 0.552201 0.282291
vt 0.540825 0.293614
vt 0.661944 0.331026
vt 0.532176 0.255803
vt 0.643881 0.219003
vt 0.633099 0.219774
vt 0.642246 0.206793
vt 0.722481 0.273344
vt 0.713565 0.268347
vt 0.724250 0.263423
vt 0.544377 0.227723
vt 0.653466 0.211475
vt 0.685327 0.098913
vt 0.687154 0.089117
vt 0.707988 0.093424
vt 0.743941 0.182239
vt 0.739673 0.172586
vt 0.753162 0.176276
vt 0.834120 0.166962
vt 0.819496 0.153512
vt 0.833504 0.153197
vt 0.819582 0.167426
vt 0.804904 0.155631
vt 0.818207 0.182126
vt 0.804631 0.169580
vt 0.790357 0.159379
vt 0.803198 0.184208
vt 0.789941 0.173192
vt 0.776552 0.164401
vt 0.800684 0.198825
vt 0.788675 0.187454
vt 0.776214 0.177841
vt 0.764051 0.170201
vt 0.786670 0.201467
vt 0.775314 0.191453
vt 0.763962 0.183029
vt 0.784157 0.214573
vt 0.773949 0.204599
vt 0.763531 0.195769
vt 0.753408 0.188307
vt 0.835147 0.139212
vt 0.846666 0.155006
vt 0.820835 0.139307
vt 0.805444 0.141300
vt 0.789826 0.145307
vt 0.774853 0.151039
vt 0.761265 0.157924
vt 0.749503 0.165295
vt 0.821109 0.124356
vt 0.804858 0.126109
vt 0.802923 0.110840
vt 0.788199 0.130211
vt 0.785265 0.114855
vt 0.780961 0.100076
vt 0.772101 0.136502
vt 0.768122 0.121487
vt 0.762898 0.106848
vt 0.756594 0.093347
vt 0.757456 0.144400
vt 0.752495 0.130198
vt 0.746393 0.116108
vt 0.739348 0.102925
vt 0.731714 0.091223
vt 0.744848 0.153100
vt 0.739100 0.140104
vt 0.732284 0.126959
vt 0.724582 0.114417
vt 0.716319 0.103118
vt 0.734448 0.161840
vt 0.728194 0.150267
vt 0.720938 0.138351
vt 0.712825 0.126714
vt 0.704089 0.115968
vt 0.694945 0.106580
vt 0.852695 0.149261
vt 0.840929 0.131663
vt 0.823397 0.114034
vt 0.800068 0.098478
vt 0.772120 0.087336
vt 0.742049 0.082210
vt 0.712877 0.083225
vt 0.771130 0.216984
vt 0.754143 0.233364
vt 0.757606 0.220066
vt 0.767752 0.230205
vt 0.760769 0.207370
vt 0.737873 0.249530
vt 0.740998 0.236768
vt 0.750548 0.246600
vt 0.744259 0.223676
vt 0.747503 0.210899
vt 0.750585 0.198994
vt 0.726389 0.252302
vt 0.735009 0.261406
vt 0.728900 0.240213
vt 0.731734 0.227585
vt 0.734787 0.214985
vt 0.737923 0.202977
vt 0.741008 0.191986
vt 0.732424 0.182792
vt 0.719568 0.184400
vt 0.726568 0.172926
vt 0.705723 0.187314
vt 0.712009 0.174651
vt 0.691486 0.191667
vt 0.696552 0.178101
vt 0.677605 0.197373
vt 0.681039 0.183382
vt 0.664774 0.204123
vt 0.666392 0.190271
vt 0.653337 0.198272
vt 0.719578 0.162065
vt 0.703233 0.164132
vt 0.711467 0.150611
vt 0.686242 0.168423
vt 0.693398 0.153354
vt 0.702394 0.139171
vt 0.669702 0.174940
vt 0.675127 0.158837
vt 0.682834 0.142979
vt 0.692641 0.128425
vt 0.654643 0.183241
vt 0.657950 0.166845
vt 0.663683 0.149946
vt 0.671952 0.133639
vt 0.682508 0.118950
vt 0.641719 0.192608
vt 0.642881 0.176664
vt 0.646314 0.159554
vt 0.652396 0.142223
vt 0.661134 0.125760
vt 0.672192 0.111111
vt 0.664334 0.100602
vt 0.641344 0.106171
vt 0.664411 0.089841
vt 0.616182 0.118010
vt 0.636251 0.096836
vt 0.591099 0.137333
vt 0.604770 0.113047
vt 0.569236 0.163607
vt 0.574350 0.140004
vt 0.553238 0.194673
vt 0.550274 0.176106
vt 0.536158 0.216730
vt 0.728971 0.193524
vt 0.725531 0.205565
vt 0.722270 0.218569
vt 0.719359 0.231965
vt 0.716922 0.245080
vt 0.715001 0.257330
vt 0.715697 0.196182
vt 0.712090 0.209260
vt 0.701661 0.200140
vt 0.708973 0.223126
vt 0.698195 0.214111
vt 0.687575 0.205394
vt 0.706511 0.237071
vt 0.695556 0.228562
vt 0.684607 0.219966
vt 0.674214 0.211711
vt 0.704758 0.250373
vt 0.693840 0.242704
vt 0.682746 0.234615
vt 0.672038 0.226489
vt 0.662189 0.218688
vt 0.703655 0.262502
vt 0.692985 0.255854
vt 0.681966 0.248568
vt 0.671121 0.240928
vt 0.660950 0.233266
vt 0.651812 0.225888
vt 0.651675 0.115853
vt 0.641307 0.133655
vt 0.634078 0.152868
vt 0.630181 0.172124
vt 0.629234 0.190169
vt 0.630482 0.206162
vt 0.629109 0.125394
vt 0.620483 0.146545
vt 0.605980 0.141185
vt 0.615920 0.168037
vt 0.600567 0.164953
vt 0.584784 0.163379
vt 0.615099 0.188299
vt 0.599728 0.187468
vt 0.583796 0.188129
vt 0.568077 0.190551
vt 0.617117 0.206209
vt 0.602471 0.207317
vt 0.587140 0.209874
vt 0.571886 0.214159
vt 0.557446 0.220224
vt 0.620884 0.221297
vt 0.607452 0.223867
vt 0.593273 0.227793
vt 0.579017 0.233331
vt 0.565397 0.240637
vt 0.553019 0.249811
vt 0.504544 0.212344
vt 0.516868 0.164849
vt 0.695762 0.007149
vt 0.738455 0.001502
vt 0.501744 0.257300
vt 0.530206 0.294057
vt 0.546518 0.329576
vt 0.538724 0.340247
vt 0.562049 0.367142
vt 0.562247 0.387780
vt 0.587678 0.401784
vt 0.715219 0.280263
vt 0.707042 0.288055
vt 0.705088 0.275301
vt 0.698103 0.296572
vt 0.695668 0.283168
vt 0.688713 0.305520
vt 0.685593 0.291757
vt 0.679289 0.314499
vt 0.675321 0.300721
vt 0.670257 0.323106
vt 0.665371 0.309631
vt 0.656187 0.318092
vt 0.693938 0.269373
vt 0.683351 0.277179
vt 0.682150 0.262531
vt 0.672340 0.285695
vt 0.670641 0.270155
vt 0.670294 0.254980
vt 0.661490 0.294544
vt 0.659045 0.278478
vt 0.658246 0.262343
vt 0.658995 0.247053
vt 0.651366 0.303297
vt 0.648010 0.287123
vt 0.646482 0.270404
vt 0.646827 0.254122
vt 0.648760 0.239118
vt 0.642357 0.311594
vt 0.638060 0.295683
vt 0.635627 0.278803
vt 0.635266 0.261895
vt 0.636823 0.245895
vt 0.639867 0.231487
vt 0.584374 0.378113
vt 0.565391 0.345548
vt 0.555101 0.312528
vt 0.585709 0.356838
vt 0.606411 0.383938
vt 0.606024 0.363481
vt 0.572038 0.327697
vt 0.590365 0.338683
vt 0.608745 0.345680
vt 0.625047 0.366182
vt 0.626027 0.349341
vt 0.565249 0.299644
vt 0.580514 0.313478
vt 0.596897 0.323779
vt 0.613261 0.330802
vt 0.628659 0.335087
vt 0.641460 0.350544
vt 0.628344 0.234164
vt 0.624994 0.250793
vt 0.623769 0.269087
vt 0.625138 0.288012
vt 0.629091 0.306326
vt 0.635128 0.322962
vt 0.615468 0.237976
vt 0.612122 0.257167
vt 0.601660 0.243229
vt 0.611733 0.277914
vt 0.598845 0.265231
vt 0.587618 0.250173
vt 0.614678 0.298750
vt 0.599940 0.288396
vt 0.586035 0.275064
vt 0.574189 0.258951
vt 0.620615 0.318160
vt 0.605022 0.310802
vt 0.589283 0.300359
vt 0.574598 0.286594
vt 0.562175 0.269620
vt 0.784027 0.003700
vt 0.538989 0.119562
vt 0.828782 0.014213
vt 0.568375 0.081081
vt 0.869114 0.031658
vt 0.548956 0.397865
vt 0.520995 0.348264
vt 0.600600 0.051841
vt 0.506455 0.299667
vt 0.902726 0.053371
vt 0.631482 0.031671
vt 0.929012 0.076535
vt 0.658570 0.018822
vt 0.935864 0.201662
vt 0.935864 0.189386
vt 0.952402 0.189386
vt 0.952402 0.201662
vt 0.618612 0.046344
vt 0.611416 0.033881
vt 0.620445 0.026953
vt 0.629126 0.041988
vt 0.560486 0.012785
vt 0.546586 0.016509
vt 0.542231 0.005995
vt 0.559001 0.001502
vt 0.622336 0.074635
vt 0.622336 0.060244
vt 0.633619 0.058759
vt 0.633619 0.076120
vt 0.588777 0.016509
vt 0.574877 0.012785
vt 0.576362 0.001502
vt 0.593133 0.005995
vt 0.523947 0.033881
vt 0.516752 0.046344
vt 0.506238 0.041988
vt 0.514918 0.026953
vt 0.601240 0.023705
vt 0.608168 0.014676
vt 0.534123 0.023705
vt 0.527195 0.014676
vt 0.618612 0.088535
vt 0.629126 0.092890
vt 0.710913 0.370846
vt 0.710913 0.355810
vt 0.727450 0.355810
vt 0.727450 0.370846
vt 0.935864 0.174350
vt 0.952402 0.174350
vt 0.952402 0.189386
vt 0.952402 0.177109
vt 0.968940 0.177109
vt 0.968940 0.189386
vt 0.935864 0.157580
vt 0.952402 0.157580
vt 0.952402 0.162073
vt 0.968940 0.162073
vt 0.952402 0.145303
vt 0.968940 0.145303
vt 0.952402 0.127942
vt 0.968940 0.127942
vt 0.952402 0.111171
vt 0.968940 0.111171
vt 0.710913 0.404978
vt 0.710913 0.387616
vt 0.727450 0.387616
vt 0.727450 0.404978
vt 0.952402 0.096136
vt 0.968940 0.096136
vt 0.709370 0.352086
vt 0.695469 0.355810
vt 0.694526 0.348642
vt 0.706603 0.345406
vt 0.721833 0.344890
vt 0.717431 0.339154
vt 0.732008 0.334714
vt 0.726272 0.330313
vt 0.739204 0.322252
vt 0.732524 0.319485
vt 0.742928 0.308351
vt 0.735760 0.307407
vt 0.742928 0.293960
vt 0.735760 0.294904
vt 0.739204 0.280060
vt 0.732524 0.282827
vt 0.732008 0.267597
vt 0.726272 0.271999
vt 0.721833 0.257421
vt 0.717431 0.263157
vt 0.709370 0.250226
vt 0.706603 0.256906
vt 0.695469 0.246501
vt 0.694526 0.253670
vt 0.681078 0.246501
vt 0.682022 0.253670
vt 0.877116 0.088048
vt 0.877116 0.001502
vt 0.891507 0.001502
vt 0.891507 0.088048
vt 0.905408 0.001502
vt 0.905408 0.088048
vt 0.917870 0.001502
vt 0.917870 0.088048
vt 0.928046 0.001502
vt 0.928046 0.088048
vt 0.858571 0.182682
vt 0.858571 0.096136
vt 0.871034 0.096136
vt 0.871034 0.182682
vt 0.884934 0.096136
vt 0.884934 0.182682
vt 0.899325 0.096136
vt 0.899325 0.182682
vt 0.913225 0.096136
vt 0.913225 0.182682
vt 0.925688 0.096136
vt 0.925688 0.182682
vt 0.935864 0.096136
vt 0.935864 0.182682
vt 0.633619 0.442357
vt 0.633619 0.355810
vt 0.646082 0.355810
vt 0.646082 0.442357
vt 0.659983 0.355810
vt 0.659983 0.442357
vt 0.528044 0.494597
vt 0.528044 0.001777
vt 0.531348 0.001774
vt 0.531348 0.494594
vt 0.534527 0.001721
vt 0.534527 0.494542
vt 0.537364 0.001623
vt 0.537364 0.494443
vt 0.501744 0.493609
vt 0.501744 0.001502
vt 0.504189 0.001678
vt 0.504189 0.493785
vt 0.507126 0.001798
vt 0.507126 0.493905
vt 0.510355 0.001854
vt 0.510355 0.493961
vt 0.513656 0.001841
vt 0.513656 0.493948
vt 0.516803 0.001761
vt 0.516803 0.493869
vt 0.519583 0.001620
vt 0.519583 0.493727
vt 0.555193 0.492154
vt 0.555193 0.001502
vt 0.557533 0.001759
vt 0.557533 0.492411
vt 0.560398 0.001941
vt 0.560398 0.492592
vt 0.563591 0.002034
vt 0.563591 0.492686
vt 0.566895 0.002034
vt 0.566895 0.492686
vt 0.570085 0.001939
vt 0.570085 0.492591
vt 0.572945 0.001756
vt 0.572945 0.492408
vt 0.537364 0.491550
vt 0.537364 0.001502
vt 0.539795 0.001772
vt 0.539795 0.491820
vt 0.542723 0.001957
vt 0.542723 0.492005
vt 0.545948 0.002044
vt 0.545948 0.492092
vt 0.549250 0.002027
vt 0.549250 0.492076
vt 0.552403 0.001908
vt 0.552403 0.491957
vt 0.555193 0.001694
vt 0.555193 0.491743
vt 0.519583 0.494322
vt 0.519583 0.001502
vt 0.521954 0.001636
vt 0.521954 0.494456
vt 0.644695 0.146451
vt 0.643842 0.143258
vt 0.646598 0.142160
vt 0.647641 0.146064
vt 0.524840 0.001730
vt 0.524840 0.494550
vt 0.641044 0.185109
vt 0.642696 0.182247
vt 0.644031 0.182800
vt 0.642190 0.185988
vt 0.637007 0.159792
vt 0.639862 0.158142
vt 0.641732 0.160360
vt 0.638241 0.162378
vt 0.619655 0.149739
vt 0.620508 0.152932
vt 0.618064 0.153989
vt 0.617020 0.150085
vt 0.627342 0.136398
vt 0.624487 0.138048
vt 0.622930 0.135789
vt 0.626421 0.133771
vt 0.642193 0.140396
vt 0.639862 0.138058
vt 0.641732 0.135800
vt 0.644582 0.138659
vt 0.642193 0.155807
vt 0.643842 0.152946
vt 0.646598 0.154007
vt 0.644582 0.157505
vt 0.622156 0.155794
vt 0.624487 0.158132
vt 0.622930 0.160349
vt 0.620079 0.157490
vt 0.622156 0.140383
vt 0.620508 0.143244
vt 0.618064 0.142142
vt 0.620079 0.138644
vt 0.637007 0.136404
vt 0.633823 0.135547
vt 0.634347 0.132730
vt 0.638241 0.133778
vt 0.644695 0.149755
vt 0.647641 0.150104
vt 0.633823 0.160645
vt 0.634347 0.163422
vt 0.627342 0.159786
vt 0.630526 0.160643
vt 0.630315 0.163419
vt 0.626421 0.162371
vt 0.619655 0.146435
vt 0.617020 0.146045
vt 0.630526 0.135545
vt 0.630315 0.132727
vt 0.585480 0.335060
vt 0.585992 0.335045
vt 0.587329 0.346429
vt 0.585939 0.346470
vt 0.588574 0.359741
vt 0.586367 0.359806
vt 0.589644 0.374073
vt 0.586734 0.374159
vt 0.590464 0.388449
vt 0.587017 0.388551
vt 0.590980 0.401889
vt 0.587194 0.402002
vt 0.591156 0.413478
vt 0.587254 0.413594
vt 0.585678 0.161477
vt 0.586127 0.161443
vt 0.588358 0.172781
vt 0.587143 0.172875
vt 0.590437 0.186048
vt 0.588507 0.186196
vt 0.592223 0.200337
vt 0.589679 0.200532
vt 0.593593 0.214676
vt 0.590578 0.214907
vt 0.594455 0.228088
vt 0.591143 0.228342
vt 0.594748 0.239658
vt 0.591336 0.239919
vt 0.584074 0.248359
vt 0.584593 0.248368
vt 0.584304 0.259705
vt 0.582897 0.259681
vt 0.584034 0.272981
vt 0.581801 0.272943
vt 0.583803 0.287292
vt 0.580859 0.287241
vt 0.583625 0.301661
vt 0.580136 0.301601
vt 0.583513 0.315110
vt 0.579681 0.315044
vt 0.583475 0.326723
vt 0.579526 0.326655
vt 0.584949 0.335060
vt 0.584500 0.346470
vt 0.584081 0.359807
vt 0.583722 0.374160
vt 0.583446 0.388552
vt 0.583273 0.402002
vt 0.583213 0.413594
vt 0.585171 0.161496
vt 0.585769 0.172927
vt 0.586326 0.186278
vt 0.586804 0.200641
vt 0.587170 0.215036
vt 0.587401 0.228483
vt 0.587480 0.240065
vt 0.583602 0.248340
vt 0.581618 0.259629
vt 0.579769 0.272860
vt 0.578181 0.287132
vt 0.576962 0.301472
vt 0.576196 0.314902
vt 0.575935 0.326508
vt 0.584436 0.335045
vt 0.583109 0.346430
vt 0.581872 0.359742
vt 0.580810 0.374074
vt 0.579996 0.388451
vt 0.579483 0.401891
vt 0.579309 0.413480
vt 0.584641 0.161499
vt 0.584331 0.172934
vt 0.584042 0.186289
vt 0.583793 0.200656
vt 0.583603 0.215054
vt 0.583483 0.228503
vt 0.583442 0.240085
vt 0.583210 0.248311
vt 0.580553 0.259552
vt 0.578077 0.272738
vt 0.575951 0.286971
vt 0.574320 0.301281
vt 0.573294 0.314693
vt 0.572945 0.326292
vt 0.583975 0.335016
vt 0.581861 0.346350
vt 0.579891 0.359616
vt 0.578199 0.373909
vt 0.576901 0.388254
vt 0.576085 0.401676
vt 0.575806 0.413257
vt 0.584123 0.161485
vt 0.582926 0.172896
vt 0.581811 0.186229
vt 0.580853 0.200577
vt 0.580118 0.214960
vt 0.579657 0.228399
vt 0.579499 0.239979
vt 0.629966 0.052049
vt 0.630422 0.052033
vt 0.632581 0.063271
vt 0.631345 0.063314
vt 0.634593 0.076458
vt 0.632630 0.076526
vt 0.636320 0.090696
vt 0.633734 0.090786
vt 0.637646 0.105015
vt 0.634581 0.105122
vt 0.638479 0.118439
vt 0.635113 0.118556
vt 0.638764 0.130053
vt 0.635294 0.130174
vt 0.583599 0.334975
vt 0.580842 0.346238
vt 0.578272 0.359438
vt 0.576065 0.373674
vt 0.574372 0.387977
vt 0.573308 0.401370
vt 0.572945 0.412943
vt 0.583652 0.161455
vt 0.581650 0.172815
vt 0.579785 0.186101
vt 0.578184 0.200408
vt 0.576955 0.214760
vt 0.576182 0.228180
vt 0.575918 0.239753
vt 0.629455 0.052057
vt 0.629960 0.063337
vt 0.630431 0.076563
vt 0.630835 0.090834
vt 0.631146 0.105179
vt 0.631341 0.118619
vt 0.631407 0.130238
vt 0.628409 0.052050
vt 0.628924 0.052058
vt 0.628521 0.063338
vt 0.627125 0.063317
vt 0.628145 0.076565
vt 0.625929 0.076532
vt 0.627823 0.090837
vt 0.624902 0.090794
vt 0.627576 0.105182
vt 0.624113 0.105131
vt 0.627420 0.118622
vt 0.623618 0.118566
vt 0.627367 0.130241
vt 0.623449 0.130184
vt 0.585630 0.248353
vt 0.586076 0.248330
vt 0.588324 0.259603
vt 0.587113 0.259665
vt 0.590418 0.272820
vt 0.588495 0.272918
vt 0.592216 0.287079
vt 0.589682 0.287208
vt 0.593596 0.301409
vt 0.590593 0.301562
vt 0.594464 0.314833
vt 0.591165 0.315001
vt 0.594760 0.326437
vt 0.591360 0.326610
vt 0.583261 0.161412
vt 0.580591 0.172698
vt 0.578103 0.185914
vt 0.575966 0.200162
vt 0.574327 0.214468
vt 0.573296 0.227859
vt 0.572945 0.239422
vt 0.627945 0.052035
vt 0.625868 0.063277
vt 0.623932 0.076467
vt 0.622270 0.090709
vt 0.620995 0.105030
vt 0.620193 0.118455
vt 0.619920 0.130069
vt 0.585124 0.248366
vt 0.585742 0.259700
vt 0.586318 0.272973
vt 0.586812 0.287281
vt 0.587191 0.301648
vt 0.587430 0.315096
vt 0.587511 0.326707
vt 0.586452 0.335016
vt 0.588574 0.346349
vt 0.590552 0.359614
vt 0.592251 0.373906
vt 0.593554 0.388252
vt 0.594373 0.401673
vt 0.594652 0.413254
vt 0.627564 0.052014
vt 0.624835 0.063218
vt 0.622292 0.076374
vt 0.620109 0.090586
vt 0.618433 0.104885
vt 0.617380 0.118296
vt 0.617020 0.129905
vt 0.584763 0.242557
vt 0.587511 0.329190
vt 0.583475 0.329205
vt 0.579526 0.329137
vt 0.591360 0.329092
vt 0.584822 0.155628
vt 0.619920 0.132555
vt 0.617020 0.132391
vt 0.629160 0.046282
vt 0.594748 0.242130
vt 0.591336 0.242391
vt 0.623449 0.132670
vt 0.585211 0.329205
vt 0.594652 0.415729
vt 0.591156 0.415952
vt 0.587254 0.416068
vt 0.575918 0.242225
vt 0.572945 0.241894
vt 0.594760 0.328919
vt 0.627367 0.132727
vt 0.631407 0.132724
vt 0.635294 0.132659
vt 0.579499 0.242451
vt 0.575806 0.415732
vt 0.572945 0.415418
vt 0.638764 0.132538
vt 0.583442 0.242557
vt 0.579309 0.415954
vt 0.575935 0.328990
vt 0.572945 0.328774
vt 0.587480 0.242537
vt 0.583213 0.416069
vt 0.663847 0.043160
vt 0.663389 0.039627
vt 0.665010 0.039627
vt 0.664761 0.043160
vt 0.666609 0.039627
vt 0.665662 0.043160
vt 0.668125 0.039627
vt 0.666516 0.043160
vt 0.669499 0.039627
vt 0.667291 0.043160
vt 0.675352 0.270376
vt 0.672458 0.271132
vt 0.672301 0.269518
vt 0.675264 0.269466
vt 0.672458 0.267904
vt 0.675352 0.268556
vt 0.662412 0.106649
vt 0.660174 0.102893
vt 0.661539 0.102821
vt 0.663182 0.106608
vt 0.663049 0.102772
vt 0.664033 0.106581
vt 0.662956 0.049489
vt 0.662956 0.043160
vt 0.663847 0.049489
vt 0.664932 0.106567
vt 0.664645 0.102748
vt 0.666267 0.102750
vt 0.665846 0.106569
vt 0.667852 0.102779
vt 0.666740 0.106585
vt 0.669338 0.102833
vt 0.667578 0.106615
vt 0.659442 0.181091
vt 0.659006 0.177622
vt 0.660574 0.177307
vt 0.660325 0.180914
vt 0.662173 0.177308
vt 0.661227 0.180914
vt 0.663741 0.177626
vt 0.662110 0.181093
vt 0.665217 0.178247
vt 0.662943 0.181444
vt 0.666547 0.179149
vt 0.663692 0.181952
vt 0.667677 0.180297
vt 0.664329 0.182599
vt 0.668565 0.181646
vt 0.664829 0.183359
vt 0.669177 0.183145
vt 0.665174 0.184204
vt 0.669489 0.184736
vt 0.665350 0.185101
vt 0.669489 0.186358
vt 0.665350 0.186015
vt 0.669177 0.187948
vt 0.665174 0.186911
vt 0.668565 0.189446
vt 0.664829 0.187756
vt 0.667677 0.190794
vt 0.664329 0.188515
vt 0.666547 0.191940
vt 0.663692 0.189161
vt 0.665217 0.192841
vt 0.662943 0.189669
vt 0.663741 0.193460
vt 0.662110 0.190018
vt 0.662173 0.193776
vt 0.661227 0.190196
vt 0.660574 0.193775
vt 0.660326 0.190195
vt 0.659006 0.193457
vt 0.659442 0.190016
vt 0.661808 0.039627
vt 0.665840 0.389053
vt 0.666988 0.389094
vt 0.666988 0.399690
vt 0.665840 0.399649
vt 0.632153 0.483637
vt 0.632478 0.485225
vt 0.631343 0.485396
vt 0.631059 0.484007
vt 0.631526 0.482142
vt 0.630511 0.482699
vt 0.630622 0.480796
vt 0.629719 0.481521
vt 0.629474 0.479650
vt 0.628715 0.480519
vt 0.628128 0.478750
vt 0.627537 0.479731
vt 0.626634 0.478129
vt 0.626230 0.479188
vt 0.625051 0.477812
vt 0.624844 0.478910
vt 0.623439 0.477810
vt 0.623434 0.478908
vt 0.621859 0.478124
vt 0.622052 0.479183
vt 0.620374 0.478742
vt 0.620752 0.479724
vt 0.619039 0.479639
vt 0.619584 0.480509
vt 0.617907 0.480782
vt 0.618594 0.481509
vt 0.617020 0.482126
vt 0.617818 0.482685
vt 0.664927 0.434824
vt 0.664996 0.433313
vt 0.666097 0.433790
vt 0.666037 0.435113
vt 0.664885 0.436422
vt 0.666001 0.436511
vt 0.664871 0.438043
vt 0.665988 0.437930
vt 0.664885 0.439626
vt 0.666001 0.439315
vt 0.664927 0.441110
vt 0.666037 0.440614
vt 0.664996 0.442438
vt 0.666097 0.441776
vt 0.619124 0.492399
vt 0.617976 0.491254
vt 0.618654 0.490672
vt 0.619658 0.491674
vt 0.620470 0.493300
vt 0.620836 0.492462
vt 0.661808 0.033739
vt 0.660328 0.033739
vt 0.660842 0.032710
vt 0.662137 0.032710
vt 0.663389 0.033739
vt 0.663520 0.032710
vt 0.665010 0.033739
vt 0.664939 0.032710
vt 0.666609 0.033739
vt 0.666338 0.032710
vt 0.628224 0.493308
vt 0.626738 0.493926
vt 0.626321 0.493010
vt 0.627621 0.492469
vt 0.629558 0.492410
vt 0.628789 0.491684
vt 0.630691 0.491268
vt 0.629780 0.490684
vt 0.631577 0.489923
vt 0.630556 0.489508
vt 0.632185 0.488429
vt 0.631087 0.488200
vt 0.632489 0.486842
vt 0.631353 0.486812
vt 0.624939 0.493285
vt 0.623529 0.493283
vt 0.622143 0.493005
vt 0.617862 0.489494
vt 0.617314 0.488186
vt 0.617030 0.486797
vt 0.617020 0.485381
vt 0.617286 0.483993
vt 0.664645 0.096880
vt 0.666267 0.096882
vt 0.663049 0.096903
vt 0.667852 0.096911
vt 0.669338 0.096965
vt 0.670670 0.097041
vt 0.670670 0.102910
vt 0.678190 0.129287
vt 0.672301 0.129287
vt 0.672301 0.128031
vt 0.678190 0.128031
vt 0.672301 0.126598
vt 0.678190 0.126598
vt 0.672301 0.125045
vt 0.678190 0.125045
vt 0.672301 0.123430
vt 0.678190 0.123430
vt 0.672301 0.121817
vt 0.678190 0.121817
vt 0.672301 0.120266
vt 0.678190 0.120266
vt 0.672301 0.118838
vt 0.678190 0.118838
vt 0.672301 0.117587
vt 0.678190 0.117587
vt 0.659222 0.431881
vt 0.665087 0.431944
vt 0.659131 0.433249
vt 0.659062 0.434761
vt 0.659020 0.436358
vt 0.659006 0.437980
vt 0.659020 0.439563
vt 0.659062 0.441047
vt 0.659131 0.442375
vt 0.665087 0.443559
vt 0.659222 0.443496
vt 0.659006 0.039627
vt 0.659006 0.033739
vt 0.660328 0.039627
vt 0.668125 0.033739
vt 0.669499 0.033739
vt 0.670679 0.033739
vt 0.670679 0.039627
vt 0.659006 0.102987
vt 0.659006 0.097119
vt 0.660174 0.097025
vt 0.661539 0.096953
vt 0.662122 0.049489
vt 0.662122 0.043160
vt 0.661377 0.049489
vt 0.661377 0.043160
vt 0.672400 0.260678
vt 0.678704 0.260678
vt 0.678763 0.261309
vt 0.672458 0.261309
vt 0.672353 0.259930
vt 0.678658 0.259930
vt 0.672321 0.259094
vt 0.678625 0.259094
vt 0.672303 0.258202
vt 0.678607 0.258202
vt 0.672301 0.257288
vt 0.678605 0.257288
vt 0.672315 0.256387
vt 0.678619 0.256387
vt 0.672344 0.255535
vt 0.678649 0.255535
vt 0.672388 0.254763
vt 0.678692 0.254763
vt 0.678630 0.262014
vt 0.672301 0.262014
vt 0.672301 0.261309
vt 0.678630 0.261309
vt 0.678630 0.262819
vt 0.672301 0.262819
vt 0.678630 0.263693
vt 0.672301 0.263694
vt 0.678630 0.264603
vt 0.672301 0.264603
vt 0.678630 0.265513
vt 0.672301 0.265513
vt 0.678630 0.266389
vt 0.672301 0.266389
vt 0.678630 0.267196
vt 0.672301 0.267196
vt 0.678630 0.267904
vt 0.672301 0.267904
vt 0.667578 0.112922
vt 0.668328 0.106658
vt 0.668328 0.112965
vt 0.666740 0.112892
vt 0.665846 0.112876
vt 0.664033 0.112888
vt 0.664932 0.112874
vt 0.663182 0.112915
vt 0.662412 0.112956
vt 0.661754 0.113009
vt 0.661754 0.106702
vt 0.667291 0.049489
vt 0.667956 0.043160
vt 0.667956 0.049489
vt 0.666516 0.049489
vt 0.665662 0.049489
vt 0.664761 0.049489
vt 0.661293 0.218406
vt 0.662246 0.217066
vt 0.663000 0.217574
vt 0.662326 0.219101
vt 0.663837 0.217923
vt 0.663474 0.219580
vt 0.664727 0.218101
vt 0.664692 0.219824
vt 0.665633 0.218101
vt 0.665935 0.219824
vt 0.666522 0.217922
vt 0.667153 0.219579
vt 0.667360 0.217572
vt 0.668301 0.219099
vt 0.668113 0.217064
vt 0.669334 0.218402
vt 0.668754 0.216417
vt 0.670213 0.217516
vt 0.670903 0.216474
vt 0.669258 0.215657
vt 0.669605 0.214812
vt 0.671378 0.215316
vt 0.669782 0.213915
vt 0.671621 0.214087
vt 0.669782 0.213001
vt 0.671621 0.212834
vt 0.669605 0.212105
vt 0.671378 0.211605
vt 0.669258 0.211260
vt 0.670903 0.210448
vt 0.668754 0.210500
vt 0.670213 0.209407
vt 0.668113 0.209854
vt 0.669334 0.208521
vt 0.667359 0.209347
vt 0.668301 0.207825
vt 0.666522 0.208997
vt 0.667153 0.207346
vt 0.665633 0.208819
vt 0.665935 0.207102
vt 0.664726 0.208820
vt 0.664692 0.207103
vt 0.663837 0.208998
vt 0.663474 0.207348
vt 0.663000 0.209349
vt 0.662326 0.207828
vt 0.662246 0.209857
vt 0.661293 0.208524
vt 0.661605 0.210503
vt 0.660414 0.209411
vt 0.661102 0.211264
vt 0.659724 0.210453
vt 0.660755 0.212108
vt 0.659249 0.211611
vt 0.660578 0.213005
vt 0.659006 0.212839
vt 0.660578 0.213919
vt 0.659006 0.214092
vt 0.660755 0.214816
vt 0.659249 0.215321
vt 0.661102 0.215660
vt 0.659724 0.216479
vt 0.661605 0.216420
vt 0.660414 0.217520
vt 0.659973 0.421248
vt 0.659006 0.421248
vt 0.659006 0.410616
vt 0.659973 0.410616
vt 0.659006 0.421248
vt 0.660028 0.421248
vt 0.660028 0.431881
vt 0.659006 0.431881
vt 0.659909 0.389141
vt 0.660963 0.389085
vt 0.660963 0.399681
vt 0.659909 0.399737
vt 0.664768 0.421248
vt 0.663521 0.421248
vt 0.663521 0.410616
vt 0.664768 0.410616
vt 0.663266 0.410403
vt 0.662043 0.410427
vt 0.662043 0.399836
vt 0.663266 0.399812
vt 0.664880 0.421248
vt 0.666051 0.421248
vt 0.666051 0.431881
vt 0.664880 0.431881
vt 0.668017 0.389153
vt 0.668017 0.399749
vt 0.667979 0.410519
vt 0.666921 0.410459
vt 0.666921 0.399868
vt 0.667979 0.399928
vt 0.661171 0.421248
vt 0.661171 0.431881
vt 0.662129 0.389047
vt 0.662129 0.399643
vt 0.662274 0.421248
vt 0.662274 0.410616
vt 0.660897 0.410472
vt 0.660897 0.399881
vt 0.667112 0.421248
vt 0.667112 0.431881
vt 0.668045 0.421248
vt 0.667075 0.421248
vt 0.667075 0.410616
vt 0.668045 0.410616
vt 0.665752 0.410419
vt 0.665752 0.399828
vt 0.662392 0.421248
vt 0.662392 0.431881
vt 0.663363 0.389028
vt 0.664615 0.389030
vt 0.664615 0.399626
vt 0.663363 0.399625
vt 0.661076 0.421248
vt 0.661076 0.410616
vt 0.659871 0.410535
vt 0.659871 0.399944
vt 0.668024 0.421248
vt 0.668024 0.431881
vt 0.665968 0.421248
vt 0.665968 0.410616
vt 0.664518 0.410400
vt 0.664518 0.399809
vt 0.663644 0.421248
vt 0.663644 0.431881
vt 0.659006 0.410616
vt 0.659006 0.400025
vt 0.659006 0.389213
vt 0.659006 0.399809
vt 0.659006 0.287500
vt 0.659354 0.219824
vt 0.660511 0.219824
vt 0.660859 0.287500
vt 0.604047 0.071260
vt 0.604187 0.004232
vt 0.617008 0.001502
vt 0.617008 0.068696
vt 0.672301 0.067365
vt 0.672517 0.001502
vt 0.673238 0.001502
vt 0.673455 0.067365
vt 0.609718 0.154588
vt 0.596061 0.084578
vt 0.603486 0.085849
vt 0.617020 0.155628
vt 0.617020 0.333314
vt 0.621491 0.320420
vt 0.622641 0.320428
vt 0.627112 0.333381
vt 0.665310 0.024938
vt 0.662735 0.032710
vt 0.661582 0.032697
vt 0.659006 0.024870
vt 0.665310 0.014409
vt 0.659006 0.014341
vt 0.621143 0.365627
vt 0.617020 0.357767
vt 0.627112 0.357834
vt 0.622989 0.365639
vt 0.585892 0.149413
vt 0.585759 0.082340
vt 0.572945 0.079186
vt 0.586475 0.008774
vt 0.593888 0.006694
vt 0.580229 0.076953
vt 0.572945 0.146008
vt 0.572945 0.079186
vt 0.662517 0.001510
vt 0.661799 0.001502
vt 0.621395 0.243303
vt 0.624589 0.243459
vt 0.623930 0.268907
vt 0.620128 0.268720
vt 0.641044 0.169698
vt 0.638708 0.167361
vt 0.639587 0.166215
vt 0.642190 0.168819
vt 0.620960 0.169698
vt 0.619307 0.172559
vt 0.617973 0.172007
vt 0.619814 0.168819
vt 0.620960 0.185109
vt 0.623296 0.187446
vt 0.622417 0.188592
vt 0.619814 0.185988
vt 0.635846 0.189098
vt 0.638708 0.187446
vt 0.639587 0.188592
vt 0.636399 0.190432
vt 0.643551 0.175751
vt 0.642696 0.172559
vt 0.644031 0.172007
vt 0.644983 0.175563
vt 0.632654 0.164854
vt 0.629350 0.164854
vt 0.629161 0.163422
vt 0.632843 0.163422
vt 0.626158 0.165709
vt 0.623296 0.167361
vt 0.622417 0.166215
vt 0.625605 0.164375
vt 0.618452 0.179056
vt 0.619307 0.182247
vt 0.617973 0.182800
vt 0.617020 0.179244
vt 0.629350 0.189953
vt 0.632654 0.189953
vt 0.632843 0.191385
vt 0.629161 0.191385
vt 0.643551 0.179056
vt 0.644983 0.179244
vt 0.635846 0.165709
vt 0.636399 0.164375
vt 0.618452 0.175751
vt 0.617020 0.175563
vt 0.626158 0.189098
vt 0.625605 0.190432
vt 0.605811 0.426635
vt 0.602334 0.423967
vt 0.603953 0.421162
vt 0.608101 0.424344
vt 0.618902 0.268970
vt 0.621628 0.269149
vt 0.620265 0.294569
vt 0.617020 0.294357
vt 0.628377 0.217599
vt 0.632054 0.217541
vt 0.632790 0.242984
vt 0.628412 0.243054
vt 0.628147 0.243513
vt 0.628166 0.268970
vt 0.624901 0.269261
vt 0.624161 0.294703
vt 0.635566 0.217370
vt 0.636971 0.242781
vt 0.631828 0.243459
vt 0.632548 0.268907
vt 0.628498 0.269299
vt 0.628443 0.294748
vt 0.638672 0.217098
vt 0.640668 0.242458
vt 0.635381 0.243303
vt 0.636777 0.268720
vt 0.632176 0.269261
vt 0.632821 0.294703
vt 0.618953 0.294748
vt 0.621596 0.294880
vt 0.620166 0.320288
vt 0.617020 0.320132
vt 0.638563 0.243054
vt 0.640565 0.268424
vt 0.635681 0.269149
vt 0.636994 0.294569
vt 0.624812 0.294962
vt 0.623994 0.320387
vt 0.628382 0.294991
vt 0.632063 0.294962
vt 0.632625 0.320387
vt 0.628244 0.320420
vt 0.618807 0.217098
vt 0.621519 0.217370
vt 0.620249 0.242781
vt 0.617020 0.242458
vt 0.638777 0.268970
vt 0.640679 0.294357
vt 0.635604 0.294880
vt 0.636841 0.320288
vt 0.624783 0.217541
vt 0.624135 0.242984
vt 0.618784 0.243054
vt 0.617020 0.268424
vt 0.638763 0.294748
vt 0.640602 0.320132
vt 0.659006 0.338168
vt 0.662875 0.338446
vt 0.662875 0.363576
vt 0.659006 0.363297
vt 0.602334 0.453043
vt 0.605811 0.450375
vt 0.608101 0.452666
vt 0.603953 0.455848
vt 0.577725 0.434160
vt 0.577153 0.438505
vt 0.573914 0.438505
vt 0.574596 0.433322
vt 0.577725 0.442850
vt 0.579402 0.446899
vt 0.576597 0.448518
vt 0.574596 0.443688
vt 0.598285 0.422290
vt 0.599123 0.419161
vt 0.608478 0.446899
vt 0.611283 0.448518
vt 0.582070 0.450375
vt 0.579779 0.452666
vt 0.593940 0.421718
vt 0.593940 0.418479
vt 0.610155 0.442850
vt 0.613284 0.443688
vt 0.585546 0.453043
vt 0.583927 0.455848
vt 0.589595 0.422290
vt 0.588757 0.419161
vt 0.610727 0.438505
vt 0.613966 0.438505
vt 0.589595 0.454720
vt 0.588757 0.457849
vt 0.585546 0.423967
vt 0.583927 0.421162
vt 0.610155 0.434160
vt 0.613284 0.433322
vt 0.593940 0.455292
vt 0.593940 0.458531
vt 0.582070 0.426635
vt 0.579779 0.424344
vt 0.608478 0.430111
vt 0.611283 0.428492
vt 0.598285 0.454720
vt 0.599123 0.457849
vt 0.579402 0.430111
vt 0.576597 0.428492
vt 0.657354 0.029087
vt 0.655354 0.033903
vt 0.652172 0.038038
vt 0.648025 0.041209
vt 0.643196 0.043199
vt 0.638013 0.043874
vt 0.632831 0.043187
vt 0.628002 0.041185
vt 0.623855 0.038004
vt 0.620673 0.033862
vt 0.618672 0.029040
vt 0.617990 0.023868
vt 0.618672 0.018697
vt 0.620673 0.013880
vt 0.623855 0.009746
vt 0.628002 0.006575
vt 0.632831 0.004585
vt 0.638013 0.003910
vt 0.643196 0.004597
vt 0.648025 0.006599
vt 0.652172 0.009780
vt 0.655354 0.013922
vt 0.657354 0.018743
vt 0.658036 0.023916
vt 0.617020 0.365854
vt 0.622244 0.365828
vt 0.622244 0.390852
vt 0.617020 0.390879
vt 0.627167 0.416556
vt 0.632218 0.416704
vt 0.632218 0.441760
vt 0.627167 0.441611
vt 0.640857 0.191385
vt 0.640709 0.195015
vt 0.617089 0.195015
vt 0.617237 0.191385
vt 0.627233 0.365639
vt 0.627233 0.390664
vt 0.659006 0.073330
vt 0.663090 0.073329
vt 0.663090 0.096879
vt 0.659006 0.096880
vt 0.640640 0.199005
vt 0.617020 0.199005
vt 0.629747 0.367292
vt 0.633195 0.367028
vt 0.633195 0.390549
vt 0.629747 0.390813
vt 0.667033 0.073212
vt 0.667033 0.096762
vt 0.642311 0.200940
vt 0.642331 0.206162
vt 0.617201 0.206162
vt 0.617181 0.200940
vt 0.617020 0.392266
vt 0.619950 0.392432
vt 0.619950 0.416086
vt 0.617020 0.415920
vt 0.659006 0.287789
vt 0.663530 0.287500
vt 0.663530 0.312556
vt 0.659006 0.312845
vt 0.642457 0.211141
vt 0.617327 0.211141
vt 0.622664 0.390879
vt 0.627230 0.391027
vt 0.627230 0.416194
vt 0.622664 0.416045
vt 0.659006 0.049558
vt 0.663089 0.049554
vt 0.663089 0.073208
vt 0.659006 0.073212
vt 0.659006 0.363576
vt 0.662854 0.364004
vt 0.662854 0.389028
vt 0.659006 0.388601
vt 0.640850 0.213663
vt 0.641025 0.217098
vt 0.617405 0.217098
vt 0.617230 0.213663
vt 0.632299 0.391102
vt 0.632299 0.416268
vt 0.667018 0.049489
vt 0.667018 0.073143
vt 0.659006 0.126933
vt 0.662625 0.127161
vt 0.662625 0.150682
vt 0.659006 0.150454
vt 0.617020 0.417529
vt 0.619912 0.417847
vt 0.619912 0.441397
vt 0.617020 0.441079
vt 0.659006 0.313001
vt 0.663495 0.312845
vt 0.663495 0.338011
vt 0.666610 0.127269
vt 0.666610 0.150790
vt 0.622635 0.416268
vt 0.622635 0.441324
vt 0.574507 0.449729
vt 0.572945 0.445956
vt 0.576993 0.452969
vt 0.593941 0.460949
vt 0.589893 0.460416
vt 0.597990 0.460416
vt 0.613375 0.449729
vt 0.610889 0.452969
vt 0.614938 0.445956
vt 0.613375 0.427289
vt 0.614938 0.431062
vt 0.610889 0.424049
vt 0.593941 0.416069
vt 0.597990 0.416602
vt 0.589893 0.416602
vt 0.574507 0.427289
vt 0.576993 0.424049
vt 0.572945 0.431062
vt 0.659006 0.031348
vt 0.657444 0.035110
vt 0.654958 0.038340
vt 0.642061 0.045755
vt 0.638013 0.046282
vt 0.633965 0.045745
vt 0.621068 0.038299
vt 0.618583 0.035064
vt 0.617020 0.031298
vt 0.617020 0.016436
vt 0.618583 0.012674
vt 0.621068 0.009444
vt 0.633965 0.002029
vt 0.638013 0.001502
vt 0.642061 0.002038
vt 0.654958 0.009485
vt 0.657444 0.012720
vt 0.659006 0.016486
vt 0.675102 0.068870
vt 0.675102 0.092525
vt 0.672301 0.092531
vt 0.672301 0.067365
vt 0.672301 0.254646
vt 0.672301 0.230992
vt 0.674265 0.229597
vt 0.674265 0.254763
vt 0.674622 0.180827
vt 0.674622 0.204447
vt 0.672301 0.204572
vt 0.672301 0.179442
vt 0.672301 0.179360
vt 0.672301 0.155839
vt 0.675021 0.154417
vt 0.675021 0.179442
vt 0.674631 0.205888
vt 0.674631 0.229409
vt 0.672301 0.229597
vt 0.675103 0.094029
vt 0.675103 0.117579
vt 0.672301 0.154365
vt 0.672301 0.130745
vt 0.675025 0.129287
vt 0.675025 0.154417
vt 0.633839 0.449845
vt 0.633398 0.448236
vt 0.634332 0.447850
vt 0.634820 0.449630
vt 0.632653 0.446742
vt 0.633508 0.446197
vt 0.631633 0.445420
vt 0.632379 0.444735
vt 0.630376 0.444320
vt 0.630989 0.443519
vt 0.628932 0.443486
vt 0.629392 0.442596
vt 0.627356 0.442949
vt 0.627648 0.442002
vt 0.625708 0.442730
vt 0.625825 0.441760
vt 0.624051 0.442837
vt 0.623993 0.441878
vt 0.622450 0.443266
vt 0.622221 0.442353
vt 0.620966 0.444001
vt 0.620579 0.443166
vt 0.619655 0.445013
vt 0.619129 0.444285
vt 0.618569 0.446264
vt 0.617928 0.445669
vt 0.617748 0.447705
vt 0.617020 0.447263
vt 0.670268 0.177206
vt 0.668710 0.177152
vt 0.668953 0.176178
vt 0.670675 0.176237
vt 0.667065 0.177127
vt 0.667133 0.176150
vt 0.665396 0.177130
vt 0.665286 0.176154
vt 0.663766 0.177162
vt 0.663483 0.176189
vt 0.662238 0.177222
vt 0.661793 0.176256
vt 0.660872 0.177307
vt 0.660282 0.176350
vt 0.619347 0.457018
vt 0.620603 0.458117
vt 0.620178 0.458781
vt 0.618788 0.457565
vt 0.622047 0.458952
vt 0.621775 0.459704
vt 0.660961 0.113009
vt 0.662485 0.113009
vt 0.662197 0.113909
vt 0.660512 0.113909
vt 0.664113 0.113009
vt 0.663998 0.113909
vt 0.665782 0.113009
vt 0.665845 0.113909
vt 0.667429 0.113009
vt 0.667666 0.113909
vt 0.628529 0.459172
vt 0.630013 0.458437
vt 0.630588 0.459134
vt 0.628946 0.459947
vt 0.631324 0.457425
vt 0.632038 0.458015
vt 0.632410 0.456174
vt 0.633239 0.456631
vt 0.633231 0.454733
vt 0.634147 0.455037
vt 0.633754 0.453157
vt 0.634725 0.453294
vt 0.633959 0.451506
vt 0.634952 0.451468
vt 0.671088 0.157652
vt 0.671090 0.155805
vt 0.672062 0.155910
vt 0.672060 0.157580
vt 0.671123 0.154000
vt 0.672092 0.154279
vt 0.671184 0.152307
vt 0.672147 0.152748
vt 0.629953 0.460165
vt 0.631477 0.461162
vt 0.630796 0.461761
vt 0.629419 0.460860
vt 0.632773 0.462441
vt 0.631968 0.462917
vt 0.633792 0.463952
vt 0.632889 0.464282
vt 0.634493 0.465636
vt 0.633523 0.465805
vt 0.634851 0.467431
vt 0.633847 0.467427
vt 0.634851 0.469265
vt 0.633847 0.469086
vt 0.634493 0.471070
vt 0.633523 0.470717
vt 0.633792 0.472775
vt 0.632889 0.472259
vt 0.632773 0.474315
vt 0.631968 0.473651
vt 0.631477 0.475632
vt 0.630797 0.474841
vt 0.629953 0.476673
vt 0.629419 0.475782
vt 0.628259 0.477400
vt 0.627888 0.476439
vt 0.626461 0.477784
vt 0.626262 0.476786
vt 0.624628 0.477810
vt 0.624605 0.476810
vt 0.622830 0.477478
vt 0.622980 0.476510
vt 0.621136 0.476801
vt 0.621448 0.475898
vt 0.619612 0.475804
vt 0.620070 0.474996
vt 0.618315 0.474525
vt 0.618899 0.473841
vt 0.617297 0.473014
vt 0.617978 0.472475
vt 0.662197 0.126032
vt 0.663998 0.126032
vt 0.664113 0.126933
vt 0.662485 0.126933
vt 0.665845 0.126032
vt 0.665782 0.126933
vt 0.667666 0.126032
vt 0.667429 0.126933
vt 0.669393 0.126032
vt 0.668989 0.126933
vt 0.670958 0.126032
vt 0.670404 0.126933
vt 0.617297 0.464191
vt 0.618315 0.462651
vt 0.618898 0.463106
vt 0.617978 0.464499
vt 0.619612 0.461335
vt 0.620070 0.461917
vt 0.671253 0.162744
vt 0.671171 0.161190
vt 0.672135 0.160778
vt 0.672210 0.162184
vt 0.671115 0.159470
vt 0.672084 0.159224
vt 0.659006 0.157652
vt 0.659009 0.155805
vt 0.631844 0.451435
vt 0.631754 0.450188
vt 0.631423 0.448981
vt 0.659033 0.159470
vt 0.659042 0.154000
vt 0.630864 0.447860
vt 0.659103 0.152307
vt 0.630099 0.446868
vt 0.659191 0.150790
vt 0.671272 0.150790
vt 0.629156 0.446043
vt 0.659006 0.207102
vt 0.659006 0.205671
vt 0.671129 0.205671
vt 0.671129 0.207102
vt 0.628073 0.445417
vt 0.659006 0.204040
vt 0.671129 0.204040
vt 0.626890 0.445014
vt 0.659006 0.202270
vt 0.671129 0.202270
vt 0.625653 0.444850
vt 0.659006 0.200431
vt 0.671129 0.200431
vt 0.624411 0.444930
vt 0.659006 0.198593
vt 0.671129 0.198593
vt 0.623209 0.445252
vt 0.659006 0.196827
vt 0.671129 0.196827
vt 0.622095 0.445803
vt 0.659006 0.195200
vt 0.671129 0.195200
vt 0.621112 0.446563
vt 0.659006 0.193776
vt 0.671129 0.193776
vt 0.620297 0.447501
vt 0.672235 0.176325
vt 0.670675 0.164162
vt 0.672235 0.164249
vt 0.619681 0.448582
vt 0.668953 0.164103
vt 0.619289 0.449765
vt 0.617226 0.449281
vt 0.667133 0.164075
vt 0.619135 0.451003
vt 0.617020 0.450932
vt 0.665286 0.164078
vt 0.619225 0.452250
vt 0.617140 0.452593
vt 0.663483 0.164114
vt 0.619556 0.453457
vt 0.617581 0.454202
vt 0.661793 0.164180
vt 0.620115 0.454578
vt 0.618326 0.455696
vt 0.660282 0.164274
vt 0.620880 0.455570
vt 0.659006 0.176468
vt 0.659006 0.164392
vt 0.621823 0.456395
vt 0.659006 0.113909
vt 0.660512 0.126032
vt 0.659006 0.126032
vt 0.622907 0.457021
vt 0.624089 0.457424
vt 0.623623 0.459489
vt 0.625326 0.457588
vt 0.625271 0.459708
vt 0.626569 0.457508
vt 0.626928 0.459601
vt 0.627770 0.457186
vt 0.669393 0.113909
vt 0.628884 0.456634
vt 0.670958 0.113909
vt 0.629867 0.455875
vt 0.672301 0.113909
vt 0.672301 0.126032
vt 0.630682 0.454937
vt 0.659278 0.164075
vt 0.659172 0.162744
vt 0.671360 0.164075
vt 0.631298 0.453855
vt 0.659089 0.161190
vt 0.631690 0.452673
vt 0.624605 0.459971
vt 0.626262 0.459947
vt 0.627887 0.460247
vt 0.617344 0.470952
vt 0.617020 0.469330
vt 0.617020 0.467671
vt 0.617344 0.466040
vt 0.621448 0.460975
vt 0.622979 0.460318
s 1
f 2/1/1 1/2/1 3/3/2 4/4/2
f 4/4/2 3/3/2 5/5/3 6/6/3
f 6/6/3 5/5/3 7/7/4 8/8/4
f 8/8/4 7/7/4 9/9/5 10/10/5
f 9/11/6 197/12/6 198/13/6 10/14/6
f 10/14/7 198/13/7 207/15/7 206/16/7 201/17/7 203/18/7 205/19/7 204/20/7 199/21/7 200/22/7 202/23/7 195/24/7
f 12/25/8 210/26/8 209/27/8
f 14/28/9 13/29/9 15/30/10 16/31/10
f 16/31/10 15/30/10 17/32/11 18/33/11
f 18/33/11 17/32/11 19/34/12 20/35/12
f 20/35/12 19/34/12 21/36/13 22/37/13
f 2/38/7 4/39/14 192/40/14 189/41/7
f 4/39/14 6/42/15 191/43/15 192/40/14
f 6/42/15 8/44/16 193/45/16 191/43/15
f 8/44/16 10/14/17 195/24/17 193/45/16
f 11/46/8 208/47/8 197/48/8 9/9/8
f 13/29/8 211/49/8 210/26/8 12/25/8
f 14/14/18 16/44/19 223/45/19 216/24/18
f 16/44/19 18/42/20 224/43/20 223/45/19
f 18/42/20 20/39/21 225/40/21 224/43/20
f 20/39/21 22/38/22 190/41/22 225/40/21
f 14/14/23 212/13/23 211/12/23 13/11/23
f 25/50/24 33/51/24 37/52/24 32/53/24 162/54/24 79/55/24 27/56/24 39/57/24
f 27/58/25 30/59/25 44/60/25 42/61/25
f 33/51/24 36/62/24 38/63/24 37/52/24
f 38/64/22 35/65/22 48/66/22 47/67/22
f 28/68/24 25/50/24 39/57/24 40/69/24
f 45/52/24 47/63/24 48/70/24 46/53/24
f 43/69/24 41/57/24 42/56/24 44/71/24
f 37/72/26 38/73/26 47/74/26 45/75/26
f 32/65/7 37/64/7 45/67/7 46/66/7
f 39/64/22 27/65/22 42/66/22 41/67/22
f 40/59/26 39/58/26 41/61/26 43/60/26
f 30/65/7 40/64/7 43/67/7 44/66/7
f 35/73/25 32/72/25 46/75/25 48/74/25
f 121/76/27 50/77/27 49/78/27 58/79/27
f 36/62/24 24/80/24 49/81/24 50/82/24 35/70/24 38/63/24
f 24/83/22 52/84/22 58/85/22 49/86/22
f 61/87/25 150/88/25 51/89/25
f 23/90/24 28/68/24 40/69/24 30/71/24 59/91/24
f 30/59/25 125/92/25 60/93/25 59/94/25
f 65/95/28 67/96/28 129/97/28 127/56/28
f 72/98/28 70/99/28 128/53/28 130/70/28
f 75/100/29 73/101/29 131/82/29 76/81/29
f 63/102/30 75/100/30 76/81/30 64/80/30
f 73/101/28 72/98/28 130/70/28 131/82/28
f 77/103/8 62/90/8 153/104/8 154/105/8
f 67/96/28 77/103/31 78/91/32 129/97/28
f 151/65/7 149/83/7 156/106/7 157/107/7
f 29/108/8 62/90/8 77/103/8 67/96/8
f 60/93/25 78/87/25 155/109/25 152/110/25
f 63/102/8 34/62/8 72/98/8 73/101/8 75/100/8
f 52/84/22 64/111/22 76/112/22 58/85/22
f 26/50/8 29/108/8 67/96/8 65/95/8
f 125/92/25 129/113/25 78/87/25 60/93/25
f 34/62/8 31/51/8 70/99/8 72/98/8
f 131/114/27 121/76/27 58/79/27 76/115/27
f 62/116/25 153/117/25 150/88/25 61/87/25
f 50/77/25 121/76/25 82/118/25 81/119/25
f 121/76/25 122/120/25 83/121/25 82/118/25
f 122/120/25 35/73/25 84/122/25 83/121/25
f 35/73/25 50/77/25 81/119/25 84/122/25
f 35/73/25 122/120/25 86/123/25 85/124/25
f 122/120/25 123/125/25 87/126/25 86/123/25
f 123/125/25 32/72/25 88/127/25 87/126/25
f 32/72/25 35/73/25 85/124/25 88/127/25
f 27/58/25 124/128/25 90/129/25 89/130/25
f 124/128/25 125/92/25 91/131/25 90/129/25
f 125/92/25 30/59/25 92/132/25 91/131/25
f 30/59/25 27/58/25 89/130/25 92/132/25
f 79/133/25 126/134/25 94/135/25 93/136/25
f 126/134/25 124/128/25 95/137/25 94/135/25
f 124/128/25 27/58/25 96/138/25 95/137/25
f 27/58/25 79/133/25 93/136/25 96/138/25
f 32/72/25 123/125/25 98/139/25 97/140/25
f 126/134/25 79/133/25 100/141/25 99/142/25
f 162/143/25 32/72/25 97/140/25 163/144/25
f 101/15/33 102/145/33 81/146/33 82/16/33
f 102/147/34 103/148/34 84/149/34 81/150/34
f 82/150/35 83/149/35 104/148/35 101/147/35
f 83/16/36 84/146/36 103/145/36 104/15/36
f 105/15/33 106/145/33 85/146/33 86/16/33
f 88/151/34 85/152/34 106/153/34 107/154/34
f 86/152/35 87/151/35 108/154/35 105/153/35
f 87/16/36 88/146/36 107/145/36 108/15/36
f 109/15/33 110/145/33 89/146/33 90/16/33
f 92/155/34 89/156/34 110/157/34 111/158/34
f 90/156/35 91/159/35 112/160/35 109/157/35
f 91/131/37 92/132/37 111/161/37 112/162/37
f 113/15/33 114/145/33 93/146/33 94/16/33
f 96/163/34 93/164/34 114/165/34 115/166/34
f 94/164/35 95/163/35 116/166/35 113/165/35
f 95/16/36 96/146/36 115/145/36 116/15/36
f 117/15/33 118/145/33 97/146/33 98/16/33
f 163/54/34 97/167/34 118/168/34 164/169/34
f 99/16/36 100/146/36 119/145/36 120/15/36
f 102/170/25 101/171/25 104/172/25 103/173/25
f 106/174/25 105/175/25 108/176/25 107/177/25
f 110/178/25 109/179/25 112/162/25 111/161/25
f 114/180/25 113/181/25 116/182/25 115/183/25
f 57/184/25 56/185/25 122/120/25 121/76/25
f 56/185/25 55/186/25 123/125/25 122/120/25
f 53/187/25 54/188/25 125/92/25 124/128/25
f 80/189/25 53/187/25 124/128/25 126/134/25
f 68/190/25 66/191/25 127/192/25 129/113/25
f 69/193/25 71/194/25 130/195/25 128/196/25
f 71/194/25 74/197/25 131/114/25 130/195/25
f 54/188/25 68/190/25 129/113/25 125/92/25
f 74/197/25 57/184/25 121/76/25 131/114/25
f 132/198/38 55/53/38 133/199/38
f 134/199/39 69/53/39 135/198/39
f 136/200/39 137/201/39 66/56/39
f 138/201/38 139/200/38 53/56/38
f 140/202/38 56/70/38 141/203/38
f 142/203/39 71/70/39 143/202/39
f 133/204/25 134/205/25 135/206/25 132/207/25
f 136/208/25 139/209/25 138/210/25 137/211/25
f 141/212/25 142/213/25 143/214/25 140/215/25
f 144/216/38 141/203/38 56/70/38 57/150/38
f 140/202/38 133/199/38 55/53/38 56/70/38
f 139/200/38 145/217/38 54/218/38 53/56/38
f 146/219/38 138/201/38 53/56/38 80/55/38
f 147/217/39 136/200/39 66/56/39 68/218/39
f 134/199/39 143/202/39 71/70/39 69/53/39
f 142/203/39 148/216/39 74/150/39 71/70/39
f 68/21/40 54/18/40 145/19/40 147/20/40
f 57/18/41 74/21/41 148/20/41 144/19/41
f 140/215/25 143/214/25 134/205/25 133/204/25
f 139/209/25 136/208/25 147/220/25 145/221/25
f 144/222/25 148/223/25 142/213/25 141/212/25
f 151/224/42 152/225/42 150/104/42 149/226/42
f 154/227/43 153/41/43 150/228/44 155/229/45
f 152/230/46 155/229/45 150/228/44
f 59/94/25 60/93/25 152/110/25 151/231/25
f 51/89/25 150/88/25 149/231/25 23/94/25
f 78/91/32 77/103/31 154/105/47 155/225/47
f 160/90/24 159/91/24 158/232/24 161/233/24
f 23/83/22 59/65/22 159/107/22 160/106/22
f 161/233/24 158/232/24 157/224/24 156/226/24
f 59/94/25 151/231/25 157/234/25 158/235/25 159/236/25
f 149/231/25 156/234/25 161/235/25 160/236/25 23/94/25
f 31/51/8 189/1/8 192/4/8 191/6/8 193/8/8 195/10/8 202/237/8 70/99/8
f 70/99/28 202/237/28 200/238/28 128/53/28
f 132/198/38 205/239/38 203/238/38 55/53/38
f 55/186/25 203/240/25 201/241/25 123/125/25
f 98/167/35 206/238/35 207/239/35 117/168/35
f 100/242/34 163/54/34 164/169/34 119/243/34
f 79/133/25 162/143/25 163/144/25 100/141/25
f 123/125/25 201/241/25 206/244/25 98/139/25
f 66/191/25 222/245/25 221/246/25 127/192/25
f 137/201/39 220/247/39 222/248/39 66/56/39
f 132/207/25 135/206/25 204/249/25 205/250/25
f 138/210/25 146/251/25 219/252/25 220/253/25 137/211/25
f 118/254/25 117/255/25 207/256/25 198/257/25 197/258/25 208/259/25 194/260/25 196/261/25 164/262/25
f 164/262/25 196/261/25 209/263/25 210/264/25 211/265/25 212/266/25 214/267/25 120/268/25 119/269/25
f 174/270/48 167/271/48 165/272/48 173/273/48
f 181/274/49 182/275/49 172/276/26 171/277/26
f 176/278/25 170/276/25 169/277/25 175/279/25
f 187/280/50 188/281/50 166/282/25 165/283/25
f 181/284/24 171/285/51 169/286/51 183/287/24
f 186/288/8 168/271/52 166/272/52 188/289/8
f 169/286/51 171/285/51 177/290/51 175/291/51
f 172/285/53 170/286/53 176/292/54 178/293/54
f 171/277/26 172/276/26 178/278/26 177/279/26
f 179/294/26 168/282/26 167/283/26 174/295/26
f 173/295/25 165/283/25 166/282/25 180/294/25
f 180/296/55 166/272/52 168/271/52 179/297/55
f 176/292/24 175/291/51 177/290/51 178/293/24
f 173/273/48 180/296/24 179/297/24 174/270/48
f 172/285/53 182/284/8 184/287/8 170/286/53
f 185/288/24 181/284/24 183/287/24 187/289/24
f 169/277/25 170/276/25 184/275/50 183/274/50
f 185/280/49 186/281/49 182/275/49 181/274/49
f 167/283/26 168/282/26 186/281/49 185/280/49
f 167/271/48 185/288/24 187/289/24 165/272/48
f 182/284/8 186/288/8 188/289/8 184/287/8
f 183/274/50 184/275/50 188/281/50 187/280/50
f 217/298/8 216/28/8 223/31/8 224/33/8 225/35/8 190/37/8 26/50/8 65/95/8
f 213/299/25 215/300/25 126/134/25 99/142/25
f 215/300/25 218/301/25 80/189/25 126/134/25
f 218/248/38 219/247/38 146/219/38 80/55/38
f 221/248/28 217/298/28 65/95/28 127/56/28
f 214/247/35 213/248/35 99/242/35 120/243/35
f 212/13/22 14/14/22 216/24/22 217/23/22 221/22/22 222/21/22 220/20/22 219/19/22 218/18/22 215/17/22 213/16/22 214/15/22
f 200/302/25 199/303/25 69/193/25 128/196/25
f 199/238/39 204/239/39 135/198/39 69/53/39
f 208/47/8 11/46/8 194/304/8
f 309/305/56 227/306/56 226/307/57 310/308/57
f 325/309/58 308/310/58 309/305/59 326/311/59
f 294/312/60 257/313/60 255/314/61 295/315/61
f 295/315/61 255/314/61 253/316/62 296/317/62
f 296/317/62 253/316/62 251/318/63 297/319/63
f 297/319/63 251/318/63 249/320/64 298/321/64
f 298/321/64 249/320/64 247/322/65 299/323/65
f 299/323/65 247/322/65 245/324/66 300/325/66
f 300/325/66 245/324/66 243/326/67 301/327/67
f 301/327/67 243/326/67 241/328/68 302/329/68
f 302/329/68 241/328/68 239/330/69 303/331/69
f 303/331/69 239/330/69 237/332/70 304/333/70
f 304/333/70 237/332/70 235/334/71 305/335/71
f 305/335/71 235/334/71 233/336/72 306/337/72
f 306/337/72 233/336/72 231/338/73 307/339/73
f 307/339/73 231/338/73 229/340/74 308/310/74
f 308/310/74 229/340/74 227/306/56 309/305/56
f 263/341/75 261/342/76 260/343/76 262/344/75
f 265/345/77 263/341/75 262/344/75 264/346/77
f 267/347/78 265/345/77 264/346/77 266/348/78
f 269/349/79 267/347/78 266/348/78 268/350/79
f 271/351/80 269/349/79 268/350/79 270/352/80
f 273/353/81 271/351/80 270/352/80 272/354/81
f 275/355/82 273/353/81 272/354/81 274/356/82
f 277/357/83 275/355/82 274/356/82 276/358/83
f 279/359/84 277/357/83 276/358/83 278/360/84
f 281/361/85 279/359/84 278/360/84 280/362/85
f 283/363/86 281/361/85 280/362/85 282/364/86
f 285/365/87 283/363/86 282/364/86 284/366/87
f 287/367/88 285/365/87 284/366/87 286/368/88
f 289/369/89 287/367/88 286/368/88 288/370/89
f 291/371/90 289/369/89 288/370/89 290/372/90
f 293/373/91 291/371/90 290/372/90 292/374/91
f 257/313/22 261/342/22 263/341/92 255/314/92
f 255/314/92 263/341/92 265/345/93 253/316/93
f 253/316/93 265/345/93 267/347/94 251/318/94
f 251/318/94 267/347/94 269/349/27 249/320/27
f 249/320/27 269/349/27 271/351/95 247/322/95
f 247/322/95 271/351/95 273/353/96 245/324/96
f 245/324/96 273/353/96 275/355/97 243/326/97
f 243/326/97 275/355/97 277/357/25 241/328/25
f 241/328/25 277/357/25 279/359/98 239/330/98
f 239/330/98 279/359/98 281/361/99 237/332/99
f 237/332/99 281/361/99 283/363/100 235/334/100
f 235/334/100 283/363/100 285/365/101 233/336/101
f 233/336/101 285/365/101 287/367/102 231/338/102
f 231/338/102 287/367/102 289/369/58 229/340/58
f 229/340/58 289/369/58 291/371/59 227/306/59
f 227/306/59 291/371/59 293/373/7 226/307/7
f 324/375/102 307/339/102 308/310/58 325/309/58
f 323/376/101 306/337/101 307/339/102 324/375/102
f 322/377/100 305/335/100 306/337/101 323/376/101
f 321/378/99 304/333/99 305/335/100 322/377/100
f 320/379/98 303/331/98 304/333/99 321/378/99
f 319/380/25 302/329/25 303/331/98 320/379/98
f 318/381/97 301/327/97 302/329/25 319/380/25
f 317/382/96 300/325/96 301/327/97 318/381/97
f 316/383/95 299/323/95 300/325/96 317/382/96
f 315/384/27 298/321/27 299/323/95 316/383/95
f 314/385/94 297/319/94 298/321/27 315/384/27
f 313/386/93 296/317/93 297/319/94 314/385/94
f 312/387/92 295/315/92 296/317/93 313/386/93
f 311/388/22 294/312/22 295/315/92 312/387/92
f 326/311/59 309/305/59 310/308/7 327/389/7
f 258/390/103 326/311/103 327/389/104 259/391/104
f 228/392/105 311/388/105 312/387/106 230/393/106
f 230/393/106 312/387/106 313/386/107 232/394/107
f 232/394/107 313/386/107 314/385/108 234/395/108
f 234/395/108 314/385/108 315/384/109 236/396/109
f 236/396/109 315/384/109 316/383/110 238/397/110
f 238/397/110 316/383/110 317/382/111 240/398/111
f 240/398/111 317/382/111 318/381/112 242/399/112
f 242/399/112 318/381/112 319/380/113 244/400/113
f 244/400/113 319/380/113 320/379/114 246/401/114
f 246/401/114 320/379/114 321/378/115 248/402/115
f 248/402/115 321/378/115 322/377/116 250/403/116
f 250/403/116 322/377/116 323/376/117 252/404/117
f 252/404/117 323/376/117 324/375/118 254/405/118
f 254/405/118 324/375/118 325/309/119 256/406/119
f 256/406/119 325/309/119 326/311/103 258/390/103
f 234/395/94 236/396/27 332/407/27 331/408/94
f 252/404/101 254/405/102 341/409/102 340/410/101
f 244/400/25 246/401/98 337/411/98 336/412/25
f 236/396/27 238/397/95 333/413/95 332/407/27
f 254/405/102 256/406/58 342/414/58 341/409/102
f 228/392/22 230/393/92 329/415/92 328/416/22
f 246/401/98 248/402/99 338/417/99 337/411/98
f 238/397/95 240/398/96 334/418/96 333/413/95
f 256/406/58 258/390/59 343/419/59 342/414/58
f 230/393/92 232/394/93 330/420/93 329/415/92
f 248/402/99 250/403/100 339/421/100 338/417/99
f 240/398/96 242/399/97 335/422/97 334/418/96
f 258/390/59 259/391/7 344/423/7 343/419/59
f 232/394/93 234/395/94 331/408/94 330/420/93
f 250/403/100 252/404/101 340/410/101 339/421/100
f 242/399/97 244/400/25 336/412/25 335/422/97
f 346/424/120 350/425/121 349/426/121 345/427/120
f 352/428/122 348/429/76 347/430/76 351/431/122
f 350/425/121 354/432/123 353/433/123 349/426/121
f 356/434/77 352/428/122 351/431/122 355/435/77
f 354/432/123 358/436/124 357/437/124 353/433/123
f 360/438/78 356/434/77 355/435/77 359/439/78
f 358/436/124 362/440/125 361/441/125 357/437/124
f 364/442/79 360/438/78 359/439/78 363/443/79
f 362/440/125 366/444/126 365/445/126 361/441/125
f 368/446/80 364/442/79 363/443/79 367/447/80
f 366/444/126 370/448/127 369/449/127 365/445/126
f 372/450/81 368/446/80 367/447/80 371/451/81
f 370/448/127 374/452/128 373/453/128 369/449/127
f 376/454/82 372/450/81 371/451/81 375/455/82
f 374/452/128 378/456/129 377/457/129 373/453/128
f 380/458/83 376/454/82 375/455/82 379/459/83
f 378/456/129 382/460/130 381/461/130 377/457/129
f 384/462/84 380/458/83 379/459/83 383/463/84
f 382/460/130 386/464/131 385/465/131 381/461/130
f 388/466/85 384/462/84 383/463/84 387/467/85
f 386/464/131 390/468/132 389/469/132 385/465/131
f 392/470/86 388/466/85 387/467/85 391/471/86
f 390/468/132 394/472/133 393/473/133 389/469/132
f 396/474/87 392/470/86 391/471/86 395/475/87
f 394/472/133 398/476/134 397/477/134 393/473/133
f 400/478/88 396/474/87 395/475/87 399/479/88
f 398/476/134 402/480/135 401/481/135 397/477/134
f 404/482/89 400/478/88 399/479/88 403/483/89
f 402/480/135 406/484/136 405/485/136 401/481/135
f 408/486/90 404/482/89 403/483/89 407/487/90
f 406/484/136 410/488/137 409/489/137 405/485/136
f 412/490/91 408/486/90 407/487/90 411/491/91
f 346/492/22 348/493/22 352/494/92 350/495/92
f 350/495/92 352/494/92 356/496/93 354/497/93
f 354/497/93 356/496/93 360/498/94 358/499/94
f 358/499/94 360/498/94 364/500/27 362/501/27
f 362/501/27 364/500/27 368/502/95 366/503/95
f 366/503/95 368/502/95 372/504/96 370/505/96
f 370/505/96 372/504/96 376/506/97 374/507/97
f 374/507/97 376/506/97 380/508/25 378/509/25
f 378/509/25 380/508/25 384/510/98 382/511/98
f 382/511/98 384/510/98 388/512/99 386/513/99
f 386/513/99 388/512/99 392/514/100 390/515/100
f 390/515/100 392/514/100 396/516/101 394/517/101
f 394/517/101 396/516/101 400/518/102 398/519/102
f 398/519/102 400/518/102 404/520/58 402/521/58
f 402/521/58 404/520/58 408/522/59 406/523/59
f 406/523/59 408/522/59 412/524/7 410/525/7
f 473/526/138 466/527/139 436/528/140 471/529/140
f 466/527/139 465/530/139 441/531/140 436/528/140
f 463/532/141 483/533/142 484/534/143 439/535/144
f 426/536/145 424/537/145 427/538/145 428/539/145
f 420/540/145 422/541/145 429/542/145 430/543/145
f 442/544/24 435/545/24 471/546/24 436/547/24
f 433/548/24 438/549/24 440/550/24 439/551/24
f 431/552/24 433/548/24 439/551/24 484/553/24
f 438/549/24 437/554/24 441/555/24 440/550/24
f 437/554/24 442/544/24 436/547/24 441/555/24
f 416/556/26 467/557/146 478/558/147 479/559/26
f 469/560/139 463/532/141 439/535/144 440/561/140
f 465/530/139 469/560/139 440/561/140 441/531/140
f 462/562/148 444/563/148 443/564/148 461/542/148
f 458/565/149 459/566/149 460/543/149 457/538/149
f 445/567/150 455/568/150 456/539/150 446/569/150
f 453/570/28 451/571/28 452/537/28 454/536/28
f 457/572/151 452/573/152 451/574/153 458/575/153
f 454/573/154 456/572/155 455/576/156 453/574/156
f 447/577/28 449/578/28 450/541/28 448/540/28
f 459/575/157 447/574/157 448/573/158 460/572/159
f 461/572/160 450/573/161 449/574/162 462/576/162
f 429/579/25 461/580/25 443/581/25 481/582/25
f 481/583/7 443/572/7 444/584/7 415/585/7 414/586/7
f 421/548/8 415/587/8 444/563/8 462/562/8
f 418/588/8 425/544/8 455/568/8 445/567/8
f 417/586/163 418/585/22 445/584/22 446/572/22 470/583/163
f 470/589/25 446/590/25 456/591/25 428/592/25
f 448/573/158 420/593/164 430/594/164 460/572/159
f 420/595/25 448/596/25 450/597/25 422/598/25
f 421/548/8 462/562/8 449/578/8 447/577/8 459/566/8 419/549/8
f 422/593/165 450/573/161 461/572/160 429/594/165
f 423/554/8 458/565/8 451/571/8 453/570/8 455/568/8 425/544/8
f 426/599/25 454/600/25 452/601/25 424/602/25
f 424/593/165 452/573/152 457/572/151 427/594/165
f 454/573/154 426/593/164 428/594/164 456/572/155
f 427/603/25 457/604/25 460/605/25 430/606/25
f 423/554/8 419/549/8 459/566/8 458/565/8
f 427/603/25 430/606/25 469/560/139 465/530/139
f 430/606/25 429/579/25 463/532/141 469/560/139
f 434/607/166 474/608/166 477/609/166 480/610/166
f 432/611/167 464/612/167 488/613/167 490/614/167
f 429/579/25 481/582/25 483/533/142 463/532/141
f 428/592/25 427/603/25 465/530/139 466/527/139
f 470/589/25 428/592/25 466/527/139 473/526/138
f 416/615/168 472/616/168 417/586/163 470/583/163
f 474/617/169 434/618/170 471/619/171 435/620/169
f 467/621/172 416/615/168 470/583/163 473/622/173
f 434/618/170 467/621/172 473/622/173 471/619/171
f 475/623/174 478/624/175 480/625/176 477/626/176
f 476/627/168 479/628/168 478/624/175 475/623/174
f 472/629/177 416/630/177 479/631/177 476/632/177
f 467/557/146 434/633/178 480/634/178 478/558/147
f 482/635/179 413/636/180 481/583/180 414/586/179
f 464/637/181 432/638/182 484/619/182 483/622/183
f 432/638/182 485/639/184 431/620/184 484/619/182
f 488/640/185 468/641/186 486/642/187 490/643/187
f 413/636/180 464/637/181 483/622/183 481/583/180
f 489/644/188 487/645/188 468/641/186 488/640/185
f 464/612/26 413/646/26 489/647/26 488/613/26
f 485/648/189 432/649/189 490/650/189 486/651/189
f 413/652/190 482/653/190 487/654/190 489/655/190
f 491/656/191 505/657/192 504/658/193
f 492/659/194 511/660/195 522/661/196
f 491/656/191 504/658/193 529/662/197
f 492/659/198 522/661/199 537/663/200
f 493/664/201 518/665/202 544/666/203
f 494/667/204 536/668/205 558/669/206
f 492/659/207 537/663/208 545/670/209
f 493/664/201 544/666/203 559/671/210
f 495/672/211 566/673/212 584/674/213
f 496/675/214 573/676/215 592/677/216
f 593/678/217 587/679/218 586/680/219
f 593/678/217 594/681/220 587/679/218
f 594/681/220 588/682/221 587/679/218
f 595/683/222 596/684/223 594/681/220
f 594/681/220 596/684/223 588/682/221
f 596/684/223 589/685/224 588/682/221
f 595/683/222 597/686/225 596/684/223
f 597/686/225 598/687/226 596/684/223
f 596/684/223 598/687/226 589/685/224
f 598/687/226 590/688/227 589/685/224
f 599/689/228 600/690/229 597/686/225
f 597/686/225 600/690/229 598/687/226
f 600/690/229 601/691/230 598/687/226
f 598/687/226 601/691/230 590/688/227
f 601/691/230 591/692/231 590/688/227
f 599/689/228 602/693/232 600/690/229
f 602/693/232 603/694/233 600/690/229
f 600/690/229 603/694/233 601/691/230
f 603/694/233 604/695/234 601/691/230
f 601/691/230 604/695/234 591/692/231
f 604/695/234 592/677/216 591/692/231
f 577/696/235 576/697/236 602/693/232
f 602/693/232 576/697/236 603/694/233
f 576/697/236 575/698/237 603/694/233
f 603/694/233 575/698/237 604/695/234
f 575/698/237 574/699/238 604/695/234
f 604/695/234 574/699/238 592/677/216
f 574/699/238 496/675/214 592/677/216
f 586/680/219 578/700/239 497/701/240
f 587/679/218 605/702/241 586/680/219
f 588/682/221 606/703/242 587/679/218
f 589/685/224 608/704/243 588/682/221
f 590/688/227 611/705/244 589/685/224
f 591/692/231 615/706/245 590/688/227
f 592/677/216 620/707/246 591/692/231
f 586/680/219 605/702/241 578/700/239
f 605/702/241 579/708/247 578/700/239
f 587/679/218 606/703/242 605/702/241
f 606/703/242 607/709/248 605/702/241
f 605/702/241 607/709/248 579/708/247
f 607/709/248 580/710/249 579/708/247
f 588/682/221 608/704/243 606/703/242
f 608/704/243 609/711/250 606/703/242
f 606/703/242 609/711/250 607/709/248
f 609/711/250 610/712/251 607/709/248
f 607/709/248 610/712/251 580/710/249
f 610/712/251 581/713/252 580/710/249
f 589/685/224 611/705/244 608/704/243
f 611/705/244 612/714/253 608/704/243
f 608/704/243 612/714/253 609/711/250
f 612/714/253 613/715/254 609/711/250
f 609/711/250 613/715/254 610/712/251
f 613/715/254 614/716/255 610/712/251
f 610/712/251 614/716/255 581/713/252
f 614/716/255 582/717/256 581/713/252
f 590/688/227 615/706/245 611/705/244
f 615/706/245 616/718/257 611/705/244
f 611/705/244 616/718/257 612/714/253
f 616/718/257 617/719/258 612/714/253
f 612/714/253 617/719/258 613/715/254
f 617/719/258 618/720/259 613/715/254
f 613/715/254 618/720/259 614/716/255
f 618/720/259 619/721/260 614/716/255
f 614/716/255 619/721/260 582/717/256
f 619/721/260 583/722/261 582/717/256
f 591/692/231 620/707/246 615/706/245
f 620/707/246 621/723/262 615/706/245
f 615/706/245 621/723/262 616/718/257
f 621/723/262 622/724/263 616/718/257
f 616/718/257 622/724/263 617/719/258
f 622/724/263 623/725/264 617/719/258
f 617/719/258 623/725/264 618/720/259
f 623/725/264 624/726/265 618/720/259
f 618/720/259 624/726/265 619/721/260
f 624/726/265 625/727/266 619/721/260
f 619/721/260 625/727/266 583/722/261
f 625/727/266 584/674/267 583/722/261
f 592/677/216 573/676/215 620/707/246
f 573/676/215 572/728/268 620/707/246
f 620/707/246 572/728/268 621/723/262
f 572/728/268 571/729/269 621/723/262
f 621/723/262 571/729/269 622/724/263
f 571/729/269 570/730/270 622/724/263
f 622/724/263 570/730/270 623/725/264
f 570/730/270 569/731/271 623/725/264
f 623/725/264 569/731/271 624/726/265
f 569/731/271 568/732/272 624/726/265
f 624/726/265 568/732/272 625/727/266
f 568/732/272 567/733/273 625/727/266
f 625/727/266 567/733/273 584/674/267
f 567/733/273 495/672/274 584/674/267
f 578/700/275 585/734/276 497/701/277
f 579/708/278 626/735/279 578/700/275
f 580/710/280 627/736/281 579/708/278
f 581/713/282 628/737/283 580/710/280
f 582/717/284 629/738/285 581/713/282
f 583/722/286 630/739/287 582/717/284
f 584/674/213 631/740/288 583/722/286
f 578/700/275 626/735/279 585/734/276
f 579/708/278 627/736/281 626/735/279
f 580/710/280 628/737/283 627/736/281
f 581/713/282 629/738/285 628/737/283
f 582/717/284 630/739/287 629/738/285
f 583/722/286 631/740/288 630/739/287
f 584/674/213 566/673/212 631/740/288
f 633/741/289 576/697/236 577/696/235
f 635/742/290 636/743/291 632/744/292
f 632/744/292 636/743/291 633/741/289
f 636/743/291 637/745/293 633/741/289
f 633/741/289 637/745/293 576/697/236
f 637/745/293 575/698/237 576/697/236
f 639/746/294 640/747/295 634/748/296
f 634/748/296 640/747/295 635/742/290
f 640/747/295 641/749/297 635/742/290
f 635/742/290 641/749/297 636/743/291
f 641/749/297 642/750/298 636/743/291
f 636/743/291 642/750/298 637/745/293
f 642/750/298 643/751/299 637/745/293
f 637/745/293 643/751/299 575/698/237
f 643/751/299 574/699/238 575/698/237
f 558/669/206 557/752/300 638/753/301
f 638/753/301 557/752/300 639/746/294
f 557/752/300 556/754/302 639/746/294
f 639/746/294 556/754/302 640/747/295
f 556/754/302 555/755/303 640/747/295
f 640/747/295 555/755/303 641/749/297
f 555/755/303 554/756/304 641/749/297
f 641/749/297 554/756/304 642/750/298
f 554/756/304 553/757/305 642/750/298
f 642/750/298 553/757/305 643/751/299
f 553/757/305 552/758/306 643/751/299
f 643/751/299 552/758/306 574/699/238
f 552/758/306 496/675/214 574/699/238
f 565/759/307 573/676/215 496/675/214
f 564/760/308 644/761/309 565/759/307
f 563/762/310 645/763/311 564/760/308
f 562/764/312 647/765/313 563/762/310
f 561/766/314 650/767/315 562/764/312
f 560/768/316 654/769/317 561/766/314
f 559/671/210 659/770/318 560/768/316
f 565/759/307 644/761/309 573/676/215
f 644/761/309 572/728/268 573/676/215
f 564/760/308 645/763/311 644/761/309
f 645/763/311 646/771/319 644/761/309
f 644/761/309 646/771/319 572/728/268
f 646/771/319 571/729/269 572/728/268
f 563/762/310 647/765/313 645/763/311
f 647/765/313 648/772/320 645/763/311
f 645/763/311 648/772/320 646/771/319
f 648/772/320 649/773/321 646/771/319
f 646/771/319 649/773/321 571/729/269
f 649/773/321 570/730/270 571/729/269
f 562/764/312 650/767/315 647/765/313
f 650/767/315 651/774/322 647/765/313
f 647/765/313 651/774/322 648/772/320
f 651/774/322 652/775/323 648/772/320
f 648/772/320 652/775/323 649/773/321
f 652/775/323 653/776/324 649/773/321
f 649/773/321 653/776/324 570/730/270
f 653/776/324 569/731/271 570/730/270
f 561/766/314 654/769/317 650/767/315
f 654/769/317 655/777/325 650/767/315
f 650/767/315 655/777/325 651/774/322
f 655/777/325 656/778/326 651/774/322
f 651/774/322 656/778/326 652/775/323
f 656/778/326 657/779/327 652/775/323
f 652/775/323 657/779/327 653/776/324
f 657/779/327 658/780/328 653/776/324
f 653/776/324 658/780/328 569/731/271
f 658/780/328 568/732/272 569/731/271
f 560/768/316 659/770/318 654/769/317
f 659/770/318 660/781/329 654/769/317
f 654/769/317 660/781/329 655/777/325
f 660/781/329 661/782/330 655/777/325
f 655/777/325 661/782/330 656/778/326
f 661/782/330 662/783/331 656/778/326
f 656/778/326 662/783/331 657/779/327
f 662/783/331 663/784/332 657/779/327
f 657/779/327 663/784/332 658/780/328
f 663/784/332 664/785/333 658/780/328
f 658/780/328 664/785/333 568/732/272
f 664/785/333 567/733/273 568/732/272
f 559/671/210 544/666/203 659/770/318
f 544/666/203 543/786/334 659/770/318
f 659/770/318 543/786/334 660/781/329
f 543/786/334 542/787/335 660/781/329
f 660/781/329 542/787/335 661/782/330
f 542/787/335 541/788/25 661/782/330
f 661/782/330 541/788/25 662/783/331
f 541/788/25 540/789/336 662/783/331
f 662/783/331 540/789/336 663/784/332
f 540/789/336 539/790/337 663/784/332
f 663/784/332 539/790/337 664/785/333
f 539/790/337 538/791/338 664/785/333
f 664/785/333 538/791/338 567/733/273
f 538/791/338 495/672/274 567/733/273
f 551/792/339 566/673/340 495/672/341
f 550/793/342 665/794/343 551/792/339
f 549/795/344 666/796/345 550/793/342
f 548/797/346 667/798/347 549/795/344
f 547/799/348 668/800/349 548/797/346
f 546/801/350 669/802/351 547/799/348
f 545/670/209 670/803/352 546/801/350
f 551/792/339 665/794/343 566/673/340
f 550/793/342 666/796/345 665/794/343
f 549/795/344 667/798/347 666/796/345
f 548/797/346 668/800/349 667/798/347
f 547/799/348 669/802/351 668/800/349
f 546/801/350 670/803/352 669/802/351
f 545/670/209 537/663/208 670/803/352
f 552/758/306 565/759/307 496/675/214
f 553/757/305 671/804/353 552/758/306
f 554/756/304 672/805/354 553/757/305
f 555/755/303 674/806/355 554/756/304
f 556/754/302 677/807/356 555/755/303
f 557/752/300 681/808/357 556/754/302
f 558/669/206 686/809/358 557/752/300
f 552/758/306 671/804/353 565/759/307
f 671/804/353 564/760/308 565/759/307
f 553/757/305 672/805/354 671/804/353
f 672/805/354 673/810/359 671/804/353
f 671/804/353 673/810/359 564/760/308
f 673/810/359 563/762/310 564/760/308
f 554/756/304 674/806/355 672/805/354
f 674/806/355 675/811/360 672/805/354
f 672/805/354 675/811/360 673/810/359
f 675/811/360 676/812/361 673/810/359
f 673/810/359 676/812/361 563/762/310
f 676/812/361 562/764/312 563/762/310
f 555/755/303 677/807/356 674/806/355
f 677/807/356 678/813/362 674/806/355
f 674/806/355 678/813/362 675/811/360
f 678/813/362 679/814/363 675/811/360
f 675/811/360 679/814/363 676/812/361
f 679/814/363 680/815/364 676/812/361
f 676/812/361 680/815/364 562/764/312
f 680/815/364 561/766/314 562/764/312
f 556/754/302 681/808/357 677/807/356
f 681/808/357 682/816/365 677/807/356
f 677/807/356 682/816/365 678/813/362
f 682/816/365 683/817/366 678/813/362
f 678/813/362 683/817/366 679/814/363
f 683/817/366 684/818/367 679/814/363
f 679/814/363 684/818/367 680/815/364
f 684/818/367 685/819/368 680/815/364
f 680/815/364 685/819/368 561/766/314
f 685/819/368 560/768/316 561/766/314
f 557/752/300 686/809/358 681/808/357
f 686/809/358 687/820/369 681/808/357
f 681/808/357 687/820/369 682/816/365
f 687/820/369 688/821/370 682/816/365
f 682/816/365 688/821/370 683/817/366
f 688/821/370 689/822/371 683/817/366
f 683/817/366 689/822/371 684/818/367
f 689/822/371 690/823/372 684/818/367
f 684/818/367 690/823/372 685/819/368
f 690/823/372 691/824/373 685/819/368
f 685/819/368 691/824/373 560/768/316
f 691/824/373 559/671/210 560/768/316
f 558/669/206 536/668/205 686/809/358
f 536/668/205 535/825/374 686/809/358
f 686/809/358 535/825/374 687/820/369
f 535/825/374 534/826/375 687/820/369
f 687/820/369 534/826/375 688/821/370
f 534/826/375 533/827/376 688/821/370
f 688/821/370 533/827/376 689/822/371
f 533/827/376 532/828/377 689/822/371
f 689/822/371 532/828/377 690/823/372
f 532/828/377 531/829/378 690/823/372
f 690/823/372 531/829/378 691/824/373
f 531/829/378 530/830/379 691/824/373
f 691/824/373 530/830/379 559/671/210
f 530/830/379 493/664/201 559/671/210
f 538/791/338 551/792/380 495/672/274
f 539/790/337 692/831/381 538/791/338
f 540/789/336 693/832/382 539/790/337
f 541/788/25 695/833/383 540/789/336
f 542/787/335 698/834/384 541/788/25
f 543/786/334 702/835/385 542/787/335
f 544/666/203 707/836/386 543/786/334
f 538/791/338 692/831/381 551/792/380
f 692/831/381 550/793/387 551/792/380
f 539/790/337 693/832/382 692/831/381
f 693/832/382 694/837/388 692/831/381
f 692/831/381 694/837/388 550/793/387
f 694/837/388 549/795/389 550/793/387
f 540/789/336 695/833/383 693/832/382
f 695/833/383 696/838/390 693/832/382
f 693/832/382 696/838/390 694/837/388
f 696/838/390 697/839/391 694/837/388
f 694/837/388 697/839/391 549/795/389
f 697/839/391 548/797/392 549/795/389
f 541/788/25 698/834/384 695/833/383
f 698/834/384 699/840/393 695/833/383
f 695/833/383 699/840/393 696/838/390
f 699/840/393 700/841/394 696/838/390
f 696/838/390 700/841/394 697/839/391
f 700/841/394 701/842/395 697/839/391
f 697/839/391 701/842/395 548/797/392
f 701/842/395 547/799/396 548/797/392
f 542/787/335 702/835/385 698/834/384
f 702/835/385 703/843/397 698/834/384
f 698/834/384 703/843/397 699/840/393
f 703/843/397 704/844/398 699/840/393
f 699/840/393 704/844/398 700/841/394
f 704/844/398 705/845/399 700/841/394
f 700/841/394 705/845/399 701/842/395
f 705/845/399 706/846/400 701/842/395
f 701/842/395 706/846/400 547/799/396
f 706/846/400 546/801/401 547/799/396
f 543/786/334 707/836/386 702/835/385
f 707/836/386 708/847/402 702/835/385
f 702/835/385 708/847/402 703/843/397
f 708/847/402 709/848/403 703/843/397
f 703/843/397 709/848/403 704/844/398
f 709/848/403 710/849/404 704/844/398
f 704/844/398 710/849/404 705/845/399
f 710/849/404 711/850/405 705/845/399
f 705/845/399 711/850/405 706/846/400
f 711/850/405 712/851/406 706/846/400
f 706/846/400 712/851/406 546/801/401
f 712/851/406 545/670/407 546/801/401
f 544/666/203 518/665/202 707/836/386
f 518/665/202 517/852/408 707/836/386
f 707/836/386 517/852/408 708/847/402
f 517/852/408 516/853/409 708/847/402
f 708/847/402 516/853/409 709/848/403
f 516/853/409 515/854/410 709/848/403
f 709/848/403 515/854/410 710/849/404
f 515/854/410 514/855/411 710/849/404
f 710/849/404 514/855/411 711/850/405
f 514/855/411 513/856/412 711/850/405
f 711/850/405 513/856/412 712/851/406
f 513/856/412 512/857/413 712/851/406
f 712/851/406 512/857/413 545/670/407
f 512/857/413 492/659/194 545/670/407
f 669/802/351 670/803/352 773/858/414 774/859/415
f 630/739/416 631/740/417 779/860/418 780/861/419
f 670/803/352 537/663/208 787/862/420 773/858/414
f 537/663/200 522/661/199 713/863/421
f 522/661/199 521/864/422 713/863/421
f 713/863/421 521/864/422 714/865/423
f 521/864/422 520/866/424 714/865/423
f 714/865/423 520/866/424 715/867/425
f 520/866/424 519/868/426 715/867/425
f 523/869/427 536/668/205 494/667/204
f 524/870/428 716/871/429 523/869/427
f 525/872/430 717/873/431 524/870/428
f 526/874/432 719/875/433 525/872/430
f 527/876/434 722/877/435 526/874/432
f 528/878/436 726/879/437 527/876/434
f 529/662/197 731/880/438 528/878/436
f 523/869/427 716/871/429 536/668/205
f 716/871/429 535/825/374 536/668/205
f 524/870/428 717/873/431 716/871/429
f 717/873/431 718/881/439 716/871/429
f 716/871/429 718/881/439 535/825/374
f 718/881/439 534/826/375 535/825/374
f 525/872/430 719/875/433 717/873/431
f 719/875/433 720/882/440 717/873/431
f 717/873/431 720/882/440 718/881/439
f 720/882/440 721/883/441 718/881/439
f 718/881/439 721/883/441 534/826/375
f 721/883/441 533/827/376 534/826/375
f 526/874/432 722/877/435 719/875/433
f 722/877/435 723/884/442 719/875/433
f 719/875/433 723/884/442 720/882/440
f 723/884/442 724/885/443 720/882/440
f 720/882/440 724/885/443 721/883/441
f 724/885/443 725/886/444 721/883/441
f 721/883/441 725/886/444 533/827/376
f 725/886/444 532/828/377 533/827/376
f 527/876/434 726/879/437 722/877/435
f 726/879/437 727/887/445 722/877/435
f 722/877/435 727/887/445 723/884/442
f 727/887/445 728/888/446 723/884/442
f 723/884/442 728/888/446 724/885/443
f 728/888/446 729/889/447 724/885/443
f 724/885/443 729/889/447 725/886/444
f 729/889/447 730/890/448 725/886/444
f 725/886/444 730/890/448 532/828/377
f 730/890/448 531/829/378 532/828/377
f 528/878/436 731/880/438 726/879/437
f 731/880/438 732/891/449 726/879/437
f 726/879/437 732/891/449 727/887/445
f 732/891/449 733/892/450 727/887/445
f 727/887/445 733/892/450 728/888/446
f 733/892/450 734/893/451 728/888/446
f 728/888/446 734/893/451 729/889/447
f 734/893/451 735/894/452 729/889/447
f 729/889/447 735/894/452 730/890/448
f 735/894/452 736/895/453 730/890/448
f 730/890/448 736/895/453 531/829/378
f 736/895/453 530/830/379 531/829/378
f 529/662/197 504/658/193 731/880/438
f 504/658/193 503/896/454 731/880/438
f 731/880/438 503/896/454 732/891/449
f 503/896/454 502/897/455 732/891/449
f 732/891/449 502/897/455 733/892/450
f 502/897/455 501/898/456 733/892/450
f 733/892/450 501/898/456 734/893/451
f 501/898/456 500/899/457 734/893/451
f 734/893/451 500/899/457 735/894/452
f 500/899/457 499/900/458 735/894/452
f 735/894/452 499/900/458 736/895/453
f 499/900/458 498/901/459 736/895/453
f 736/895/453 498/901/459 530/830/379
f 498/901/459 493/664/201 530/830/379
f 520/866/460 737/902/461 519/868/462
f 521/864/463 739/903/464 520/866/460
f 522/661/196 743/904/465 521/864/463
f 520/866/460 739/903/464 737/902/461
f 739/903/464 740/905/466 737/902/461
f 737/902/461 740/905/466 738/906/467
f 740/905/466 741/907/468 738/906/467
f 521/864/463 743/904/465 739/903/464
f 743/904/465 744/908/469 739/903/464
f 739/903/464 744/908/469 740/905/466
f 744/908/469 745/909/470 740/905/466
f 740/905/466 745/909/470 741/907/468
f 745/909/470 746/910/471 741/907/468
f 741/907/468 746/910/471 742/911/472
f 746/910/471 747/912/473 742/911/472
f 522/661/196 511/660/195 743/904/465
f 511/660/195 510/913/474 743/904/465
f 743/904/465 510/913/474 744/908/469
f 510/913/474 509/914/475 744/908/469
f 744/908/469 509/914/475 745/909/470
f 509/914/475 508/915/476 745/909/470
f 745/909/470 508/915/476 746/910/471
f 508/915/476 507/916/477 746/910/471
f 746/910/471 507/916/477 747/912/473
f 507/916/477 506/917/478 747/912/473
f 747/912/473 506/917/478 748/918/479
f 506/917/478 505/657/192 748/918/479
f 498/901/459 518/665/202 493/664/201
f 499/900/458 749/919/480 498/901/459
f 500/899/457 750/920/481 499/900/458
f 501/898/456 752/921/482 500/899/457
f 502/897/455 755/922/483 501/898/456
f 503/896/454 759/923/484 502/897/455
f 504/658/193 764/924/485 503/896/454
f 498/901/459 749/919/480 518/665/202
f 749/919/480 517/852/408 518/665/202
f 499/900/458 750/920/481 749/919/480
f 750/920/481 751/925/486 749/919/480
f 749/919/480 751/925/486 517/852/408
f 751/925/486 516/853/409 517/852/408
f 500/899/457 752/921/482 750/920/481
f 752/921/482 753/926/487 750/920/481
f 750/920/481 753/926/487 751/925/486
f 753/926/487 754/927/488 751/925/486
f 751/925/486 754/927/488 516/853/409
f 754/927/488 515/854/410 516/853/409
f 501/898/456 755/922/483 752/921/482
f 755/922/483 756/928/489 752/921/482
f 752/921/482 756/928/489 753/926/487
f 756/928/489 757/929/490 753/926/487
f 753/926/487 757/929/490 754/927/488
f 757/929/490 758/930/491 754/927/488
f 754/927/488 758/930/491 515/854/410
f 758/930/491 514/855/411 515/854/410
f 502/897/455 759/923/484 755/922/483
f 759/923/484 760/931/492 755/922/483
f 755/922/483 760/931/492 756/928/489
f 760/931/492 761/932/493 756/928/489
f 756/928/489 761/932/493 757/929/490
f 761/932/493 762/933/494 757/929/490
f 757/929/490 762/933/494 758/930/491
f 762/933/494 763/934/495 758/930/491
f 758/930/491 763/934/495 514/855/411
f 763/934/495 513/856/412 514/855/411
f 503/896/454 764/924/485 759/923/484
f 764/924/485 765/935/496 759/923/484
f 759/923/484 765/935/496 760/931/492
f 765/935/496 766/936/497 760/931/492
f 760/931/492 766/936/497 761/932/493
f 766/936/497 767/937/498 761/932/493
f 761/932/493 767/937/498 762/933/494
f 767/937/498 768/938/499 762/933/494
f 762/933/494 768/938/499 763/934/495
f 768/938/499 769/939/500 763/934/495
f 763/934/495 769/939/500 513/856/412
f 769/939/500 512/857/413 513/856/412
f 504/658/193 505/657/192 764/924/485
f 505/657/192 506/917/478 764/924/485
f 764/924/485 506/917/478 765/935/496
f 506/917/478 507/916/477 765/935/496
f 765/935/496 507/916/477 766/936/497
f 507/916/477 508/915/476 766/936/497
f 766/936/497 508/915/476 767/937/498
f 508/915/476 509/914/475 767/937/498
f 767/937/498 509/914/475 768/938/499
f 509/914/475 510/913/474 768/938/499
f 768/938/499 510/913/474 769/939/500
f 510/913/474 511/660/195 769/939/500
f 769/939/500 511/660/195 512/857/413
f 511/660/195 492/659/194 512/857/413
f 629/738/501 630/739/416 780/861/419 781/940/502
f 668/800/349 669/802/351 774/859/415 775/941/503
f 628/737/504 629/738/501 781/940/502 782/942/505
f 667/798/347 668/800/349 775/941/503 776/943/506
f 627/736/507 628/737/504 782/942/505 783/944/508
f 714/865/423 715/867/425 770/945/24 771/946/509
f 666/796/345 667/798/347 776/943/506 777/947/510
f 713/863/421 714/865/423 771/946/509 772/948/511
f 626/735/512 627/736/507 783/944/508 784/949/513
f 537/663/200 713/863/421 772/948/511 787/862/514
f 665/794/515 666/796/345 777/947/510 778/950/516
f 585/734/8 626/735/512 784/949/513 785/951/8
f 566/673/517 665/794/515 778/950/516 786/952/518
f 631/740/417 566/673/517 786/952/518 779/860/418
f 810/953/101 811/954/519 824/955/519 823/956/101
f 791/957/8 792/958/8 805/959/8 804/960/8
f 796/961/8 797/962/8 810/963/8 809/964/8
f 789/965/8 790/966/8 803/967/8 802/968/8
f 794/969/8 795/970/8 808/971/8 807/972/8
f 799/973/8 800/974/8 813/975/8 812/976/8
f 792/958/8 793/977/8 806/978/8 805/959/8
f 797/962/8 798/979/8 811/980/8 810/963/8
f 790/966/8 791/957/8 804/960/8 803/967/8
f 795/970/8 796/961/8 809/964/8 808/971/8
f 788/981/8 789/965/8 802/968/8 801/982/8
f 793/977/8 794/969/8 807/972/8 806/978/8
f 798/979/8 799/973/8 812/976/8 811/980/8
f 803/983/520 804/984/27 817/985/27 816/986/520
f 811/954/519 812/987/521 825/988/521 824/955/519
f 804/989/27 805/990/522 818/991/522 817/992/27
f 812/987/521 813/993/7 826/994/7 825/988/521
f 805/990/522 806/995/523 819/996/523 818/991/522
f 806/995/523 807/997/25 820/998/25 819/996/523
f 807/997/25 808/999/524 821/1000/524 820/998/25
f 808/999/524 809/1001/525 822/1002/525 821/1000/524
f 801/1003/22 802/1004/526 815/1005/526 814/1006/22
f 809/1001/525 810/1007/101 823/1008/101 822/1002/525
f 802/1004/526 803/983/520 816/986/520 815/1005/526
f 830/1009/527 828/1010/528 827/1011/528 829/1012/527
f 832/1013/529 830/1009/527 829/1012/527 831/1014/529
f 834/1015/530 832/1013/529 831/1014/529 833/1016/530
f 836/1017/531 834/1015/530 833/1016/530 835/1018/531
f 838/1019/532 836/1017/531 835/1018/531 837/1020/532
f 840/1021/533 838/1019/532 837/1020/532 839/1022/533
f 842/1023/534 840/1021/533 839/1022/533 841/1024/534
f 844/1025/535 842/1023/534 841/1024/534 843/1026/535
f 846/1027/536 844/1025/535 843/1026/535 845/1028/537
f 848/1029/538 846/1027/536 845/1028/537 847/1030/538
f 850/1031/539 848/1029/538 847/1030/538 849/1032/539
f 852/1033/540 850/1031/539 849/1032/539 851/1034/540
f 788/1035/22 828/1036/22 830/1037/526 789/1038/526
f 789/1038/526 830/1037/526 832/1039/520 790/1040/520
f 790/1040/520 832/1039/520 834/1041/27 791/1042/27
f 791/1042/27 834/1041/27 836/1043/522 792/1044/522
f 792/1045/522 836/1046/522 838/1047/523 793/1048/523
f 793/1048/523 838/1047/523 840/1049/25 794/1050/25
f 794/1050/25 840/1049/25 842/1051/524 795/1052/524
f 795/1052/524 842/1051/524 844/1053/525 796/1054/525
f 796/1054/525 844/1053/525 846/1055/101 797/1056/101
f 797/1056/101 846/1055/101 848/1057/519 798/1058/519
f 798/1059/519 848/1060/519 850/1061/521 799/1062/521
f 799/1062/521 850/1061/521 852/1063/7 800/1064/7
f 347/430/8 411/491/8 407/487/8 403/483/8 399/479/8 395/475/8 391/471/8 387/467/8 383/463/8 379/459/8 375/455/8 371/451/8 367/447/8 363/443/8 359/439/8 355/435/8 351/431/8
f 349/426/24 353/433/24 357/437/24 361/441/24 365/445/24 369/449/24 373/453/24 377/457/24 381/461/24 385/465/24 389/469/24 393/473/24 397/477/24 401/481/24 405/485/24 409/489/24 345/427/24
f 3/3/8 1/2/8 21/36/8 19/34/8 17/32/8 15/30/8 13/29/8 12/25/8 209/263/8 196/261/8 194/304/8 11/46/8 9/9/8 7/7/8 5/5/8
f 260/343/8 292/374/8 290/372/8 288/370/8 286/368/8 284/366/8 282/364/8 280/362/8 278/360/8 276/358/8 274/356/8 272/354/8 270/352/8 268/350/8 266/348/8 264/346/8 262/344/8
f 827/1011/8 851/1034/8 849/1032/8 847/1030/8 845/1028/8 843/1026/8 841/1024/8 839/1022/8 837/1020/8 835/1018/8 833/1016/8 831/1014/8 829/1012/8
f 594/681/220 593/678/217 595/683/222
f 597/686/225 595/683/222 599/689/228
f 602/693/232 599/689/228 577/696/235
f 633/741/289 577/696/235 632/744/292
f 635/742/290 632/744/292 634/748/296
f 639/746/294 634/748/296 638/753/301
f 558/669/206 638/753/301 494/667/204
f 505/657/192 491/656/191 748/918/479
f 747/912/473 748/918/479 742/911/472
f 741/907/468 742/911/472 738/906/467
f 737/902/461 738/906/467 519/868/462
f 586/680/219 497/701/240 593/678/217
f 2/1/1 854/4/541 853/3/541 1/2/1
f 854/4/541 856/6/542 855/5/542 853/3/541
f 856/6/542 858/8/543 857/7/543 855/5/542
f 858/8/543 860/10/544 859/9/544 857/7/543
f 859/11/6 860/14/6 1022/13/6 1021/12/6
f 860/14/7 1019/24/7 1026/23/7 1024/22/7 1023/21/7 1028/20/7 1029/19/7 1027/18/7 1025/17/7 1030/16/7 1031/15/7 1022/13/7
f 862/25/8 1033/27/8 1034/26/8
f 864/28/545 866/31/546 865/30/546 863/29/545
f 866/31/546 868/33/547 867/32/547 865/30/546
f 868/33/547 870/35/548 869/34/548 867/32/547
f 870/35/548 22/37/13 21/36/13 869/34/548
f 2/38/7 189/41/7 1016/40/59 854/39/59
f 854/39/59 1016/40/59 1015/43/58 856/42/58
f 856/42/58 1015/43/58 1017/45/102 858/44/102
f 858/44/102 1017/45/102 1019/24/549 860/14/549
f 861/46/8 859/9/8 1021/48/8 1032/47/8
f 863/29/8 862/25/8 1034/26/8 1035/49/8
f 864/14/550 1040/24/550 1047/45/94 866/44/94
f 866/44/94 1047/45/94 1048/43/93 868/42/93
f 868/42/93 1048/43/93 1049/40/92 870/39/92
f 870/39/92 1049/40/92 190/41/22 22/38/22
f 864/14/23 863/11/23 1035/12/23 1036/13/23
f 25/50/24 877/57/24 871/56/24 911/55/24 988/54/24 873/53/24 875/52/24 33/51/24
f 871/58/26 880/61/26 882/60/26 872/59/26
f 33/51/24 875/52/24 876/63/24 36/62/24
f 876/64/22 885/67/22 886/66/22 874/65/22
f 28/68/24 878/69/24 877/57/24 25/50/24
f 883/52/24 884/53/24 886/70/24 885/63/24
f 881/69/24 882/71/24 880/56/24 879/57/24
f 875/72/25 883/75/25 885/74/25 876/73/25
f 873/65/7 884/66/7 883/67/7 875/64/7
f 877/64/22 879/67/22 880/66/22 871/65/22
f 878/59/25 881/60/25 879/61/25 877/58/25
f 872/65/7 882/66/7 881/67/7 878/64/7
f 874/73/26 886/74/26 884/75/26 873/72/26
f 953/76/551 894/79/551 887/78/551 888/77/551
f 36/62/24 876/63/24 874/70/24 888/82/24 887/81/24 24/80/24
f 24/83/22 887/86/22 894/85/22 52/84/22
f 23/90/24 895/91/24 872/71/24 878/69/24 28/68/24
f 872/59/26 895/94/26 896/93/26 957/92/26
f 897/95/552 959/56/552 961/97/552 899/96/552
f 904/98/552 962/70/552 960/53/552 902/99/552
f 907/100/553 908/81/553 963/82/553 905/101/553
f 63/102/30 64/80/30 908/81/30 907/100/30
f 905/101/552 963/82/552 962/70/552 904/98/552
f 909/103/8 983/105/8 153/104/8 62/90/8
f 899/96/552 961/97/552 910/91/554 909/103/555
f 981/65/7 985/107/7 156/106/7 149/83/7
f 29/108/8 899/96/8 909/103/8 62/90/8
f 896/93/26 982/110/26 984/109/26 910/87/26
f 63/102/8 907/100/8 905/101/8 904/98/8 34/62/8
f 52/84/22 894/85/22 908/112/22 64/111/22
f 26/50/8 897/95/8 899/96/8 29/108/8
f 957/92/26 896/93/26 910/87/26 961/113/26
f 34/62/8 904/98/8 902/99/8 31/51/8
f 963/114/551 908/115/551 894/79/551 953/76/551
f 888/77/26 913/119/26 914/118/26 953/76/26
f 953/76/26 914/118/26 915/121/26 954/120/26
f 954/120/26 915/121/26 916/122/26 874/73/26
f 874/73/26 916/122/26 913/119/26 888/77/26
f 874/73/26 917/124/26 918/123/26 954/120/26
f 954/120/26 918/123/26 919/126/26 955/125/26
f 955/125/26 919/126/26 920/127/26 873/72/26
f 873/72/26 920/127/26 917/124/26 874/73/26
f 871/58/26 921/130/26 922/129/26 956/128/26
f 956/128/26 922/129/26 923/131/26 957/92/26
f 957/92/26 923/131/26 924/132/26 872/59/26
f 872/59/26 924/132/26 921/130/26 871/58/26
f 911/133/26 925/136/26 926/135/26 958/134/26
f 958/134/26 926/135/26 927/137/26 956/128/26
f 956/128/26 927/137/26 928/138/26 871/58/26
f 871/58/26 928/138/26 925/136/26 911/133/26
f 873/72/26 929/140/26 930/139/26 955/125/26
f 958/134/26 931/142/26 932/141/26 911/133/26
f 988/143/26 989/144/26 929/140/26 873/72/26
f 933/15/556 914/16/556 913/146/556 934/145/556
f 934/147/557 913/150/557 916/149/557 935/148/557
f 914/150/558 933/147/558 936/148/558 915/149/558
f 915/16/559 936/15/559 935/145/559 916/146/559
f 937/15/556 918/16/556 917/146/556 938/145/556
f 920/151/557 939/154/557 938/153/557 917/152/557
f 918/152/558 937/153/558 940/154/558 919/151/558
f 919/16/559 940/15/559 939/145/559 920/146/559
f 941/15/556 922/16/556 921/146/556 942/145/556
f 924/155/557 943/158/557 942/157/557 921/156/557
f 922/156/558 941/157/558 944/160/558 923/159/558
f 923/131/560 944/162/560 943/161/560 924/132/560
f 945/15/556 926/16/556 925/146/556 946/145/556
f 928/163/557 947/166/557 946/165/557 925/164/557
f 926/164/558 945/165/558 948/166/558 927/163/558
f 927/16/559 948/15/559 947/145/559 928/146/559
f 949/15/556 930/16/556 929/146/556 950/145/556
f 989/54/557 990/169/557 950/168/557 929/167/557
f 931/16/559 952/15/559 951/145/559 932/146/559
f 934/170/26 935/173/26 936/172/26 933/171/26
f 938/174/26 939/177/26 940/176/26 937/175/26
f 942/178/26 943/161/26 944/162/26 941/179/26
f 946/180/26 947/183/26 948/182/26 945/181/26
f 893/184/26 953/76/26 954/120/26 892/185/26
f 892/185/26 954/120/26 955/125/26 891/186/26
f 889/187/26 956/128/26 957/92/26 890/188/26
f 912/189/26 958/134/26 956/128/26 889/187/26
f 900/190/26 961/113/26 959/192/26 898/191/26
f 901/193/26 960/196/26 962/195/26 903/194/26
f 903/194/26 962/195/26 963/114/26 906/197/26
f 890/188/26 957/92/26 961/113/26 900/190/26
f 906/197/26 963/114/26 953/76/26 893/184/26
f 964/198/561 965/199/561 891/53/561
f 966/199/562 967/198/562 901/53/562
f 968/200/562 898/56/562 969/201/562
f 970/201/561 889/56/561 971/200/561
f 972/202/561 973/203/561 892/70/561
f 974/203/562 975/202/562 903/70/562
f 965/204/26 964/207/26 967/206/26 966/205/26
f 968/208/26 969/211/26 970/210/26 971/209/26
f 973/212/26 972/215/26 975/214/26 974/213/26
f 976/216/561 893/150/561 892/70/561 973/203/561
f 972/202/561 892/70/561 891/53/561 965/199/561
f 971/200/561 889/56/561 890/218/561 977/217/561
f 978/219/561 912/55/561 889/56/561 970/201/561
f 979/217/562 900/218/562 898/56/562 968/200/562
f 966/199/562 901/53/562 903/70/562 975/202/562
f 974/203/562 903/70/562 906/150/562 980/216/562
f 900/21/563 979/20/563 977/19/563 890/18/563
f 893/18/564 976/19/564 980/20/564 906/21/564
f 972/215/26 965/204/26 966/205/26 975/214/26
f 971/209/26 977/221/26 979/220/26 968/208/26
f 976/222/26 973/212/26 974/213/26 980/223/26
f 981/224/565 149/226/565 150/104/565 982/225/565
f 983/227/566 984/229/567 150/228/568 153/41/566
f 982/230/569 150/228/568 984/229/567
f 895/94/26 981/231/26 982/110/26 896/93/26
f 910/91/554 984/225/570 983/105/570 909/103/555
f 160/90/24 161/233/24 986/232/24 987/91/24
f 23/83/22 160/106/22 987/107/22 895/65/22
f 161/233/24 156/226/24 985/224/24 986/232/24
f 895/94/26 987/236/26 986/235/26 985/234/26 981/231/26
f 31/51/8 902/99/8 1026/237/8 1019/10/8 1017/8/8 1015/6/8 1016/4/8 189/1/8
f 902/99/552 960/53/552 1024/238/552 1026/237/552
f 964/198/561 891/53/561 1027/238/561 1029/239/561
f 891/186/26 955/125/26 1025/241/26 1027/240/26
f 930/167/558 949/168/558 1031/239/558 1030/238/558
f 932/242/557 951/243/557 990/169/557 989/54/557
f 911/133/26 932/141/26 989/144/26 988/143/26
f 955/125/26 930/139/26 1030/244/26 1025/241/26
f 898/191/26 959/192/26 1045/246/26 1046/245/26
f 969/201/562 898/56/562 1046/248/562 1044/247/562
f 964/207/26 1029/250/26 1028/249/26 967/206/26
f 970/210/26 969/211/26 1044/253/26 1043/252/26 978/251/26
f 950/254/26 990/262/26 1020/261/26 1018/260/26 1032/259/26 1021/258/26 1022/257/26 1031/256/26 949/255/26
f 990/262/26 951/269/26 952/268/26 1038/267/26 1036/266/26 1035/265/26 1034/264/26 1033/263/26 1020/261/26
f 1000/270/48 999/273/48 991/272/48 993/271/48
f 1007/274/571 997/277/25 998/276/25 1008/275/571
f 1002/278/26 1001/279/26 995/277/26 996/276/26
f 1013/280/572 991/283/26 992/282/26 1014/281/572
f 1007/284/24 1009/287/24 995/286/51 997/285/51
f 1012/288/8 1014/289/8 992/272/52 994/271/52
f 995/286/51 1001/291/51 1003/290/51 997/285/51
f 998/285/53 1004/293/54 1002/292/54 996/286/53
f 997/277/25 1003/279/25 1004/278/25 998/276/25
f 1005/294/25 1000/295/25 993/283/25 994/282/25
f 999/295/26 1006/294/26 992/282/26 991/283/26
f 1006/296/55 1005/297/55 994/271/52 992/272/52
f 1002/292/24 1004/293/24 1003/290/51 1001/291/51
f 999/273/48 1000/270/48 1005/297/24 1006/296/24
f 998/285/53 996/286/53 1010/287/8 1008/284/8
f 1011/288/24 1013/289/24 1009/287/24 1007/284/24
f 995/277/26 1009/274/572 1010/275/572 996/276/26
f 1011/280/571 1007/274/571 1008/275/571 1012/281/571
f 993/283/25 1011/280/571 1012/281/571 994/282/25
f 993/271/48 991/272/48 1013/289/24 1011/288/24
f 1008/284/8 1010/287/8 1014/289/8 1012/288/8
f 1009/274/572 1013/280/572 1014/281/572 1010/275/572
f 1041/298/8 897/95/8 26/50/8 190/37/8 1049/35/8 1048/33/8 1047/31/8 1040/28/8
f 1037/299/26 931/142/26 958/134/26 1039/300/26
f 1039/300/26 958/134/26 912/189/26 1042/301/26
f 1042/248/561 912/55/561 978/219/561 1043/247/561
f 1045/248/552 959/56/552 897/95/552 1041/298/552
f 1038/247/558 952/243/558 931/242/558 1037/248/558
f 1036/13/22 1038/15/22 1037/16/22 1039/17/22 1042/18/22 1043/19/22 1044/20/22 1046/21/22 1045/22/22 1041/23/22 1040/24/22 864/14/22
f 1024/302/26 960/196/26 901/193/26 1023/303/26
f 1023/238/562 901/53/562 967/198/562 1028/239/562
f 1032/47/8 1018/304/8 861/46/8
f 1124/305/573 310/308/57 226/307/57 1050/306/573
f 1138/309/15 1139/311/14 1124/305/14 1123/310/15
f 294/312/60 1110/315/574 1077/314/574 257/313/60
f 1110/315/574 1111/317/575 1075/316/575 1077/314/574
f 1111/317/575 1112/319/576 1073/318/576 1075/316/575
f 1112/319/576 1113/321/577 1071/320/577 1073/318/576
f 1113/321/577 1114/323/578 1069/322/578 1071/320/577
f 1114/323/578 1115/325/579 1067/324/579 1069/322/578
f 1115/325/579 1116/327/580 1065/326/580 1067/324/579
f 1116/327/580 1117/329/581 1063/328/581 1065/326/580
f 1117/329/581 1118/331/582 1061/330/582 1063/328/581
f 1118/331/582 1119/333/583 1059/332/583 1061/330/582
f 1119/333/583 1120/335/584 1057/334/584 1059/332/583
f 1120/335/584 1121/337/585 1055/336/585 1057/334/584
f 1121/337/585 1122/339/586 1053/338/586 1055/336/585
f 1122/339/586 1123/310/587 1051/340/587 1053/338/586
f 1123/310/587 1124/305/573 1050/306/573 1051/340/587
f 1081/341/588 1080/344/588 260/343/76 261/342/76
f 1083/345/589 1082/346/589 1080/344/588 1081/341/588
f 1085/347/590 1084/348/590 1082/346/589 1083/345/589
f 1087/349/591 1086/350/591 1084/348/590 1085/347/590
f 1089/351/592 1088/352/592 1086/350/591 1087/349/591
f 1091/353/593 1090/354/593 1088/352/592 1089/351/592
f 1093/355/594 1092/356/594 1090/354/593 1091/353/593
f 1095/357/595 1094/358/595 1092/356/594 1093/355/594
f 1097/359/596 1096/360/596 1094/358/595 1095/357/595
f 1099/361/597 1098/362/597 1096/360/596 1097/359/596
f 1101/363/598 1100/364/598 1098/362/597 1099/361/597
f 1103/365/599 1102/366/599 1100/364/598 1101/363/598
f 1105/367/600 1104/368/600 1102/366/599 1103/365/599
f 1107/369/601 1106/370/601 1104/368/600 1105/367/600
f 1109/371/602 1108/372/602 1106/370/601 1107/369/601
f 293/373/91 292/374/91 1108/372/602 1109/371/602
f 257/313/22 1077/314/21 1081/341/21 261/342/22
f 1077/314/21 1075/316/20 1083/345/20 1081/341/21
f 1075/316/20 1073/318/19 1085/347/19 1083/345/20
f 1073/318/19 1071/320/551 1087/349/551 1085/347/19
f 1071/320/551 1069/322/603 1089/351/603 1087/349/551
f 1069/322/603 1067/324/604 1091/353/604 1089/351/603
f 1067/324/604 1065/326/605 1093/355/605 1091/353/604
f 1065/326/605 1063/328/26 1095/357/26 1093/355/605
f 1063/328/26 1061/330/606 1097/359/606 1095/357/26
f 1061/330/606 1059/332/607 1099/361/607 1097/359/606
f 1059/332/607 1057/334/608 1101/363/608 1099/361/607
f 1057/334/608 1055/336/609 1103/365/609 1101/363/608
f 1055/336/609 1053/338/16 1105/367/16 1103/365/609
f 1053/338/16 1051/340/15 1107/369/15 1105/367/16
f 1051/340/15 1050/306/14 1109/371/14 1107/369/15
f 1050/306/14 226/307/7 293/373/7 1109/371/14
f 1137/375/16 1138/309/15 1123/310/15 1122/339/16
f 1136/376/609 1137/375/16 1122/339/16 1121/337/609
f 1135/377/608 1136/376/609 1121/337/609 1120/335/608
f 1134/378/607 1135/377/608 1120/335/608 1119/333/607
f 1133/379/606 1134/378/607 1119/333/607 1118/331/606
f 1132/380/26 1133/379/606 1118/331/606 1117/329/26
f 1131/381/605 1132/380/26 1117/329/26 1116/327/605
f 1130/382/604 1131/381/605 1116/327/605 1115/325/604
f 1129/383/603 1130/382/604 1115/325/604 1114/323/603
f 1128/384/551 1129/383/603 1114/323/603 1113/321/551
f 1127/385/19 1128/384/551 1113/321/551 1112/319/19
f 1126/386/20 1127/385/19 1112/319/19 1111/317/20
f 1125/387/21 1126/386/20 1111/317/20 1110/315/21
f 311/388/22 1125/387/21 1110/315/21 294/312/22
f 1139/311/14 327/389/7 310/308/7 1124/305/14
f 1079/390/610 259/391/104 327/389/104 1139/311/610
f 228/392/105 1052/393/611 1125/387/611 311/388/105
f 1052/393/611 1054/394/612 1126/386/612 1125/387/611
f 1054/394/612 1056/395/613 1127/385/613 1126/386/612
f 1056/395/613 1058/396/614 1128/384/614 1127/385/613
f 1058/396/614 1060/397/615 1129/383/615 1128/384/614
f 1060/397/615 1062/398/616 1130/382/616 1129/383/615
f 1062/398/616 1064/399/617 1131/381/617 1130/382/616
f 1064/399/617 1066/400/618 1132/380/618 1131/381/617
f 1066/400/618 1068/401/619 1133/379/619 1132/380/618
f 1068/401/619 1070/402/620 1134/378/620 1133/379/619
f 1070/402/620 1072/403/621 1135/377/621 1134/378/620
f 1072/403/621 1074/404/622 1136/376/622 1135/377/621
f 1074/404/622 1076/405/623 1137/375/623 1136/376/622
f 1076/405/623 1078/406/624 1138/309/624 1137/375/623
f 1078/406/624 1079/390/610 1139/311/610 1138/309/624
f 1056/395/19 1142/408/19 1143/407/551 1058/396/551
f 1074/404/609 1151/410/609 1152/409/16 1076/405/16
f 1066/400/26 1147/412/26 1148/411/606 1068/401/606
f 1058/396/551 1143/407/551 1144/413/603 1060/397/603
f 1076/405/16 1152/409/16 1153/414/15 1078/406/15
f 228/392/22 328/416/22 1140/415/21 1052/393/21
f 1068/401/606 1148/411/606 1149/417/607 1070/402/607
f 1060/397/603 1144/413/603 1145/418/604 1062/398/604
f 1078/406/15 1153/414/15 1154/419/14 1079/390/14
f 1052/393/21 1140/415/21 1141/420/20 1054/394/20
f 1070/402/607 1149/417/607 1150/421/608 1072/403/608
f 1062/398/604 1145/418/604 1146/422/605 1064/399/605
f 1079/390/14 1154/419/14 344/423/7 259/391/7
f 1054/394/20 1141/420/20 1142/408/19 1056/395/19
f 1072/403/608 1150/421/608 1151/410/609 1074/404/609
f 1064/399/605 1146/422/605 1147/412/26 1066/400/26
f 346/424/120 345/427/120 1155/426/625 1156/425/625
f 1158/428/626 1157/431/626 347/430/76 348/429/76
f 1156/425/625 1155/426/625 1159/433/627 1160/432/627
f 1162/434/589 1161/435/589 1157/431/626 1158/428/626
f 1160/432/627 1159/433/627 1163/437/628 1164/436/628
f 1166/438/590 1165/439/590 1161/435/589 1162/434/589
f 1164/436/628 1163/437/628 1167/441/629 1168/440/629
f 1170/442/591 1169/443/591 1165/439/590 1166/438/590
f 1168/440/629 1167/441/629 1171/445/630 1172/444/630
f 1174/446/592 1173/447/592 1169/443/591 1170/442/591
f 1172/444/630 1171/445/630 1175/449/631 1176/448/631
f 1178/450/593 1177/451/593 1173/447/592 1174/446/592
f 1176/448/631 1175/449/631 1179/453/632 1180/452/632
f 1182/454/594 1181/455/594 1177/451/593 1178/450/593
f 1180/452/632 1179/453/632 1183/457/633 1184/456/633
f 1186/458/595 1185/459/595 1181/455/594 1182/454/594
f 1184/456/633 1183/457/633 1187/461/634 1188/460/634
f 1190/462/596 1189/463/596 1185/459/595 1186/458/595
f 1188/460/634 1187/461/634 1191/465/635 1192/464/635
f 1194/466/597 1193/467/597 1189/463/596 1190/462/596
f 1192/464/635 1191/465/635 1195/469/636 1196/468/636
f 1198/470/598 1197/471/598 1193/467/597 1194/466/597
f 1196/468/636 1195/469/636 1199/473/637 1200/472/637
f 1202/474/599 1201/475/599 1197/471/598 1198/470/598
f 1200/472/637 1199/473/637 1203/477/638 1204/476/638
f 1206/478/600 1205/479/600 1201/475/599 1202/474/599
f 1204/476/638 1203/477/638 1207/481/639 1208/480/639
f 1210/482/601 1209/483/601 1205/479/600 1206/478/600
f 1208/480/639 1207/481/639 1211/485/640 1212/484/640
f 1214/486/602 1213/487/602 1209/483/601 1210/482/601
f 1212/484/640 1211/485/640 409/489/137 410/488/137
f 412/490/91 411/491/91 1213/487/602 1214/486/602
f 346/492/22 1156/495/21 1158/494/21 348/493/22
f 1156/495/21 1160/497/20 1162/496/20 1158/494/21
f 1160/497/20 1164/499/19 1166/498/19 1162/496/20
f 1164/499/19 1168/501/551 1170/500/551 1166/498/19
f 1168/501/551 1172/503/603 1174/502/603 1170/500/551
f 1172/503/603 1176/505/604 1178/504/604 1174/502/603
f 1176/505/604 1180/507/605 1182/506/605 1178/504/604
f 1180/507/605 1184/509/26 1186/508/26 1182/506/605
f 1184/509/26 1188/511/606 1190/510/606 1186/508/26
f 1188/511/606 1192/513/607 1194/512/607 1190/510/606
f 1192/513/607 1196/515/608 1198/514/608 1194/512/607
f 1196/515/608 1200/517/609 1202/516/609 1198/514/608
f 1200/517/609 1204/519/16 1206/518/16 1202/516/609
f 1204/519/16 1208/521/15 1210/520/15 1206/518/16
f 1208/521/15 1212/523/14 1214/522/14 1210/520/15
f 1212/523/14 410/525/7 412/524/7 1214/522/14
f 1259/526/641 1258/529/642 1227/528/642 1254/527/643
f 1254/527/643 1227/528/642 1230/531/642 1253/530/643
f 1251/532/644 1228/535/645 1265/534/646 1264/533/647
f 1220/536/648 1222/539/648 1221/538/648 1219/537/648
f 1217/540/648 1224/543/648 1223/542/648 1218/541/648
f 442/544/24 1227/547/24 1258/546/24 435/545/24
f 433/548/24 1228/551/24 1229/550/24 438/549/24
f 431/552/24 1265/553/24 1228/551/24 433/548/24
f 438/549/24 1229/550/24 1230/555/24 437/554/24
f 437/554/24 1230/555/24 1227/547/24 442/544/24
f 1216/556/25 1261/559/25 1260/558/649 1255/557/650
f 1256/560/643 1229/561/642 1228/535/645 1251/532/644
f 1253/530/643 1230/531/642 1229/561/642 1256/560/643
f 1250/562/651 1249/542/651 1231/564/651 1232/563/651
f 1246/565/652 1245/538/652 1248/543/652 1247/566/652
f 1233/567/653 1234/569/653 1244/539/653 1243/568/653
f 1241/570/552 1242/536/552 1240/537/552 1239/571/552
f 1245/572/654 1246/575/655 1239/574/655 1240/573/656
f 1242/573/657 1241/574/658 1243/576/658 1244/572/659
f 1235/577/552 1236/540/552 1238/541/552 1237/578/552
f 1247/575/660 1248/572/661 1236/573/662 1235/574/660
f 1249/572/663 1250/576/664 1237/574/664 1238/573/665
f 1223/579/26 1263/582/26 1231/581/26 1249/580/26
f 1263/583/7 414/586/7 415/585/7 1232/584/7 1231/572/7
f 421/548/8 1250/562/8 1232/563/8 415/587/8
f 418/588/8 1233/567/8 1243/568/8 425/544/8
f 417/586/163 1257/583/163 1234/572/22 1233/584/22 418/585/22
f 1257/589/26 1222/592/26 1244/591/26 1234/590/26
f 1236/573/662 1248/572/661 1224/594/666 1217/593/666
f 1217/595/26 1218/598/26 1238/597/26 1236/596/26
f 421/548/8 419/549/8 1247/566/8 1235/577/8 1237/578/8 1250/562/8
f 1218/593/667 1223/594/667 1249/572/663 1238/573/665
f 423/554/8 425/544/8 1243/568/8 1241/570/8 1239/571/8 1246/565/8
f 1220/599/26 1219/602/26 1240/601/26 1242/600/26
f 1219/593/667 1221/594/667 1245/572/654 1240/573/656
f 1242/573/657 1244/572/659 1222/594/666 1220/593/666
f 1221/603/26 1224/606/26 1248/605/26 1245/604/26
f 423/554/8 1246/565/8 1247/566/8 419/549/8
f 1221/603/26 1253/530/643 1256/560/643 1224/606/26
f 1224/606/26 1256/560/643 1251/532/644 1223/579/26
f 1226/607/166 1262/610/166 477/609/166 474/608/166
f 1225/611/668 1268/614/668 1266/613/668 1252/612/668
f 1223/579/26 1251/532/644 1264/533/647 1263/582/26
f 1222/592/26 1254/527/643 1253/530/643 1221/603/26
f 1257/589/26 1259/526/641 1254/527/643 1222/592/26
f 1216/615/168 1257/583/163 417/586/163 472/616/168
f 474/617/169 435/620/169 1258/619/669 1226/618/670
f 1255/621/671 1259/622/672 1257/583/163 1216/615/168
f 1226/618/670 1258/619/669 1259/622/672 1255/621/671
f 475/623/174 477/626/176 1262/625/176 1260/624/175
f 476/627/168 475/623/174 1260/624/175 1261/628/168
f 472/629/177 476/632/177 1261/631/177 1216/630/177
f 1255/557/650 1260/558/649 1262/634/673 1226/633/673
f 482/635/179 414/586/179 1263/583/674 1215/636/674
f 1252/637/675 1264/622/676 1265/619/677 1225/638/678
f 1225/638/678 1265/619/677 431/620/184 485/639/184
f 1266/640/185 1268/643/187 486/642/187 468/641/186
f 1215/636/674 1263/583/674 1264/622/676 1252/637/675
f 1267/644/188 1266/640/185 468/641/186 487/645/188
f 1252/612/25 1266/613/25 1267/647/25 1215/646/25
f 485/648/189 486/651/189 1268/650/189 1225/649/189
f 1215/652/190 1267/655/190 487/654/190 482/653/190
f 491/656/191 1279/658/679 1280/657/680
f 1269/659/681 1296/661/682 1286/660/683
f 491/656/191 529/662/197 1279/658/679
f 1269/659/684 1304/663/685 1296/661/686
f 1270/664/687 1311/666/688 1293/665/689
f 494/667/204 1325/669/690 1303/668/691
f 1269/659/692 1312/670/693 1304/663/694
f 1270/664/687 1326/671/695 1311/666/688
f 1271/672/696 1350/674/697 1333/673/698
f 1272/675/699 1357/677/700 1340/676/701
f 593/678/217 1351/680/702 1352/679/703
f 593/678/217 1352/679/703 1358/681/704
f 1358/681/704 1352/679/703 1353/682/705
f 595/683/222 1358/681/704 1359/684/706
f 1358/681/704 1353/682/705 1359/684/706
f 1359/684/706 1353/682/705 1354/685/707
f 595/683/222 1359/684/706 1360/686/708
f 1360/686/708 1359/684/706 1361/687/709
f 1359/684/706 1354/685/707 1361/687/709
f 1361/687/709 1354/685/707 1355/688/710
f 599/689/228 1360/686/708 1362/690/711
f 1360/686/708 1361/687/709 1362/690/711
f 1362/690/711 1361/687/709 1363/691/712
f 1361/687/709 1355/688/710 1363/691/712
f 1363/691/712 1355/688/710 1356/692/713
f 599/689/228 1362/690/711 1364/693/714
f 1364/693/714 1362/690/711 1365/694/715
f 1362/690/711 1363/691/712 1365/694/715
f 1365/694/715 1363/691/712 1366/695/716
f 1363/691/712 1356/692/713 1366/695/716
f 1366/695/716 1356/692/713 1357/677/700
f 577/696/235 1364/693/714 1343/697/717
f 1364/693/714 1365/694/715 1343/697/717
f 1343/697/717 1365/694/715 1342/698/718
f 1365/694/715 1366/695/716 1342/698/718
f 1342/698/718 1366/695/716 1341/699/719
f 1366/695/716 1357/677/700 1341/699/719
f 1341/699/719 1357/677/700 1272/675/699
f 1351/680/702 497/701/240 1344/700/720
f 1352/679/703 1351/680/702 1367/702/721
f 1353/682/705 1352/679/703 1368/703/722
f 1354/685/707 1353/682/705 1370/704/723
f 1355/688/710 1354/685/707 1373/705/724
f 1356/692/713 1355/688/710 1377/706/725
f 1357/677/700 1356/692/713 1382/707/726
f 1351/680/702 1344/700/720 1367/702/721
f 1367/702/721 1344/700/720 1345/708/727
f 1352/679/703 1367/702/721 1368/703/722
f 1368/703/722 1367/702/721 1369/709/728
f 1367/702/721 1345/708/727 1369/709/728
f 1369/709/728 1345/708/727 1346/710/729
f 1353/682/705 1368/703/722 1370/704/723
f 1370/704/723 1368/703/722 1371/711/730
f 1368/703/722 1369/709/728 1371/711/730
f 1371/711/730 1369/709/728 1372/712/731
f 1369/709/728 1346/710/729 1372/712/731
f 1372/712/731 1346/710/729 1347/713/732
f 1354/685/707 1370/704/723 1373/705/724
f 1373/705/724 1370/704/723 1374/714/733
f 1370/704/723 1371/711/730 1374/714/733
f 1374/714/733 1371/711/730 1375/715/734
f 1371/711/730 1372/712/731 1375/715/734
f 1375/715/734 1372/712/731 1376/716/735
f 1372/712/731 1347/713/732 1376/716/735
f 1376/716/735 1347/713/732 1348/717/736
f 1355/688/710 1373/705/724 1377/706/725
f 1377/706/725 1373/705/724 1378/718/737
f 1373/705/724 1374/714/733 1378/718/737
f 1378/718/737 1374/714/733 1379/719/738
f 1374/714/733 1375/715/734 1379/719/738
f 1379/719/738 1375/715/734 1380/720/739
f 1375/715/734 1376/716/735 1380/720/739
f 1380/720/739 1376/716/735 1381/721/740
f 1376/716/735 1348/717/736 1381/721/740
f 1381/721/740 1348/717/736 1349/722/741
f 1356/692/713 1377/706/725 1382/707/726
f 1382/707/726 1377/706/725 1383/723/742
f 1377/706/725 1378/718/737 1383/723/742
f 1383/723/742 1378/718/737 1384/724/743
f 1378/718/737 1379/719/738 1384/724/743
f 1384/724/743 1379/719/738 1385/725/744
f 1379/719/738 1380/720/739 1385/725/744
f 1385/725/744 1380/720/739 1386/726/745
f 1380/720/739 1381/721/740 1386/726/745
f 1386/726/745 1381/721/740 1387/727/746
f 1381/721/740 1349/722/741 1387/727/746
f 1387/727/746 1349/722/741 1350/674/747
f 1357/677/700 1382/707/726 1340/676/701
f 1340/676/701 1382/707/726 1339/728/748
f 1382/707/726 1383/723/742 1339/728/748
f 1339/728/748 1383/723/742 1338/729/749
f 1383/723/742 1384/724/743 1338/729/749
f 1338/729/749 1384/724/743 1337/730/750
f 1384/724/743 1385/725/744 1337/730/750
f 1337/730/750 1385/725/744 1336/731/751
f 1385/725/744 1386/726/745 1336/731/751
f 1336/731/751 1386/726/745 1335/732/752
f 1386/726/745 1387/727/746 1335/732/752
f 1335/732/752 1387/727/746 1334/733/753
f 1387/727/746 1350/674/747 1334/733/753
f 1334/733/753 1350/674/747 1271/672/754
f 1344/700/755 497/701/756 585/734/757
f 1345/708/758 1344/700/755 1388/735/759
f 1346/710/760 1345/708/758 1389/736/761
f 1347/713/762 1346/710/760 1390/737/763
f 1348/717/764 1347/713/762 1391/738/765
f 1349/722/766 1348/717/764 1392/739/767
f 1350/674/697 1349/722/766 1393/740/768
f 1344/700/755 585/734/757 1388/735/759
f 1345/708/758 1388/735/759 1389/736/761
f 1346/710/760 1389/736/761 1390/737/763
f 1347/713/762 1390/737/763 1391/738/765
f 1348/717/764 1391/738/765 1392/739/767
f 1349/722/766 1392/739/767 1393/740/768
f 1350/674/697 1393/740/768 1333/673/698
f 1394/741/769 577/696/235 1343/697/717
f 1395/742/770 632/744/292 1396/743/771
f 632/744/292 1394/741/769 1396/743/771
f 1396/743/771 1394/741/769 1397/745/772
f 1394/741/769 1343/697/717 1397/745/772
f 1397/745/772 1343/697/717 1342/698/718
f 1398/746/773 634/748/296 1399/747/774
f 634/748/296 1395/742/770 1399/747/774
f 1399/747/774 1395/742/770 1400/749/775
f 1395/742/770 1396/743/771 1400/749/775
f 1400/749/775 1396/743/771 1401/750/776
f 1396/743/771 1397/745/772 1401/750/776
f 1401/750/776 1397/745/772 1402/751/777
f 1397/745/772 1342/698/718 1402/751/777
f 1402/751/777 1342/698/718 1341/699/719
f 1325/669/690 638/753/301 1324/752/778
f 638/753/301 1398/746/773 1324/752/778
f 1324/752/778 1398/746/773 1323/754/779
f 1398/746/773 1399/747/774 1323/754/779
f 1323/754/779 1399/747/774 1322/755/780
f 1399/747/774 1400/749/775 1322/755/780
f 1322/755/780 1400/749/775 1321/756/781
f 1400/749/775 1401/750/776 1321/756/781
f 1321/756/781 1401/750/776 1320/757/782
f 1401/750/776 1402/751/777 1320/757/782
f 1320/757/782 1402/751/777 1319/758/783
f 1402/751/777 1341/699/719 1319/758/783
f 1319/758/783 1341/699/719 1272/675/699
f 1332/759/784 1272/675/699 1340/676/701
f 1331/760/785 1332/759/784 1403/761/786
f 1330/762/787 1331/760/785 1404/763/788
f 1329/764/789 1330/762/787 1406/765/790
f 1328/766/791 1329/764/789 1409/767/792
f 1327/768/793 1328/766/791 1413/769/794
f 1326/671/695 1327/768/793 1418/770/795
f 1332/759/784 1340/676/701 1403/761/786
f 1403/761/786 1340/676/701 1339/728/748
f 1331/760/785 1403/761/786 1404/763/788
f 1404/763/788 1403/761/786 1405/771/796
f 1403/761/786 1339/728/748 1405/771/796
f 1405/771/796 1339/728/748 1338/729/749
f 1330/762/787 1404/763/788 1406/765/790
f 1406/765/790 1404/763/788 1407/772/797
f 1404/763/788 1405/771/796 1407/772/797
f 1407/772/797 1405/771/796 1408/773/798
f 1405/771/796 1338/729/749 1408/773/798
f 1408/773/798 1338/729/749 1337/730/750
f 1329/764/789 1406/765/790 1409/767/792
f 1409/767/792 1406/765/790 1410/774/799
f 1406/765/790 1407/772/797 1410/774/799
f 1410/774/799 1407/772/797 1411/775/800
f 1407/772/797 1408/773/798 1411/775/800
f 1411/775/800 1408/773/798 1412/776/801
f 1408/773/798 1337/730/750 1412/776/801
f 1412/776/801 1337/730/750 1336/731/751
f 1328/766/791 1409/767/792 1413/769/794
f 1413/769/794 1409/767/792 1414/777/802
f 1409/767/792 1410/774/799 1414/777/802
f 1414/777/802 1410/774/799 1415/778/803
f 1410/774/799 1411/775/800 1415/778/803
f 1415/778/803 1411/775/800 1416/779/804
f 1411/775/800 1412/776/801 1416/779/804
f 1416/779/804 1412/776/801 1417/780/805
f 1412/776/801 1336/731/751 1417/780/805
f 1417/780/805 1336/731/751 1335/732/752
f 1327/768/793 1413/769/794 1418/770/795
f 1418/770/795 1413/769/794 1419/781/806
f 1413/769/794 1414/777/802 1419/781/806
f 1419/781/806 1414/777/802 1420/782/807
f 1414/777/802 1415/778/803 1420/782/807
f 1420/782/807 1415/778/803 1421/783/808
f 1415/778/803 1416/779/804 1421/783/808
f 1421/783/808 1416/779/804 1422/784/809
f 1416/779/804 1417/780/805 1422/784/809
f 1422/784/809 1417/780/805 1423/785/810
f 1417/780/805 1335/732/752 1423/785/810
f 1423/785/810 1335/732/752 1334/733/753
f 1326/671/695 1418/770/795 1311/666/688
f 1311/666/688 1418/770/795 1310/786/811
f 1418/770/795 1419/781/806 1310/786/811
f 1310/786/811 1419/781/806 1309/787/812
f 1419/781/806 1420/782/807 1309/787/812
f 1309/787/812 1420/782/807 1308/788/26
f 1420/782/807 1421/783/808 1308/788/26
f 1308/788/26 1421/783/808 1307/789/813
f 1421/783/808 1422/784/809 1307/789/813
f 1307/789/813 1422/784/809 1306/790/814
f 1422/784/809 1423/785/810 1306/790/814
f 1306/790/814 1423/785/810 1305/791/815
f 1423/785/810 1334/733/753 1305/791/815
f 1305/791/815 1334/733/753 1271/672/754
f 1318/792/816 1271/672/817 1333/673/818
f 1317/793/819 1318/792/816 1424/794/820
f 1316/795/821 1317/793/819 1425/796/822
f 1315/797/823 1316/795/821 1426/798/824
f 1314/799/825 1315/797/823 1427/800/826
f 1313/801/827 1314/799/825 1428/802/828
f 1312/670/693 1313/801/827 1429/803/829
f 1318/792/816 1333/673/818 1424/794/820
f 1317/793/819 1424/794/820 1425/796/822
f 1316/795/821 1425/796/822 1426/798/824
f 1315/797/823 1426/798/824 1427/800/826
f 1314/799/825 1427/800/826 1428/802/828
f 1313/801/827 1428/802/828 1429/803/829
f 1312/670/693 1429/803/829 1304/663/694
f 1319/758/783 1272/675/699 1332/759/784
f 1320/757/782 1319/758/783 1430/804/830
f 1321/756/781 1320/757/782 1431/805/831
f 1322/755/780 1321/756/781 1433/806/832
f 1323/754/779 1322/755/780 1436/807/833
f 1324/752/778 1323/754/779 1440/808/834
f 1325/669/690 1324/752/778 1445/809/835
f 1319/758/783 1332/759/784 1430/804/830
f 1430/804/830 1332/759/784 1331/760/785
f 1320/757/782 1430/804/830 1431/805/831
f 1431/805/831 1430/804/830 1432/810/836
f 1430/804/830 1331/760/785 1432/810/836
f 1432/810/836 1331/760/785 1330/762/787
f 1321/756/781 1431/805/831 1433/806/832
f 1433/806/832 1431/805/831 1434/811/837
f 1431/805/831 1432/810/836 1434/811/837
f 1434/811/837 1432/810/836 1435/812/838
f 1432/810/836 1330/762/787 1435/812/838
f 1435/812/838 1330/762/787 1329/764/789
f 1322/755/780 1433/806/832 1436/807/833
f 1436/807/833 1433/806/832 1437/813/839
f 1433/806/832 1434/811/837 1437/813/839
f 1437/813/839 1434/811/837 1438/814/840
f 1434/811/837 1435/812/838 1438/814/840
f 1438/814/840 1435/812/838 1439/815/841
f 1435/812/838 1329/764/789 1439/815/841
f 1439/815/841 1329/764/789 1328/766/791
f 1323/754/779 1436/807/833 1440/808/834
f 1440/808/834 1436/807/833 1441/816/842
f 1436/807/833 1437/813/839 1441/816/842
f 1441/816/842 1437/813/839 1442/817/843
f 1437/813/839 1438/814/840 1442/817/843
f 1442/817/843 1438/814/840 1443/818/844
f 1438/814/840 1439/815/841 1443/818/844
f 1443/818/844 1439/815/841 1444/819/845
f 1439/815/841 1328/766/791 1444/819/845
f 1444/819/845 1328/766/791 1327/768/793
f 1324/752/778 1440/808/834 1445/809/835
f 1445/809/835 1440/808/834 1446/820/846
f 1440/808/834 1441/816/842 1446/820/846
f 1446/820/846 1441/816/842 1447/821/847
f 1441/816/842 1442/817/843 1447/821/847
f 1447/821/847 1442/817/843 1448/822/848
f 1442/817/843 1443/818/844 1448/822/848
f 1448/822/848 1443/818/844 1449/823/849
f 1443/818/844 1444/819/845 1449/823/849
f 1449/823/849 1444/819/845 1450/824/850
f 1444/819/845 1327/768/793 1450/824/850
f 1450/824/850 1327/768/793 1326/671/695
f 1325/669/690 1445/809/835 1303/668/691
f 1303/668/691 1445/809/835 1302/825/851
f 1445/809/835 1446/820/846 1302/825/851
f 1302/825/851 1446/820/846 1301/826/852
f 1446/820/846 1447/821/847 1301/826/852
f 1301/826/852 1447/821/847 1300/827/853
f 1447/821/847 1448/822/848 1300/827/853
f 1300/827/853 1448/822/848 1299/828/854
f 1448/822/848 1449/823/849 1299/828/854
f 1299/828/854 1449/823/849 1298/829/855
f 1449/823/849 1450/824/850 1298/829/855
f 1298/829/855 1450/824/850 1297/830/856
f 1450/824/850 1326/671/695 1297/830/856
f 1297/830/856 1326/671/695 1270/664/687
f 1305/791/815 1271/672/754 1318/792/857
f 1306/790/814 1305/791/815 1451/831/858
f 1307/789/813 1306/790/814 1452/832/859
f 1308/788/26 1307/789/813 1454/833/860
f 1309/787/812 1308/788/26 1457/834/861
f 1310/786/811 1309/787/812 1461/835/862
f 1311/666/688 1310/786/811 1466/836/863
f 1305/791/815 1318/792/857 1451/831/858
f 1451/831/858 1318/792/857 1317/793/864
f 1306/790/814 1451/831/858 1452/832/859
f 1452/832/859 1451/831/858 1453/837/865
f 1451/831/858 1317/793/864 1453/837/865
f 1453/837/865 1317/793/864 1316/795/866
f 1307/789/813 1452/832/859 1454/833/860
f 1454/833/860 1452/832/859 1455/838/867
f 1452/832/859 1453/837/865 1455/838/867
f 1455/838/867 1453/837/865 1456/839/868
f 1453/837/865 1316/795/866 1456/839/868
f 1456/839/868 1316/795/866 1315/797/869
f 1308/788/26 1454/833/860 1457/834/861
f 1457/834/861 1454/833/860 1458/840/870
f 1454/833/860 1455/838/867 1458/840/870
f 1458/840/870 1455/838/867 1459/841/871
f 1455/838/867 1456/839/868 1459/841/871
f 1459/841/871 1456/839/868 1460/842/872
f 1456/839/868 1315/797/869 1460/842/872
f 1460/842/872 1315/797/869 1314/799/873
f 1309/787/812 1457/834/861 1461/835/862
f 1461/835/862 1457/834/861 1462/843/874
f 1457/834/861 1458/840/870 1462/843/874
f 1462/843/874 1458/840/870 1463/844/875
f 1458/840/870 1459/841/871 1463/844/875
f 1463/844/875 1459/841/871 1464/845/876
f 1459/841/871 1460/842/872 1464/845/876
f 1464/845/876 1460/842/872 1465/846/877
f 1460/842/872 1314/799/873 1465/846/877
f 1465/846/877 1314/799/873 1313/801/878
f 1310/786/811 1461/835/862 1466/836/863
f 1466/836/863 1461/835/862 1467/847/879
f 1461/835/862 1462/843/874 1467/847/879
f 1467/847/879 1462/843/874 1468/848/880
f 1462/843/874 1463/844/875 1468/848/880
f 1468/848/880 1463/844/875 1469/849/881
f 1463/844/875 1464/845/876 1469/849/881
f 1469/849/881 1464/845/876 1470/850/882
f 1464/845/876 1465/846/877 1470/850/882
f 1470/850/882 1465/846/877 1471/851/883
f 1465/846/877 1313/801/878 1471/851/883
f 1471/851/883 1313/801/878 1312/670/884
f 1311/666/688 1466/836/863 1293/665/689
f 1293/665/689 1466/836/863 1292/852/885
f 1466/836/863 1467/847/879 1292/852/885
f 1292/852/885 1467/847/879 1291/853/886
f 1467/847/879 1468/848/880 1291/853/886
f 1291/853/886 1468/848/880 1290/854/887
f 1468/848/880 1469/849/881 1290/854/887
f 1290/854/887 1469/849/881 1289/855/888
f 1469/849/881 1470/850/882 1289/855/888
f 1289/855/888 1470/850/882 1288/856/889
f 1470/850/882 1471/851/883 1288/856/889
f 1288/856/889 1471/851/883 1287/857/890
f 1471/851/883 1312/670/884 1287/857/890
f 1287/857/890 1312/670/884 1269/659/681
f 1428/802/828 1528/859/891 1527/858/892 1429/803/829
f 1392/739/893 1534/861/894 1533/860/895 1393/740/896
f 1429/803/829 1527/858/892 1540/862/897 1304/663/694
f 1304/663/685 1472/863/898 1296/661/686
f 1296/661/686 1472/863/898 1295/864/899
f 1472/863/898 1473/865/900 1295/864/899
f 1295/864/899 1473/865/900 1294/866/901
f 1473/865/900 715/867/425 1294/866/901
f 1294/866/901 715/867/425 519/868/426
f 523/869/427 494/667/204 1303/668/691
f 524/870/428 523/869/427 1474/871/902
f 525/872/430 524/870/428 1475/873/903
f 526/874/432 525/872/430 1477/875/904
f 527/876/434 526/874/432 1480/877/905
f 528/878/436 527/876/434 1484/879/906
f 529/662/197 528/878/436 1489/880/907
f 523/869/427 1303/668/691 1474/871/902
f 1474/871/902 1303/668/691 1302/825/851
f 524/870/428 1474/871/902 1475/873/903
f 1475/873/903 1474/871/902 1476/881/908
f 1474/871/902 1302/825/851 1476/881/908
f 1476/881/908 1302/825/851 1301/826/852
f 525/872/430 1475/873/903 1477/875/904
f 1477/875/904 1475/873/903 1478/882/909
f 1475/873/903 1476/881/908 1478/882/909
f 1478/882/909 1476/881/908 1479/883/910
f 1476/881/908 1301/826/852 1479/883/910
f 1479/883/910 1301/826/852 1300/827/853
f 526/874/432 1477/875/904 1480/877/905
f 1480/877/905 1477/875/904 1481/884/911
f 1477/875/904 1478/882/909 1481/884/911
f 1481/884/911 1478/882/909 1482/885/912
f 1478/882/909 1479/883/910 1482/885/912
f 1482/885/912 1479/883/910 1483/886/913
f 1479/883/910 1300/827/853 1483/886/913
f 1483/886/913 1300/827/853 1299/828/854
f 527/876/434 1480/877/905 1484/879/906
f 1484/879/906 1480/877/905 1485/887/914
f 1480/877/905 1481/884/911 1485/887/914
f 1485/887/914 1481/884/911 1486/888/915
f 1481/884/911 1482/885/912 1486/888/915
f 1486/888/915 1482/885/912 1487/889/916
f 1482/885/912 1483/886/913 1487/889/916
f 1487/889/916 1483/886/913 1488/890/917
f 1483/886/913 1299/828/854 1488/890/917
f 1488/890/917 1299/828/854 1298/829/855
f 528/878/436 1484/879/906 1489/880/907
f 1489/880/907 1484/879/906 1490/891/918
f 1484/879/906 1485/887/914 1490/891/918
f 1490/891/918 1485/887/914 1491/892/919
f 1485/887/914 1486/888/915 1491/892/919
f 1491/892/919 1486/888/915 1492/893/920
f 1486/888/915 1487/889/916 1492/893/920
f 1492/893/920 1487/889/916 1493/894/921
f 1487/889/916 1488/890/917 1493/894/921
f 1493/894/921 1488/890/917 1494/895/922
f 1488/890/917 1298/829/855 1494/895/922
f 1494/895/922 1298/829/855 1297/830/856
f 529/662/197 1489/880/907 1279/658/679
f 1279/658/679 1489/880/907 1278/896/923
f 1489/880/907 1490/891/918 1278/896/923
f 1278/896/923 1490/891/918 1277/897/924
f 1490/891/918 1491/892/919 1277/897/924
f 1277/897/924 1491/892/919 1276/898/925
f 1491/892/919 1492/893/920 1276/898/925
f 1276/898/925 1492/893/920 1275/899/926
f 1492/893/920 1493/894/921 1275/899/926
f 1275/899/926 1493/894/921 1274/900/927
f 1493/894/921 1494/895/922 1274/900/927
f 1274/900/927 1494/895/922 1273/901/928
f 1494/895/922 1297/830/856 1273/901/928
f 1273/901/928 1297/830/856 1270/664/687
f 1294/866/929 519/868/462 1495/902/930
f 1295/864/931 1294/866/929 1496/903/932
f 1296/661/682 1295/864/931 1499/904/933
f 1294/866/929 1495/902/930 1496/903/932
f 1496/903/932 1495/902/930 1497/905/934
f 1495/902/930 738/906/467 1497/905/934
f 1497/905/934 738/906/467 1498/907/935
f 1295/864/931 1496/903/932 1499/904/933
f 1499/904/933 1496/903/932 1500/908/936
f 1496/903/932 1497/905/934 1500/908/936
f 1500/908/936 1497/905/934 1501/909/937
f 1497/905/934 1498/907/935 1501/909/937
f 1501/909/937 1498/907/935 1502/910/938
f 1498/907/935 742/911/472 1502/910/938
f 1502/910/938 742/911/472 1503/912/939
f 1296/661/682 1499/904/933 1286/660/683
f 1286/660/683 1499/904/933 1285/913/940
f 1499/904/933 1500/908/936 1285/913/940
f 1285/913/940 1500/908/936 1284/914/941
f 1500/908/936 1501/909/937 1284/914/941
f 1284/914/941 1501/909/937 1283/915/942
f 1501/909/937 1502/910/938 1283/915/942
f 1283/915/942 1502/910/938 1282/916/943
f 1502/910/938 1503/912/939 1282/916/943
f 1282/916/943 1503/912/939 1281/917/944
f 1503/912/939 748/918/479 1281/917/944
f 1281/917/944 748/918/479 1280/657/680
f 1273/901/928 1270/664/687 1293/665/689
f 1274/900/927 1273/901/928 1504/919/945
f 1275/899/926 1274/900/927 1505/920/946
f 1276/898/925 1275/899/926 1507/921/947
f 1277/897/924 1276/898/925 1510/922/948
f 1278/896/923 1277/897/924 1514/923/949
f 1279/658/679 1278/896/923 1519/924/950
f 1273/901/928 1293/665/689 1504/919/945
f 1504/919/945 1293/665/689 1292/852/885
f 1274/900/927 1504/919/945 1505/920/946
f 1505/920/946 1504/919/945 1506/925/951
f 1504/919/945 1292/852/885 1506/925/951
f 1506/925/951 1292/852/885 1291/853/886
f 1275/899/926 1505/920/946 1507/921/947
f 1507/921/947 1505/920/946 1508/926/952
f 1505/920/946 1506/925/951 1508/926/952
f 1508/926/952 1506/925/951 1509/927/953
f 1506/925/951 1291/853/886 1509/927/953
f 1509/927/953 1291/853/886 1290/854/887
f 1276/898/925 1507/921/947 1510/922/948
f 1510/922/948 1507/921/947 1511/928/954
f 1507/921/947 1508/926/952 1511/928/954
f 1511/928/954 1508/926/952 1512/929/955
f 1508/926/952 1509/927/953 1512/929/955
f 1512/929/955 1509/927/953 1513/930/956
f 1509/927/953 1290/854/887 1513/930/956
f 1513/930/956 1290/854/887 1289/855/888
f 1277/897/924 1510/922/948 1514/923/949
f 1514/923/949 1510/922/948 1515/931/957
f 1510/922/948 1511/928/954 1515/931/957
f 1515/931/957 1511/928/954 1516/932/958
f 1511/928/954 1512/929/955 1516/932/958
f 1516/932/958 1512/929/955 1517/933/959
f 1512/929/955 1513/930/956 1517/933/959
f 1517/933/959 1513/930/956 1518/934/960
f 1513/930/956 1289/855/888 1518/934/960
f 1518/934/960 1289/855/888 1288/856/889
f 1278/896/923 1514/923/949 1519/924/950
f 1519/924/950 1514/923/949 1520/935/961
f 1514/923/949 1515/931/957 1520/935/961
f 1520/935/961 1515/931/957 1521/936/962
f 1515/931/957 1516/932/958 1521/936/962
f 1521/936/962 1516/932/958 1522/937/963
f 1516/932/958 1517/933/959 1522/937/963
f 1522/937/963 1517/933/959 1523/938/964
f 1517/933/959 1518/934/960 1523/938/964
f 1523/938/964 1518/934/960 1524/939/965
f 1518/934/960 1288/856/889 1524/939/965
f 1524/939/965 1288/856/889 1287/857/890
f 1279/658/679 1519/924/950 1280/657/680
f 1280/657/680 1519/924/950 1281/917/944
f 1519/924/950 1520/935/961 1281/917/944
f 1281/917/944 1520/935/961 1282/916/943
f 1520/935/961 1521/936/962 1282/916/943
f 1282/916/943 1521/936/962 1283/915/942
f 1521/936/962 1522/937/963 1283/915/942
f 1283/915/942 1522/937/963 1284/914/941
f 1522/937/963 1523/938/964 1284/914/941
f 1284/914/941 1523/938/964 1285/913/940
f 1523/938/964 1524/939/965 1285/913/940
f 1285/913/940 1524/939/965 1286/660/683
f 1524/939/965 1287/857/890 1286/660/683
f 1286/660/683 1287/857/890 1269/659/681
f 1391/738/966 1535/940/967 1534/861/894 1392/739/893
f 1427/800/826 1529/941/968 1528/859/891 1428/802/828
f 1390/737/969 1536/942/970 1535/940/967 1391/738/966
f 1426/798/824 1530/943/971 1529/941/968 1427/800/826
f 1389/736/972 1537/944/973 1536/942/970 1390/737/969
f 1473/865/900 1525/946/974 770/945/24 715/867/425
f 1425/796/822 1531/947/975 1530/943/971 1426/798/824
f 1472/863/898 1526/948/976 1525/946/974 1473/865/900
f 1388/735/977 1538/949/978 1537/944/973 1389/736/972
f 1304/663/685 1540/862/979 1526/948/976 1472/863/898
f 1424/794/980 1532/950/981 1531/947/975 1425/796/822
f 585/734/8 785/951/8 1538/949/978 1388/735/977
f 1333/673/982 1539/952/983 1532/950/981 1424/794/980
f 1393/740/896 1533/860/895 1539/952/983 1333/673/982
f 1560/953/609 1571/956/609 1572/955/984 1561/954/984
f 1543/957/8 1554/960/8 1555/959/8 1544/958/8
f 1548/961/8 1559/964/8 1560/963/8 1549/962/8
f 1541/965/8 1552/968/8 1553/967/8 1542/966/8
f 1546/969/8 1557/972/8 1558/971/8 1547/970/8
f 1551/973/8 1562/976/8 813/975/8 800/974/8
f 1544/958/8 1555/959/8 1556/978/8 1545/977/8
f 1549/962/8 1560/963/8 1561/980/8 1550/979/8
f 1542/966/8 1553/967/8 1554/960/8 1543/957/8
f 1547/970/8 1558/971/8 1559/964/8 1548/961/8
f 788/981/8 801/982/8 1552/968/8 1541/965/8
f 1545/977/8 1556/978/8 1557/972/8 1546/969/8
f 1550/979/8 1561/980/8 1562/976/8 1551/973/8
f 1553/983/985 1564/986/985 1565/985/551 1554/984/551
f 1561/954/984 1572/955/984 1573/988/986 1562/987/986
f 1554/989/551 1565/992/551 1566/991/987 1555/990/987
f 1562/987/986 1573/988/986 826/994/7 813/993/7
f 1555/990/987 1566/991/987 1567/996/988 1556/995/988
f 1556/995/988 1567/996/988 1568/998/26 1557/997/26
f 1557/997/26 1568/998/26 1569/1000/989 1558/999/989
f 1558/999/989 1569/1000/989 1570/1002/990 1559/1001/990
f 801/1003/22 814/1006/22 1563/1005/991 1552/1004/991
f 1559/1001/990 1570/1002/990 1571/1008/609 1560/1007/609
f 1552/1004/991 1563/1005/991 1564/986/985 1553/983/985
f 1575/1009/992 1574/1012/992 827/1011/528 828/1010/528
f 1577/1013/993 1576/1014/993 1574/1012/992 1575/1009/992
f 1579/1015/994 1578/1016/994 1576/1014/993 1577/1013/993
f 1581/1017/995 1580/1018/995 1578/1016/994 1579/1015/994
f 1583/1019/996 1582/1020/996 1580/1018/995 1581/1017/995
f 1585/1021/997 1584/1022/997 1582/1020/996 1583/1019/996
f 1587/1023/998 1586/1024/998 1584/1022/997 1585/1021/997
f 1589/1025/999 1588/1026/999 1586/1024/998 1587/1023/998
f 1591/1027/1000 1590/1028/1001 1588/1026/999 1589/1025/999
f 1593/1029/1002 1592/1030/1002 1590/1028/1001 1591/1027/1000
f 1595/1031/1003 1594/1032/1003 1592/1030/1002 1593/1029/1002
f 852/1033/540 851/1034/540 1594/1032/1003 1595/1031/1003
f 788/1035/22 1541/1038/991 1575/1037/991 828/1036/22
f 1541/1038/991 1542/1040/985 1577/1039/985 1575/1037/991
f 1542/1040/985 1543/1042/551 1579/1041/551 1577/1039/985
f 1543/1042/551 1544/1044/987 1581/1043/987 1579/1041/551
f 1544/1045/987 1545/1048/988 1583/1047/988 1581/1046/987
f 1545/1048/988 1546/1050/26 1585/1049/26 1583/1047/988
f 1546/1050/26 1547/1052/989 1587/1051/989 1585/1049/26
f 1547/1052/989 1548/1054/990 1589/1053/990 1587/1051/989
f 1548/1054/990 1549/1056/609 1591/1055/609 1589/1053/990
f 1549/1056/609 1550/1058/984 1593/1057/984 1591/1055/609
f 1550/1059/984 1551/1062/986 1595/1061/986 1593/1060/984
f 1551/1062/986 800/1064/7 852/1063/7 1595/1061/986
f 347/430/8 1157/431/8 1161/435/8 1165/439/8 1169/443/8 1173/447/8 1177/451/8 1181/455/8 1185/459/8 1189/463/8 1193/467/8 1197/471/8 1201/475/8 1205/479/8 1209/483/8 1213/487/8 411/491/8
f 1155/426/24 345/427/24 409/489/24 1211/485/24 1207/481/24 1203/477/24 1199/473/24 1195/469/24 1191/465/24 1187/461/24 1183/457/24 1179/453/24 1175/449/24 1171/445/24 1167/441/24 1163/437/24 1159/433/24
f 853/3/8 855/5/8 857/7/8 859/9/8 861/46/8 1018/304/8 1020/261/8 1033/263/8 862/25/8 863/29/8 865/30/8 867/32/8 869/34/8 21/36/8 1/2/8
f 260/343/8 1080/344/8 1082/346/8 1084/348/8 1086/350/8 1088/352/8 1090/354/8 1092/356/8 1094/358/8 1096/360/8 1098/362/8 1100/364/8 1102/366/8 1104/368/8 1106/370/8 1108/372/8 292/374/8
f 827/1011/8 1574/1012/8 1576/1014/8 1578/1016/8 1580/1018/8 1582/1020/8 1584/1022/8 1586/1024/8 1588/1026/8 1590/1028/8 1592/1030/8 1594/1032/8 851/1034/8
f 1358/681/704 595/683/222 593/678/217
f 1360/686/708 599/689/228 595/683/222
f 1364/693/714 577/696/235 599/689/228
f 1394/741/769 632/744/292 577/696/235
f 1395/742/770 634/748/296 632/744/292
f 1398/746/773 638/753/301 634/748/296
f 1325/669/690 494/667/204 638/753/301
f 1280/657/680 748/918/479 491/656/191
f 1503/912/939 742/911/472 748/918/479
f 1498/907/935 738/906/467 742/911/472
f 1495/902/930 519/868/462 738/906/467
f 1351/680/702 593/678/217 497/701/240
f 1596/1065/1004 1597/1066/1005 1599/1067/1006 1598/1068/1007
f 1598/1068/1007 1599/1067/1006 1601/1069/1008 1600/1070/1009
f 1600/1070/1009 1601/1069/1008 1603/1071/1010 1602/1072/1011
f 1602/1073/1011 1603/1074/1010 1605/1075/1012 1604/1076/1013
f 1604/1076/1013 1605/1075/1012 1607/1077/1014 1606/1078/1015
f 1606/1078/1015 1607/1077/1014 1609/1079/1016 1608/1080/1017
f 1608/1080/1017 1609/1079/1016 1611/1081/1018 1610/1082/1019
f 1610/1082/1019 1611/1081/1018 1613/1083/1020 1612/1084/1021
f 1612/1084/1021 1613/1083/1020 1615/1085/1022 1614/1086/1023
f 1614/1087/1023 1615/1088/1022 1617/1089/1024 1616/1090/1025
f 1616/1090/1025 1617/1089/1024 1619/1091/1026 1618/1092/1027
f 1618/1092/1027 1619/1091/1026 1621/1093/1028 1620/1094/1029
f 1620/1094/1029 1621/1093/1028 1623/1095/1030 1622/1096/1031
f 1622/1096/1031 1623/1095/1030 1625/1097/1032 1624/1098/1033
f 1624/1098/1033 1625/1097/1032 1627/1099/1034 1626/1100/1035
f 1626/1101/1035 1627/1102/1034 1629/1103/1036 1628/1104/1037
f 1628/1104/1037 1629/1103/1036 1631/1105/1038 1630/1106/1039
f 1630/1106/1039 1631/1105/1038 1633/1107/1040 1632/1108/1041
f 1632/1108/1041 1633/1107/1040 1635/1109/1042 1634/1110/1043
f 1634/1110/1043 1635/1109/1042 1637/1111/1044 1636/1112/1045
f 1636/1112/1045 1637/1111/1044 1639/1113/1046 1638/1114/1047
f 1638/1115/1047 1639/1116/1046 1641/1117/1048 1640/1118/1049
f 1633/1119/1050 1631/1120/1051 1661/1121/1051 1662/1122/1050
f 1640/1118/1049 1641/1117/1048 1643/1123/1052 1642/1124/1053
f 1642/1124/1053 1643/1123/1052 1597/1066/1005 1596/1065/1004
f 1626/1125/22 1628/1126/22 2093/1127/22 2092/1128/22
f 1643/1129/1054 1641/1130/1055 1666/1131/1055 1667/1132/1054
f 1609/1133/1056 1607/1134/1057 1649/1135/1057 1650/1136/1056
f 1619/1137/1058 1617/1138/1059 1654/1139/1059 1655/1140/1058
f 1629/1141/1060 1627/1142/1061 1659/1143/1061 1660/1144/1060
f 1639/1145/1062 1637/1146/1063 1664/1147/1063 1665/1148/1062
f 1605/1149/1064 1603/1150/1065 1647/1151/1065 1648/1152/1064
f 1615/1153/1066 1613/1154/1067 1652/1155/1067 1653/1156/1066
f 1625/1157/1068 1623/1158/1069 1657/1159/1069 1658/1160/1068
f 1635/1161/1070 1633/1119/1050 1662/1122/1050 1663/1162/1070
f 1597/1163/1071 1643/1129/1054 1667/1132/1054 1644/1164/1071
f 1601/1165/1072 1599/1166/1073 1645/1167/1073 1646/1168/1072
f 1611/1169/1074 1609/1133/1056 1650/1136/1056 1651/1170/1074
f 1621/1171/1075 1619/1137/1058 1655/1140/1058 1656/1172/1075
f 1631/1120/1051 1629/1141/1060 1660/1144/1060 1661/1121/1051
f 1641/1130/1055 1639/1145/1062 1665/1148/1062 1666/1131/1055
f 1607/1134/1057 1605/1149/1064 1648/1152/1064 1649/1135/1057
f 1617/1138/1059 1615/1153/1066 1653/1156/1066 1654/1139/1059
f 1627/1142/1061 1625/1157/1068 1658/1160/1068 1659/1143/1061
f 1637/1146/1063 1635/1161/1070 1663/1162/1070 1664/1147/1063
f 1603/1150/1065 1601/1165/1072 1646/1168/1072 1647/1151/1065
f 1613/1154/1067 1611/1169/1074 1651/1170/1074 1652/1155/1067
f 1599/1166/1073 1597/1163/1071 1644/1164/1071 1645/1167/1073
f 1623/1158/1069 1621/1171/1075 1656/1172/1075 1657/1159/1069
f 1831/1173/1076 1697/1174/1077 1699/1175/1078 1836/1176/1079
f 1836/1176/1079 1699/1175/1078 1700/1177/1080 1835/1178/1081
f 1835/1178/1081 1700/1177/1080 1701/1179/1082 1834/1180/1083
f 1834/1180/1083 1701/1179/1082 1702/1181/1084 1833/1182/1085
f 1833/1182/1085 1702/1181/1084 1703/1183/1086 1832/1184/1087
f 1832/1184/1087 1703/1183/1086 1698/1185/1088 1830/1186/1089
f 1824/1187/1090 1683/1188/1091 1685/1189/1092 1829/1190/1093
f 1829/1190/1093 1685/1189/1092 1686/1191/1094 1828/1192/1095
f 1828/1192/1095 1686/1191/1094 1687/1193/1096 1827/1194/1097
f 1827/1194/1097 1687/1193/1096 1688/1195/1098 1826/1196/1099
f 1826/1196/1099 1688/1195/1098 1689/1197/1100 1825/1198/1101
f 1825/1198/1101 1689/1197/1100 1684/1199/1102 1823/1200/1103
f 1817/1201/1104 1669/1202/1105 1671/1203/1106 1822/1204/1107
f 1822/1204/1107 1671/1203/1106 1672/1205/1108 1821/1206/1109
f 1821/1206/1109 1672/1205/1108 1673/1207/1110 1820/1208/1111
f 1820/1208/1111 1673/1207/1110 1674/1209/1112 1819/1210/1113
f 1819/1210/1113 1674/1209/1112 1675/1211/1114 1818/1212/1115
f 1818/1212/1115 1675/1211/1114 1670/1213/1116 1816/1214/1117
f 1810/1215/1118 1831/1173/1076 1836/1176/1079 1815/1216/1119
f 1815/1216/1119 1836/1176/1079 1835/1178/1081 1814/1217/1120
f 1814/1217/1120 1835/1178/1081 1834/1180/1083 1813/1218/1121
f 1813/1218/1121 1834/1180/1083 1833/1182/1085 1812/1219/1122
f 1812/1219/1122 1833/1182/1085 1832/1184/1087 1811/1220/1123
f 1811/1220/1123 1832/1184/1087 1830/1186/1089 1809/1221/1124
f 1803/1222/1125 1824/1187/1090 1829/1190/1093 1808/1223/1126
f 1808/1223/1126 1829/1190/1093 1828/1192/1095 1807/1224/1127
f 1807/1224/1127 1828/1192/1095 1827/1194/1097 1806/1225/1128
f 1806/1225/1128 1827/1194/1097 1826/1196/1099 1805/1226/1129
f 1805/1226/1129 1826/1196/1099 1825/1198/1101 1804/1227/1130
f 1804/1227/1130 1825/1198/1101 1823/1200/1103 1802/1228/1131
f 1796/1229/1132 1817/1201/1104 1822/1204/1107 1801/1230/1133
f 1801/1230/1133 1822/1204/1107 1821/1206/1109 1800/1231/1134
f 1800/1231/1134 1821/1206/1109 1820/1208/1111 1799/1232/1135
f 1799/1232/1135 1820/1208/1111 1819/1210/1113 1798/1233/1136
f 1798/1233/1136 1819/1210/1113 1818/1212/1115 1797/1234/1137
f 1797/1234/1137 1818/1212/1115 1816/1214/1117 1795/1235/1138
f 1789/1236/1139 1810/1215/1118 1815/1216/1119 1794/1237/1140
f 1794/1237/1140 1815/1216/1119 1814/1217/1120 1793/1238/1141
f 1793/1238/1141 1814/1217/1120 1813/1218/1121 1792/1239/1142
f 1792/1239/1142 1813/1218/1121 1812/1219/1122 1791/1240/1143
f 1791/1240/1143 1812/1219/1122 1811/1220/1123 1790/1241/1144
f 1790/1241/1144 1811/1220/1123 1809/1221/1124 1788/1242/1145
f 1782/1243/1146 1803/1222/1125 1808/1223/1126 1787/1244/1147
f 1787/1244/1147 1808/1223/1126 1807/1224/1127 1786/1245/1148
f 1786/1245/1148 1807/1224/1127 1806/1225/1128 1785/1246/1149
f 1785/1246/1149 1806/1225/1128 1805/1226/1129 1784/1247/1150
f 1784/1247/1150 1805/1226/1129 1804/1227/1130 1783/1248/1151
f 1783/1248/1151 1804/1227/1130 1802/1228/1131 1781/1249/1152
f 1775/1250/1153 1796/1229/1132 1801/1230/1133 1780/1251/1154
f 1780/1251/1154 1801/1230/1133 1800/1231/1134 1779/1252/1155
f 1779/1252/1155 1800/1231/1134 1799/1232/1135 1778/1253/1156
f 1778/1253/1156 1799/1232/1135 1798/1233/1136 1777/1254/1157
f 1777/1254/1157 1798/1233/1136 1797/1234/1137 1776/1255/1158
f 1776/1255/1158 1797/1234/1137 1795/1235/1138 1774/1256/1159
f 1768/1257/1160 1789/1236/1139 1794/1237/1140 1773/1258/1161
f 1773/1258/1161 1794/1237/1140 1793/1238/1141 1772/1259/1162
f 1772/1259/1162 1793/1238/1141 1792/1239/1142 1771/1260/1163
f 1771/1260/1163 1792/1239/1142 1791/1240/1143 1770/1261/1164
f 1770/1261/1164 1791/1240/1143 1790/1241/1144 1769/1262/1165
f 1769/1262/1165 1790/1241/1144 1788/1242/1145 1767/1263/1166
f 1761/1264/1167 1782/1243/1146 1787/1244/1147 1766/1265/1168
f 1766/1265/1168 1787/1244/1147 1786/1245/1148 1765/1266/1169
f 1765/1266/1169 1786/1245/1148 1785/1246/1149 1764/1267/1170
f 1764/1267/1170 1785/1246/1149 1784/1247/1150 1763/1268/1171
f 1763/1268/1171 1784/1247/1150 1783/1248/1151 1762/1269/1172
f 1762/1269/1172 1783/1248/1151 1781/1249/1152 1760/1270/1173
f 1754/1271/1174 1775/1272/1153 1780/1273/1154 1759/1274/1175
f 1759/1274/1175 1780/1273/1154 1779/1275/1155 1758/1276/1176
f 1758/1276/1176 1779/1275/1155 1778/1277/1156 1757/1278/1177
f 1757/1278/1177 1778/1277/1156 1777/1279/1157 1756/1280/1178
f 1756/1280/1178 1777/1279/1157 1776/1281/1158 1755/1282/1179
f 1755/1282/1179 1776/1281/1158 1774/1283/1159 1753/1284/1180
f 1747/1285/1181 1768/1257/1160 1773/1258/1161 1752/1286/1182
f 1752/1286/1182 1773/1258/1161 1772/1259/1162 1751/1287/1183
f 1751/1287/1183 1772/1259/1162 1771/1260/1163 1750/1288/1184
f 1750/1288/1184 1771/1260/1163 1770/1261/1164 1749/1289/1185
f 1749/1289/1185 1770/1261/1164 1769/1262/1165 1748/1290/1186
f 1748/1290/1186 1769/1262/1165 1767/1263/1166 1746/1291/1187
f 1740/1292/1188 1761/1264/1167 1766/1265/1168 1745/1293/1189
f 1745/1293/1189 1766/1265/1168 1765/1266/1169 1744/1294/1190
f 1744/1294/1190 1765/1266/1169 1764/1267/1170 1743/1295/1191
f 1743/1295/1191 1764/1267/1170 1763/1268/1171 1742/1296/1192
f 1742/1296/1192 1763/1268/1171 1762/1269/1172 1741/1297/1193
f 1741/1297/1193 1762/1269/1172 1760/1270/1173 1739/1298/1194
f 1733/1299/1195 1754/1271/1174 1759/1274/1175 1738/1300/1196
f 1738/1300/1196 1759/1274/1175 1758/1276/1176 1737/1301/1197
f 1737/1301/1197 1758/1276/1176 1757/1278/1177 1736/1302/1198
f 1736/1302/1198 1757/1278/1177 1756/1280/1178 1735/1303/1199
f 1735/1303/1199 1756/1280/1178 1755/1282/1179 1734/1304/1200
f 1734/1304/1200 1755/1282/1179 1753/1284/1180 1732/1305/1201
f 1719/1306/1202 1725/1307/1203 1727/1308/1204 1724/1309/1205
f 1724/1309/1205 1727/1308/1204 1728/1310/1206 1723/1311/1207
f 1723/1311/1207 1728/1310/1206 1729/1312/1208 1722/1313/1209
f 1722/1313/1209 1729/1312/1208 1730/1314/1210 1721/1315/1211
f 1721/1315/1211 1730/1314/1210 1731/1316/1212 1720/1317/1213
f 1720/1317/1213 1731/1316/1212 1726/1318/1214 1718/1319/1215
f 1712/1320/1216 1747/1321/1181 1752/1322/1182 1717/1323/1217
f 1717/1323/1217 1752/1322/1182 1751/1324/1183 1716/1325/1218
f 1716/1325/1218 1751/1324/1183 1750/1326/1184 1715/1327/1219
f 1715/1327/1219 1750/1326/1184 1749/1328/1185 1714/1329/1220
f 1714/1329/1220 1749/1328/1185 1748/1330/1186 1713/1331/1221
f 1713/1331/1221 1748/1330/1186 1746/1332/1187 1711/1333/1222
f 1705/1334/1223 1740/1292/1188 1745/1293/1189 1710/1335/1224
f 1710/1335/1224 1745/1293/1189 1744/1294/1190 1709/1336/1225
f 1709/1336/1225 1744/1294/1190 1743/1295/1191 1708/1337/1226
f 1708/1337/1226 1743/1295/1191 1742/1296/1192 1707/1338/1227
f 1707/1338/1227 1742/1296/1192 1741/1297/1193 1706/1339/1228
f 1706/1339/1228 1741/1297/1193 1739/1298/1194 1704/1340/1229
f 1725/1307/1203 1733/1299/1195 1738/1300/1196 1727/1308/1204
f 1727/1308/1204 1738/1300/1196 1737/1301/1197 1728/1310/1206
f 1728/1310/1206 1737/1301/1197 1736/1302/1198 1729/1312/1208
f 1729/1312/1208 1736/1302/1198 1735/1303/1199 1730/1314/1210
f 1730/1314/1210 1735/1303/1199 1734/1304/1200 1731/1316/1212
f 1731/1316/1212 1734/1304/1200 1732/1305/1201 1726/1318/1214
f 1691/1341/1230 1719/1306/1202 1724/1309/1205 1696/1342/1231
f 1696/1342/1231 1724/1309/1205 1723/1311/1207 1695/1343/1232
f 1695/1343/1232 1723/1311/1207 1722/1313/1209 1694/1344/1233
f 1694/1344/1233 1722/1313/1209 1721/1315/1211 1693/1345/1234
f 1693/1345/1234 1721/1315/1211 1720/1317/1213 1692/1346/1235
f 1692/1346/1235 1720/1317/1213 1718/1319/1215 1690/1347/1236
f 1677/1348/1237 1712/1320/1216 1717/1323/1217 1682/1349/1238
f 1682/1349/1238 1717/1323/1217 1716/1325/1218 1681/1350/1239
f 1681/1350/1239 1716/1325/1218 1715/1327/1219 1680/1351/1240
f 1680/1351/1240 1715/1327/1219 1714/1329/1220 1679/1352/1241
f 1679/1352/1241 1714/1329/1220 1713/1331/1221 1678/1353/1242
f 1678/1353/1242 1713/1331/1221 1711/1333/1222 1676/1354/1243
f 1697/1174/1077 1705/1355/1223 1710/1356/1224 1699/1175/1078
f 1699/1175/1078 1710/1356/1224 1709/1357/1225 1700/1177/1080
f 1700/1177/1080 1709/1357/1225 1708/1358/1226 1701/1179/1082
f 1701/1179/1082 1708/1358/1226 1707/1359/1227 1702/1181/1084
f 1702/1181/1084 1707/1359/1227 1706/1360/1228 1703/1183/1086
f 1703/1183/1086 1706/1360/1228 1704/1361/1229 1698/1185/1088
f 1683/1362/1091 1691/1341/1230 1696/1342/1231 1685/1363/1092
f 1685/1363/1092 1696/1342/1231 1695/1343/1232 1686/1364/1094
f 1686/1364/1094 1695/1343/1232 1694/1344/1233 1687/1365/1096
f 1687/1365/1096 1694/1344/1233 1693/1345/1234 1688/1366/1098
f 1688/1366/1098 1693/1345/1234 1692/1346/1235 1689/1367/1100
f 1689/1367/1100 1692/1346/1235 1690/1347/1236 1684/1368/1102
f 1669/1202/1105 1677/1348/1237 1682/1349/1238 1671/1203/1106
f 1671/1203/1106 1682/1349/1238 1681/1350/1239 1672/1205/1108
f 1672/1205/1108 1681/1350/1239 1680/1351/1240 1673/1207/1110
f 1673/1207/1110 1680/1351/1240 1679/1352/1241 1674/1209/1112
f 1674/1209/1112 1679/1352/1241 1678/1353/1242 1675/1211/1114
f 1675/1211/1114 1678/1353/1242 1676/1354/1243 1670/1213/1116
f 1669/1202/1105 1817/1201/1104 1668/1369/22
f 1651/1370/1244 1650/1371/24 1670/1213/1116 1676/1354/1243
f 1677/1348/1237 1669/1202/1105 1668/1369/22
f 1650/1371/24 1649/1372/1245 1816/1214/1117 1670/1213/1116
f 1712/1320/1216 1677/1348/1237 1668/1369/22
f 1652/1373/1246 1651/1370/1244 1676/1354/1243 1711/1333/1222
f 1683/1188/1091 1824/1187/1090 1668/1374/22
f 1666/1375/1247 1665/1376/552 1684/1368/1102 1690/1347/1236
f 1691/1341/1230 1683/1362/1091 1668/1377/22
f 1665/1378/552 1664/1379/1248 1823/1200/1103 1684/1199/1102
f 1719/1306/1202 1691/1341/1230 1668/1377/22
f 1667/1380/1249 1666/1375/1247 1690/1347/1236 1718/1319/1215
f 1697/1174/1077 1831/1173/1076 1668/1381/22
f 1659/1382/28 1658/1383/1250 1698/1185/1088 1704/1361/1229
f 1705/1355/1223 1697/1174/1077 1668/1381/22
f 1658/1383/1250 1657/1384/1251 1830/1186/1089 1698/1185/1088
f 1740/1292/1188 1705/1334/1223 1668/1374/22
f 1660/1385/1252 1659/1386/28 1704/1340/1229 1739/1298/1194
f 1747/1321/1181 1712/1320/1216 1668/1369/22
f 1653/1387/1253 1652/1373/1246 1711/1333/1222 1746/1332/1187
f 1725/1307/1203 1719/1306/1202 1668/1377/22
f 1644/1388/26 1667/1380/1249 1718/1319/1215 1726/1318/1214
f 1645/1389/1254 1644/1388/26 1726/1318/1214 1732/1305/1201
f 1733/1299/1195 1725/1307/1203 1668/1377/22
f 1754/1271/1174 1733/1299/1195 1668/1377/22
f 1646/1390/1255 1645/1389/1254 1732/1305/1201 1753/1284/1180
f 1761/1264/1167 1740/1292/1188 1668/1374/22
f 1661/1391/1256 1660/1385/1252 1739/1298/1194 1760/1270/1173
f 1768/1257/1160 1747/1285/1181 1668/1381/22
f 1654/1392/1257 1653/1393/1253 1746/1291/1187 1767/1263/1166
f 1775/1272/1153 1754/1271/1174 1668/1377/22
f 1647/1394/1258 1646/1390/1255 1753/1284/1180 1774/1283/1159
f 1782/1243/1146 1761/1264/1167 1668/1374/22
f 1662/1395/8 1661/1391/1256 1760/1270/1173 1781/1249/1152
f 1789/1236/1139 1768/1257/1160 1668/1381/22
f 1655/1396/1259 1654/1392/1257 1767/1263/1166 1788/1242/1145
f 1796/1229/1132 1775/1250/1153 1668/1369/22
f 1648/1397/1260 1647/1398/1258 1774/1256/1159 1795/1235/1138
f 1803/1222/1125 1782/1243/1146 1668/1374/22
f 1663/1399/1261 1662/1395/8 1781/1249/1152 1802/1228/1131
f 1810/1215/1118 1789/1236/1139 1668/1381/22
f 1656/1400/25 1655/1396/1259 1788/1242/1145 1809/1221/1124
f 1817/1201/1104 1796/1229/1132 1668/1369/22
f 1649/1372/1245 1648/1397/1260 1795/1235/1138 1816/1214/1117
f 1824/1187/1090 1803/1222/1125 1668/1374/22
f 1664/1379/1248 1663/1399/1261 1802/1228/1131 1823/1200/1103
f 1831/1173/1076 1810/1215/1118 1668/1381/22
f 1657/1384/1251 1656/1400/25 1809/1221/1124 1830/1186/1089
f 1989/1401/1262 1852/1402/1262 1850/1403/1263 1990/1404/1263
f 1990/1404/1263 1850/1403/1263 1848/1405/1264 1991/1406/1264
f 1991/1406/1264 1848/1405/1264 1846/1407/1265 1992/1408/1265
f 1992/1408/1265 1846/1407/1265 1844/1409/1266 1993/1410/1266
f 1993/1411/1266 1844/1412/1266 1842/1413/1267 1994/1414/1267
f 1994/1414/1267 1842/1413/1267 1840/1415/1268 1995/1416/1268
f 1995/1417/1268 1840/1418/1268 1838/1419/1269 1996/1420/1269
f 1996/1420/1269 1838/1419/1269 1896/1421/1270 1965/1422/1270
f 2018/1423/1271 1988/1424/1271 1989/1401/1272 2019/1425/1272
f 1966/1426/1273 1900/1427/1273 1898/1428/1274 1967/1429/1274
f 1965/1422/1270 1896/1421/1270 1900/1427/1273 1966/1426/1273
f 1967/1429/1274 1898/1428/1274 1894/1430/1275 1968/1431/1275
f 1968/1431/1275 1894/1430/1275 1892/1432/1276 1969/1433/1276
f 1969/1434/1276 1892/1435/1276 1890/1436/1277 1970/1437/1277
f 1970/1437/1277 1890/1436/1277 1888/1438/1278 1971/1439/1278
f 1971/1439/1278 1888/1438/1278 1886/1440/1279 1972/1441/1279
f 1972/1441/1279 1886/1440/1279 1884/1442/1280 1973/1443/1280
f 1973/1443/1280 1884/1442/1280 1882/1444/1281 1974/1445/1281
f 1974/1445/1281 1882/1444/1281 1880/1446/1282 1975/1447/1282
f 1975/1447/1282 1880/1446/1282 1878/1448/1283 1976/1449/1283
f 1976/1449/1283 1878/1448/1283 1876/1450/1284 1977/1451/1284
f 1977/1451/1284 1876/1450/1284 1874/1452/1285 1978/1453/1285
f 1978/1453/1285 1874/1452/1285 1872/1454/1286 1979/1455/1286
f 1979/1455/1286 1872/1454/1286 1870/1456/1287 1980/1457/1288
f 1980/1457/1288 1870/1456/1287 1868/1458/1289 1981/1459/1289
f 1981/1459/1289 1868/1458/1289 1866/1460/1290 1982/1461/1290
f 1982/1461/1290 1866/1460/1290 1864/1462/1291 1983/1463/1292
f 1983/1463/1292 1864/1462/1291 1862/1464/1293 1984/1465/1293
f 1984/1465/1293 1862/1464/1293 1860/1466/1294 1985/1467/1294
f 1985/1467/1294 1860/1466/1294 1858/1468/1295 1986/1469/1295
f 1986/1469/1295 1858/1468/1295 1856/1470/1296 1987/1471/1296
f 1987/1471/1296 1856/1470/1296 1854/1472/1297 1988/1473/1297
f 1988/1424/1297 1854/1474/1297 1852/1402/1262 1989/1401/1262
f 1841/1475/1298 1843/1476/1299 2032/1477/1299 2031/1478/1298
f 1904/1479/1300 1902/1480/1301 1901/1481/1301 1903/1482/1300
f 1906/1483/1302 1904/1479/1300 1903/1482/1300 1905/1484/1302
f 1908/1485/1303 1906/1483/1302 1905/1484/1302 1907/1486/1303
f 1910/1487/1304 1908/1485/1303 1907/1486/1303 1909/1488/1304
f 1912/1489/1305 1910/1487/1304 1909/1488/1304 1911/1490/1305
f 1914/1491/1306 1912/1489/1305 1911/1490/1305 1913/1492/1306
f 1916/1493/1307 1914/1491/1306 1913/1492/1306 1915/1494/1307
f 1918/1495/1308 1916/1493/1307 1915/1494/1307 1917/1496/1308
f 1920/1497/1309 1918/1495/1308 1917/1496/1308 1919/1498/1309
f 1922/1499/1310 1920/1497/1309 1919/1498/1309 1921/1500/1310
f 1924/1501/1311 1922/1499/1310 1921/1500/1310 1923/1502/1311
f 1926/1503/1312 1924/1501/1311 1923/1502/1311 1925/1504/1312
f 1928/1505/1313 1926/1503/1312 1925/1504/1312 1927/1506/1313
f 1930/1507/1314 1928/1508/1313 1927/1509/1313 1929/1510/1315
f 1932/1511/1316 1930/1507/1314 1929/1510/1315 1931/1512/1316
f 1934/1513/1317 1932/1511/1316 1931/1512/1316 1933/1514/1317
f 1936/1515/1318 1934/1513/1317 1933/1514/1317 1935/1516/1318
f 1938/1517/1319 1936/1515/1318 1935/1516/1318 1937/1518/1319
f 1940/1519/1320 1938/1517/1319 1937/1518/1319 1939/1520/1320
f 1942/1521/1321 1940/1522/1320 1939/1523/1320 1941/1524/1321
f 1944/1525/1322 1942/1521/1321 1941/1524/1321 1943/1526/1322
f 1946/1527/1323 1944/1528/1322 1943/1529/1322 1945/1530/1323
f 1948/1531/1324 1946/1527/1323 1945/1530/1323 1947/1532/1324
f 1950/1533/1325 1948/1531/1324 1947/1532/1324 1949/1534/1325
f 1952/1535/1326 1950/1533/1325 1949/1534/1325 1951/1536/1326
f 1954/1537/1327 1952/1538/1326 1951/1539/1326 1953/1540/1327
f 1956/1541/1328 1954/1537/1327 1953/1540/1327 1955/1542/1328
f 1958/1543/1329 1956/1541/1328 1955/1542/1328 1957/1544/1329
f 1960/1545/1330 1958/1543/1329 1957/1544/1329 1959/1546/1330
f 1962/1547/1331 1960/1545/1330 1959/1546/1330 1961/1548/1331
f 1964/1549/1332 1962/1547/1331 1961/1548/1331 1963/1550/1332
f 1902/1480/1301 1964/1549/1332 1963/1550/1332 1901/1481/1301
f 1903/1482/26 1901/1481/26 1963/1550/26 1961/1548/26 1959/1546/26 1957/1544/26 1955/1542/26 1953/1540/26 1951/1539/26 1949/1551/26 1947/1552/26 1945/1553/26 1943/1526/26 1941/1524/26 1939/1523/26 1937/1554/26 1935/1555/26 1933/1556/26 1931/1557/26 1929/1558/26 1927/1506/26 1925/1504/26 1923/1502/26 1921/1500/26 1919/1498/26 1917/1496/26 1915/1494/26 1913/1492/26 1911/1490/26 1909/1488/26 1907/1486/26 1905/1484/26
f 1900/1427/24 1902/1559/24 1904/1560/1333 1898/1428/1333
f 1896/1421/1334 1964/1561/1334 1902/1559/24 1900/1427/24
f 1898/1428/1333 1904/1560/1333 1906/1562/1298 1894/1430/1298
f 1894/1430/1298 1906/1562/1298 1908/1563/1299 1892/1432/1299
f 1892/1432/1299 1908/1563/1299 1910/1564/1335 1890/1565/1335
f 1890/1566/1335 1910/1567/1335 1912/1568/1336 1888/1569/1336
f 1888/1569/1336 1912/1568/1336 1914/1570/1337 1886/1571/1337
f 1886/1571/1337 1914/1570/1337 1916/1572/1338 1884/1573/1338
f 1884/1573/1338 1916/1572/1338 1918/1574/22 1882/1575/22
f 1882/1575/22 1918/1574/22 1920/1576/1339 1880/1577/1339
f 1880/1577/1339 1920/1576/1339 1922/1578/1340 1878/1579/1340
f 1878/1579/1340 1922/1578/1340 1924/1580/1341 1876/1581/1341
f 1876/1581/1341 1924/1580/1341 1926/1582/30 1874/1583/30
f 1874/1584/30 1926/1585/30 1928/1508/1342 1872/1586/1342
f 1872/1586/1342 1928/1508/1342 1930/1507/1343 1870/1587/1343
f 1870/1587/1343 1930/1507/1343 1932/1511/1344 1868/1588/1344
f 1868/1588/1344 1932/1511/1344 1934/1513/8 1866/1589/8
f 1866/1589/8 1934/1513/8 1936/1515/1345 1864/1590/1345
f 1864/1590/1345 1936/1515/1345 1938/1517/1346 1862/1591/1346
f 1862/1591/1346 1938/1517/1346 1940/1519/1347 1860/1592/1347
f 1860/1592/1347 1940/1519/1347 1942/1593/1348 1858/1594/1348
f 1858/1595/1348 1942/1596/1348 1944/1528/1349 1856/1597/1349
f 1856/1597/1349 1944/1528/1349 1946/1527/1271 1854/1474/1271
f 1854/1474/1271 1946/1527/1271 1948/1531/1272 1852/1402/1272
f 1852/1402/1272 1948/1531/1272 1950/1533/7 1850/1403/7
f 1850/1403/7 1950/1533/7 1952/1535/1350 1848/1405/1350
f 1848/1405/1350 1952/1535/1350 1954/1598/1351 1846/1407/1351
f 1846/1407/1351 1954/1598/1351 1956/1599/1352 1844/1409/1352
f 1844/1409/1352 1956/1599/1352 1958/1600/1353 1842/1601/1353
f 1842/1602/1353 1958/1603/1353 1960/1604/1354 1840/1418/1354
f 1840/1418/1354 1960/1604/1354 1962/1605/1355 1838/1419/1355
f 1838/1419/1355 1962/1605/1355 1964/1561/1334 1896/1421/1334
f 2017/1606/1349 1987/1607/1349 1988/1424/1271 2018/1423/1271
f 2016/1608/1348 1986/1609/1348 1987/1607/1349 2017/1606/1349
f 2015/1610/1347 1985/1611/1347 1986/1612/1348 2016/1613/1348
f 2014/1614/1346 1984/1615/1346 1985/1611/1347 2015/1610/1347
f 2013/1616/1345 1983/1617/1345 1984/1615/1346 2014/1614/1346
f 2012/1618/8 1982/1619/8 1983/1617/1345 2013/1616/1345
f 2011/1620/1344 1981/1621/1344 1982/1619/8 2012/1618/8
f 2010/1622/1343 1980/1623/1343 1981/1621/1344 2011/1620/1344
f 2009/1624/1342 1979/1625/1342 1980/1623/1343 2010/1622/1343
f 2008/1626/30 1978/1627/30 1979/1625/1342 2009/1624/1342
f 2007/1628/1341 1977/1629/1341 1978/1630/30 2008/1631/30
f 2006/1632/1340 1976/1633/1340 1977/1629/1341 2007/1628/1341
f 2005/1634/1339 1975/1635/1339 1976/1633/1340 2006/1632/1340
f 2004/1636/22 1974/1637/22 1975/1635/1339 2005/1634/1339
f 2003/1638/1338 1973/1639/1338 1974/1637/22 2004/1636/22
f 2002/1640/1337 1972/1641/1337 1973/1639/1338 2003/1638/1338
f 2001/1642/1336 1971/1643/1336 1972/1641/1337 2002/1640/1337
f 2000/1644/1335 1970/1645/1335 1971/1643/1336 2001/1642/1336
f 1999/1646/1299 1969/1433/1299 1970/1647/1335 2000/1648/1335
f 1998/1649/1298 1968/1431/1298 1969/1433/1299 1999/1646/1299
f 1997/1650/1333 1967/1429/1333 1968/1431/1298 1998/1649/1298
f 2027/1651/1334 1965/1422/1334 1966/1426/24 2028/1652/24
f 2028/1652/24 1966/1426/24 1967/1429/1333 1997/1650/1333
f 2026/1653/1355 1996/1420/1355 1965/1422/1334 2027/1651/1334
f 2025/1654/1354 1995/1417/1354 1996/1420/1355 2026/1653/1355
f 2024/1655/1353 1994/1656/1353 1995/1417/1354 2025/1654/1354
f 2023/1657/1352 1993/1410/1352 1994/1658/1353 2024/1659/1353
f 2022/1660/1351 1992/1408/1351 1993/1410/1352 2023/1657/1352
f 2021/1661/1350 1991/1406/1350 1992/1408/1351 2022/1660/1351
f 2020/1662/7 1990/1404/7 1991/1406/1350 2021/1661/1350
f 2019/1425/1272 1989/1401/1272 1990/1404/7 2020/1662/7
f 1883/1663/1356 2019/1664/1356 2020/1665/1357 1885/1666/1357
f 1885/1666/1357 2020/1665/1357 2021/1667/1358 1887/1668/1358
f 1887/1668/1358 2021/1667/1358 2022/1669/1359 1889/1670/1359
f 1889/1670/1359 2022/1669/1359 2023/1671/1360 1891/1672/1360
f 1891/1672/1360 2023/1671/1360 2024/1673/1361 1893/1674/1361
f 1893/1674/1361 2024/1673/1361 2025/1675/1362 1895/1676/1362
f 1895/1676/1362 2025/1675/1362 2026/1677/1363 1897/1678/1363
f 1897/1678/1363 2026/1677/1363 2027/1679/1364 1899/1680/1364
f 1837/1681/1365 2028/1682/1365 1997/1683/1366 1839/1684/1366
f 1899/1680/1364 2027/1679/1364 2028/1682/1365 1837/1681/1365
f 1839/1684/1366 1997/1683/1366 1998/1685/1367 1841/1686/1367
f 1841/1686/1367 1998/1685/1367 1999/1687/1368 1843/1688/1368
f 1843/1688/1368 1999/1687/1368 2000/1689/1369 1845/1690/1369
f 1845/1690/1369 2000/1689/1369 2001/1691/1370 1847/1692/1371
f 1847/1692/1371 2001/1691/1370 2002/1693/1372 1849/1694/1372
f 1849/1694/1372 2002/1693/1372 2003/1695/1373 1851/1696/1373
f 1851/1696/1373 2003/1695/1373 2004/1697/1374 1853/1698/1374
f 1853/1698/1374 2004/1697/1374 2005/1699/1375 1855/1700/1375
f 1855/1700/1375 2005/1699/1375 2006/1701/1376 1857/1702/1376
f 1857/1702/1376 2006/1701/1376 2007/1703/1377 1859/1704/1378
f 1859/1704/1378 2007/1703/1377 2008/1705/1379 1861/1706/1379
f 1861/1706/1379 2008/1705/1379 2009/1707/1380 1863/1708/1380
f 1863/1708/1380 2009/1707/1380 2010/1709/1381 1865/1710/1381
f 1865/1710/1381 2010/1709/1381 2011/1711/1382 1867/1712/1382
f 1867/1712/1382 2011/1711/1382 2012/1713/1383 1869/1714/1383
f 1869/1714/1383 2012/1713/1383 2013/1715/1384 1871/1716/1384
f 1871/1716/1384 2013/1715/1384 2014/1717/1385 1873/1718/1385
f 1873/1718/1385 2014/1717/1385 2015/1719/1386 1875/1720/1386
f 1875/1720/1386 2015/1719/1386 2016/1721/1387 1877/1722/1387
f 1877/1722/1387 2016/1721/1387 2017/1723/1388 1879/1724/1388
f 1879/1724/1388 2017/1723/1388 2018/1725/1389 1881/1726/1389
f 1881/1726/1389 2018/1725/1389 2019/1664/1356 1883/1663/1356
f 1859/1727/1341 1861/1728/30 2041/1729/30 2040/1730/1341
f 1877/1731/1348 1879/1732/1349 2050/1733/1349 2049/1734/1348
f 1895/1735/1354 1897/1736/1355 2059/1737/1355 2058/1738/1354
f 1851/1739/1338 1853/1740/22 2037/1741/22 2036/1742/1338
f 1869/1743/8 1871/1744/1345 2046/1745/1345 2045/1746/8
f 1887/1747/1350 1889/1748/1351 2055/1749/1351 2054/1750/1350
f 1843/1476/1299 1845/1751/1335 2033/1752/1335 2032/1477/1299
f 1861/1753/30 1863/1754/1342 2042/1755/1342 2041/1756/30
f 1879/1732/1349 1881/1757/1271 2051/1758/1271 2050/1733/1349
f 1897/1736/1355 1899/1759/1334 2060/1760/1334 2059/1737/1355
f 1853/1740/22 1855/1761/1339 2038/1762/1339 2037/1741/22
f 1871/1744/1345 1873/1763/1346 2047/1764/1346 2046/1745/1345
f 1889/1748/1351 1891/1765/1352 2056/1766/1352 2055/1749/1351
f 1845/1767/1335 1847/1768/1336 2034/1769/1336 2033/1770/1335
f 1863/1754/1342 1865/1771/1343 2043/1772/1343 2042/1755/1342
f 1881/1757/1271 1883/1773/1272 2052/1774/1272 2051/1758/1271
f 1837/1775/24 1839/1776/1333 2030/1777/1333 2029/1778/24
f 1899/1759/1334 1837/1775/24 2029/1778/24 2060/1760/1334
f 1855/1761/1339 1857/1779/1340 2039/1780/1340 2038/1762/1339
f 1873/1763/1346 1875/1781/1347 2048/1782/1347 2047/1764/1346
f 1891/1765/1352 1893/1783/1353 2057/1784/1353 2056/1766/1352
f 1847/1768/1336 1849/1785/1337 2035/1786/1337 2034/1769/1336
f 1865/1771/1343 1867/1787/1344 2044/1788/1344 2043/1772/1343
f 1883/1773/1272 1885/1789/7 2053/1790/7 2052/1774/1272
f 1839/1776/1333 1841/1475/1298 2031/1478/1298 2030/1777/1333
f 1857/1779/1340 1859/1727/1341 2040/1730/1341 2039/1780/1340
f 1875/1781/1347 1877/1791/1348 2049/1792/1348 2048/1782/1347
f 1893/1793/1353 1895/1735/1354 2058/1738/1354 2057/1794/1353
f 1849/1785/1337 1851/1739/1338 2036/1742/1338 2035/1786/1337
f 1867/1787/1344 1869/1743/8 2045/1746/8 2044/1788/1344
f 1885/1789/7 1887/1747/1350 2054/1750/1350 2053/1790/7
f 2061/1795/1390 2062/1796/1390 2064/1797/1390 2063/1798/1390
f 2075/1799/1391 2073/1800/1392 2068/1801/1393 2067/1802/1393
f 2067/1803/1394 2068/1804/1394 2066/1805/1394 2065/1806/1394
f 2071/1807/1395 2072/1808/1396 2062/1809/1397 2061/1810/1397
f 2075/1811/1398 2067/1812/24 2065/1813/24 2074/1814/1398
f 2070/1815/8 2064/1816/8 2062/1817/8 2072/1818/8
f 2073/1819/8 2070/1815/8 2072/1818/8 2076/1820/8
f 2063/1821/24 2069/1822/1399 2071/1823/1399 2061/1824/24
f 2074/1825/1400 2076/1826/1401 2072/1808/1396 2071/1807/1395
f 2063/1827/1402 2064/1828/1402 2070/1829/1403 2069/1830/1404
f 2065/1831/1405 2066/1832/1405 2076/1826/1401 2074/1825/1400
f 2068/1833/8 2073/1819/8 2076/1820/8 2066/1834/8
f 2069/1822/1399 2075/1811/1398 2074/1814/1398 2071/1823/1399
f 2069/1830/1404 2070/1829/1403 2073/1800/1392 2075/1799/1391
f 2087/1835/1406 2088/1836/1407 2112/1837/1407 2111/1838/1406
f 1636/1839/22 1638/1840/22 2098/1841/22 2097/1842/22
f 1602/1843/22 1604/1844/22 2081/1845/22 2080/1846/22
f 1612/1847/22 1614/1848/22 2086/1849/22 2085/1850/22
f 1622/1851/22 1624/1852/22 2091/1853/22 2090/1854/22
f 1632/1855/22 1634/1856/22 2096/1857/22 2095/1858/22
f 1642/1859/22 1596/1860/22 2077/1861/22 2100/1862/22
f 1598/1863/22 1600/1864/22 2079/1865/22 2078/1866/22
f 1608/1867/22 1610/1868/22 2084/1869/22 2083/1870/22
f 1618/1871/22 1620/1872/22 2089/1873/22 2088/1874/22
f 1628/1126/22 1630/1875/22 2094/1876/22 2093/1127/22
f 1638/1840/22 1640/1877/22 2099/1878/22 2098/1841/22
f 1604/1844/22 1606/1879/22 2082/1880/22 2081/1845/22
f 1614/1848/22 1616/1881/22 2087/1882/22 2086/1849/22
f 1624/1852/22 1626/1125/22 2092/1128/22 2091/1853/22
f 1634/1856/22 1636/1839/22 2097/1842/22 2096/1857/22
f 1600/1864/22 1602/1843/22 2080/1846/22 2079/1865/22
f 1610/1868/22 1612/1847/22 2085/1850/22 2084/1869/22
f 1596/1860/22 1598/1863/22 2078/1866/22 2077/1861/22
f 1620/1872/22 1622/1851/22 2090/1854/22 2089/1873/22
f 1630/1875/22 1632/1855/22 2095/1858/22 2094/1876/22
f 1640/1877/22 1642/1859/22 2100/1862/22 2099/1878/22
f 1606/1879/22 1608/1867/22 2083/1870/22 2082/1880/22
f 1616/1881/22 1618/1871/22 2088/1874/22 2087/1882/22
f 2115/1883/22 2116/1884/22 2140/1885/22 2184/1886/22
f 2080/1887/1408 2081/1888/1409 2105/1889/1409 2104/1890/1408
f 2095/1891/1410 2096/1892/1411 2120/1893/1411 2119/1894/1410
f 2088/1836/1407 2089/1895/1412 2113/1896/1412 2112/1837/1407
f 2081/1888/1409 2082/1897/1413 2106/1898/1413 2105/1889/1409
f 2096/1892/1411 2097/1899/1414 2121/1900/1414 2120/1893/1411
f 2089/1895/1412 2090/1901/1415 2114/1902/1415 2113/1896/1412
f 2082/1897/1413 2083/1903/1416 2107/1904/1416 2106/1898/1413
f 2097/1899/1414 2098/1905/1417 2122/1906/1417 2121/1900/1414
f 2090/1901/1415 2091/1907/1418 2115/1908/1418 2114/1902/1415
f 2083/1903/1416 2084/1909/1419 2108/1910/1419 2107/1904/1416
f 2098/1911/1417 2099/1912/1420 2123/1913/1420 2122/1914/1417
f 2091/1907/1418 2092/1915/1421 2116/1916/1421 2115/1908/1418
f 2084/1909/1419 2085/1917/1422 2109/1918/1422 2108/1910/1419
f 2099/1912/1420 2100/1919/1423 2124/1920/1423 2123/1913/1420
f 2077/1921/1424 2078/1922/1425 2102/1923/1425 2101/1924/1424
f 2092/1925/1421 2093/1926/1426 2117/1927/1426 2116/1928/1421
f 2085/1917/1422 2086/1929/1427 2110/1930/1427 2109/1918/1422
f 2100/1919/1423 2077/1921/1424 2101/1924/1424 2124/1920/1423
f 2078/1922/1425 2079/1931/1428 2103/1932/1428 2102/1923/1425
f 2093/1926/1426 2094/1933/1429 2118/1934/1429 2117/1927/1426
f 2086/1935/1427 2087/1835/1406 2111/1838/1406 2110/1936/1427
f 2079/1931/1428 2080/1937/1408 2104/1938/1408 2103/1932/1428
f 2094/1933/1429 2095/1891/1410 2119/1894/1410 2118/1934/1429
f 2128/1939/1430 2176/1940/1011 2194/1941/1011 2152/1942/1430
f 2108/1943/22 2109/1944/22 2179/1945/22 2132/1946/22
f 2123/1947/22 2124/1948/22 2148/1949/22 2190/1950/22
f 2101/1951/22 2102/1952/22 2174/1953/22 2173/1954/22
f 2116/1884/22 2117/1955/22 2185/1956/22 2140/1885/22
f 2109/1944/22 2110/1957/22 2180/1958/22 2179/1945/22
f 2124/1948/22 2101/1951/22 2173/1954/22 2148/1949/22
f 2102/1952/22 2103/1959/22 2175/1960/22 2174/1953/22
f 2117/1955/22 2118/1961/22 2186/1962/22 2185/1956/22
f 2110/1957/22 2111/1963/22 2181/1964/22 2180/1958/22
f 2103/1959/22 2104/1965/22 2128/1966/22 2175/1960/22
f 2118/1961/22 2119/1967/22 2187/1968/22 2186/1962/22
f 2111/1963/22 2112/1969/22 2136/1970/22 2181/1964/22
f 2104/1965/22 2105/1971/22 2176/1972/22 2128/1966/22
f 2119/1967/22 2120/1973/22 2144/1974/22 2187/1968/22
f 2112/1969/22 2113/1975/22 2182/1976/22 2136/1970/22
f 2105/1971/22 2106/1977/22 2177/1978/22 2176/1972/22
f 2120/1973/22 2121/1979/22 2188/1980/22 2144/1974/22
f 2113/1975/22 2114/1981/22 2183/1982/22 2182/1976/22
f 2106/1977/22 2107/1983/22 2178/1984/22 2177/1978/22
f 2121/1979/22 2122/1985/22 2189/1986/22 2188/1980/22
f 2114/1981/22 2115/1883/22 2184/1886/22 2183/1982/22
f 2107/1983/22 2108/1943/22 2132/1946/22 2178/1984/22
f 2122/1985/22 2123/1947/22 2190/1950/22 2189/1986/22
f 2191/1987/7 2192/1988/7 2193/1989/7 2152/1990/7 2194/1991/7 2195/1992/7 2196/1993/7 2156/1994/7 2197/1995/7 2198/1996/7 2199/1997/7 2160/1998/7 2200/1999/7 2201/2000/7 2202/2001/7 2164/2002/7 2203/2003/7 2204/2004/7 2205/2005/7 2168/2006/7 2206/2007/7 2207/2008/7 2208/2009/7 2172/2010/7
f 2187/2011/1431 2144/2012/1432 2168/2013/1432 2205/2014/1431
f 2136/2015/1433 2182/2016/1434 2200/2017/1434 2160/2018/1433
f 2129/2019/1013 2130/2020/1435 2154/2021/1435 2153/2022/1013
f 2144/2012/1432 2188/2023/1043 2206/2024/1043 2168/2013/1432
f 2137/2025/1436 2138/2026/1437 2162/2027/1437 2161/2028/1436
f 2130/2020/1435 2131/2029/1438 2155/2030/1438 2154/2021/1435
f 2145/2031/1045 2146/2032/1439 2170/2033/1439 2169/2034/1045
f 2138/2026/1437 2139/2035/1031 2163/2036/1031 2162/2027/1437
f 2178/2037/1440 2132/2038/1441 2156/2039/1441 2196/2040/1440
f 2146/2041/1439 2147/2042/1047 2171/2043/1047 2170/2044/1439
f 2184/2045/1033 2140/2046/1442 2164/2047/1442 2202/2048/1033
f 2132/2038/1441 2179/2049/1019 2197/2050/1019 2156/2039/1441
f 2190/2051/1049 2148/2052/1443 2172/2053/1443 2208/2054/1049
f 2125/2055/1444 2126/2056/1445 2150/2057/1445 2149/2058/1444
f 2140/2059/1442 2185/2060/1035 2203/2061/1035 2164/2062/1442
f 2133/2063/1021 2134/2064/1446 2158/2065/1446 2157/2066/1021
f 2148/2052/1443 2173/2067/1447 2191/2068/1447 2172/2053/1443
f 2126/2056/1445 2127/2069/1007 2151/2070/1007 2150/2057/1445
f 2141/2071/1037 2142/2072/1448 2166/2073/1448 2165/2074/1037
f 2134/2075/1446 2135/2076/1023 2159/2077/1023 2158/2078/1446
f 2175/2079/1009 2128/2080/1430 2152/2081/1430 2193/1939/1009
f 2142/2072/1448 2143/2082/1449 2167/2083/1449 2166/2073/1448
f 2181/2084/1025 2136/2015/1433 2160/2018/1433 2199/2085/1025
f 2126/2086/1450 2125/2087/1451 2173/1954/1451 2174/1953/1450
f 2127/2088/1452 2126/2086/1450 2174/1953/1450 2175/1960/1452
f 2130/2089/1453 2129/2090/1454 2176/1972/1454 2177/1978/1453
f 2131/2091/1455 2130/2089/1453 2177/1978/1453 2178/1984/1455
f 2134/2092/1456 2133/2093/1457 2179/1945/1457 2180/1958/1456
f 2135/2094/1458 2134/2092/1456 2180/1958/1456 2181/1964/1458
f 2138/2095/1459 2137/2096/1460 2182/1976/1460 2183/1982/1459
f 2139/2097/1461 2138/2095/1459 2183/1982/1459 2184/1886/1461
f 2142/2098/1462 2141/2099/1463 2185/1956/1463 2186/1962/1462
f 2143/2100/1464 2142/2098/1462 2186/1962/1462 2187/1968/1464
f 2146/2101/1465 2145/2102/1466 2188/1980/1466 2189/1986/1465
f 2147/2103/1467 2146/2101/1465 2189/1986/1465 2190/1950/1467
f 2149/2104/7 2150/2105/7 2192/1988/7 2191/1987/7
f 2150/2105/7 2151/2106/7 2193/1989/7 2192/1988/7
f 2153/2107/7 2154/2108/7 2195/1992/7 2194/1991/7
f 2154/2108/7 2155/2109/7 2196/1993/7 2195/1992/7
f 2157/2110/7 2158/2111/7 2198/1996/7 2197/1995/7
f 2158/2111/7 2159/2112/7 2199/1997/7 2198/1996/7
f 2161/2113/7 2162/2114/7 2201/2000/7 2200/1999/7
f 2162/2114/7 2163/2115/7 2202/2001/7 2201/2000/7
f 2165/2116/7 2166/2117/7 2204/2004/7 2203/2003/7
f 2166/2117/7 2167/2118/7 2205/2005/7 2204/2004/7
f 2169/2119/7 2170/2120/7 2207/2008/7 2206/2007/7
f 2170/2120/7 2171/2121/7 2208/2009/7 2207/2008/7
f 2129/2122/1468 2153/2123/1468 2194/2124/1468 2176/2125/1468
f 2167/2126/1469 2143/2127/1469 2187/2128/1469 2205/2129/1469
f 2137/2130/1470 2161/2131/1470 2200/2132/1470 2182/2133/1470
f 2145/2031/1471 2169/2034/1471 2206/2024/1471 2188/2023/1471
f 2155/2030/1472 2131/2029/1472 2178/2037/1472 2196/2040/1472
f 2163/2134/1473 2139/2135/1473 2184/2136/1473 2202/2137/1473
f 2171/2043/1474 2147/2042/1474 2190/2051/1474 2208/2054/1474
f 2133/2063/1475 2157/2066/1475 2197/2050/1475 2179/2049/1475
f 2125/2138/1476 2149/2139/1476 2191/2140/1476 2173/2132/1476
f 2141/2141/1477 2165/2142/1477 2203/1582/1477 2185/2124/1477
f 2151/2143/1478 2127/2144/1478 2175/2145/1478 2193/2146/1478
f 2159/2077/1479 2135/2076/1479 2181/2084/1479 2199/2085/1479
f 2210/2147/1301 2211/2148/1480 2212/2149/1480 2209/2150/1301
f 2211/2148/1480 2213/2151/1302 2214/2152/1302 2212/2149/1480
f 2213/2151/1302 2215/2153/1303 2216/2154/1303 2214/2152/1302
f 2215/2153/1303 2217/2155/1304 2218/2156/1304 2216/2154/1303
f 2217/2155/1304 2219/2157/1305 2220/2158/1305 2218/2156/1304
f 2219/2157/1305 2221/2159/1306 2222/2160/1306 2220/2158/1305
f 2221/2159/1306 2223/2161/1307 2224/2162/1307 2222/2160/1306
f 2223/2161/1307 2225/2163/1308 2226/2164/1308 2224/2162/1307
f 2225/2163/1308 2227/2165/1481 2228/2166/1481 2226/2164/1308
f 2227/2165/1481 2229/2167/1310 2230/2168/1310 2228/2166/1481
f 2229/2167/1310 2231/2169/1311 2232/2170/1311 2230/2168/1310
f 2231/2169/1311 2233/2171/1312 2234/2172/1312 2232/2170/1311
f 2233/2171/1312 2235/2173/1313 2236/2174/1313 2234/2172/1312
f 2235/2175/1313 2237/2176/1315 2238/2177/1314 2236/2178/1313
f 2237/2176/1315 2239/2179/1482 2240/2180/1482 2238/2177/1314
f 2239/2179/1482 2241/2181/1317 2242/2182/1317 2240/2180/1482
f 2241/2181/1317 2243/2183/1483 2244/2184/1483 2242/2182/1317
f 2243/2183/1483 2245/2185/1319 2246/2186/1319 2244/2184/1483
f 2245/2185/1319 2247/2187/1320 2248/2188/1320 2246/2186/1319
f 2247/2189/1320 2249/2190/1321 2250/2191/1321 2248/2192/1320
f 2249/2190/1321 2251/2193/1322 2252/2194/1322 2250/2191/1321
f 2251/2195/1322 2253/2196/1484 2254/2197/1484 2252/2198/1322
f 2253/2196/1484 2255/2199/1485 2256/2200/1485 2254/2197/1484
f 2255/2199/1485 2257/2201/1325 2258/2202/1325 2256/2200/1485
f 2257/2201/1325 2259/2203/1326 2260/2204/1326 2258/2202/1325
f 2259/2205/1326 2261/2206/1327 2262/2207/1327 2260/2208/1326
f 2261/2206/1327 2263/2209/1328 2264/2210/1328 2262/2207/1327
f 2263/2209/1328 2265/2211/1329 2266/2212/1329 2264/2210/1328
f 2265/2211/1329 2267/2213/1330 2268/2214/1330 2266/2212/1329
f 2267/2213/1330 2269/2215/1486 2270/2216/1331 2268/2214/1330
f 2269/2215/1486 2271/2217/1487 2272/2218/1487 2270/2216/1331
f 2271/2217/1487 2210/2147/1301 2209/2150/1301 2272/2218/1487
f 2274/2219/1488 2275/2220/1489 2276/2221/1489 2273/2222/1488
f 2275/2220/1489 2277/2223/1490 2278/2224/1491 2276/2221/1489
f 2277/2223/1490 2279/2225/1492 2280/2226/1492 2278/2224/1491
f 2279/2227/1492 2281/2228/1493 2282/2229/1493 2280/2230/1492
f 2281/2228/1493 2283/2231/1494 2284/2232/1494 2282/2229/1493
f 2283/2231/1494 2285/2233/1495 2286/2234/1495 2284/2232/1494
f 2285/2233/1495 2287/2235/1496 2288/2236/1496 2286/2234/1495
f 2287/2235/1496 2289/2237/1497 2290/2238/1497 2288/2236/1496
f 2289/2237/1497 2291/2239/1498 2292/2240/1498 2290/2238/1497
f 2291/2239/1498 2293/2241/1499 2294/2242/1499 2292/2240/1498
f 2293/2241/1499 2295/2243/1500 2296/2244/1500 2294/2242/1499
f 2295/2243/1500 2297/2245/1501 2298/2246/1501 2296/2244/1500
f 2297/2245/1501 2299/2247/1502 2300/2248/1502 2298/2246/1501
f 2299/2247/1502 2301/2249/1503 2302/2250/1503 2300/2248/1502
f 2301/2249/1503 2303/2251/1504 2304/2252/1504 2302/2250/1503
f 2303/2251/1504 2305/2253/1505 2306/2254/1505 2304/2252/1504
f 2305/2253/1505 2307/2255/1506 2308/2256/1506 2306/2254/1505
f 2307/2255/1506 2309/2257/1507 2310/2258/1507 2308/2256/1506
f 2309/2257/1507 2311/2259/1508 2312/2260/1508 2310/2258/1507
f 2311/2259/1508 2313/2261/1509 2314/2262/1509 2312/2260/1508
f 2313/2261/1509 2315/2263/1510 2316/2264/1510 2314/2262/1509
f 2315/2263/1510 2317/2265/1511 2318/2266/1511 2316/2264/1510
f 2317/2267/1511 2319/2268/1512 2320/2269/1512 2318/2270/1511
f 2319/2268/1512 2321/2271/1513 2322/2272/1513 2320/2269/1512
f 2321/2271/1513 2323/2273/1514 2324/2274/1514 2322/2272/1513
f 2323/2273/1514 2325/2275/1515 2326/2276/1515 2324/2274/1514
f 2325/2275/1515 2327/2277/1516 2328/2278/1516 2326/2276/1515
f 2327/2279/1516 2329/2280/1517 2330/2281/1517 2328/2282/1516
f 2329/2280/1517 2331/2283/1518 2332/2284/1518 2330/2281/1517
f 2331/2285/1518 2333/2286/1519 2334/2287/1519 2332/2288/1518
f 2333/2286/1519 2335/2289/1520 2336/2290/1520 2334/2287/1519
f 2335/2289/1520 2274/2219/1488 2273/2222/1488 2336/2290/1520
f 2209/2291/24 2212/2292/1333 2275/2220/1333 2274/2219/24
f 2060/2293/26 2029/2294/26 2210/2147/26 2271/2217/26
f 2029/2294/26 2030/2295/26 2211/2148/26 2210/2147/26
f 2272/2296/1334 2209/2291/24 2274/2219/24 2335/2289/1334
f 2212/2292/1333 2214/2297/1298 2277/2223/1298 2275/2220/1333
f 2030/2295/26 2031/2298/26 2213/2151/26 2211/2148/26
f 2214/2297/1298 2216/2299/1299 2279/2225/1299 2277/2223/1298
f 2031/2298/26 2032/2300/26 2215/2153/26 2213/2151/26
f 2216/2299/1299 2218/2301/1335 2281/2302/1335 2279/2225/1299
f 2032/2300/26 2033/2303/26 2217/2155/26 2215/2153/26
f 2218/2304/1335 2220/2305/1336 2283/2306/1336 2281/2307/1335
f 2033/2303/26 2034/2308/26 2219/2157/26 2217/2155/26
f 2220/2305/1336 2222/2309/1337 2285/2310/1337 2283/2306/1336
f 2034/2308/26 2035/2311/26 2221/2159/26 2219/2157/26
f 2222/2309/1337 2224/2312/1338 2287/2313/1338 2285/2310/1337
f 2035/2311/26 2036/2314/26 2223/2161/26 2221/2159/26
f 2224/2312/1338 2226/2315/22 2289/2316/22 2287/2313/1338
f 2036/2314/26 2037/2317/26 2225/2163/26 2223/2161/26
f 2226/2315/22 2228/2318/1339 2291/2319/1339 2289/2316/22
f 2037/2317/26 2038/2320/26 2227/2165/26 2225/2163/26
f 2228/2318/1339 2230/2321/1340 2293/2322/1340 2291/2319/1339
f 2038/2320/26 2039/2323/26 2229/2167/26 2227/2165/26
f 2230/2321/1340 2232/2324/1341 2295/2325/1341 2293/2322/1340
f 2039/2323/26 2040/2326/26 2231/2169/26 2229/2167/26
f 2232/2324/1341 2234/2327/30 2297/2328/30 2295/2325/1341
f 2040/2326/26 2041/2329/26 2233/2171/26 2231/2169/26
f 2234/2330/30 2236/2178/1342 2299/2331/1342 2297/2332/30
f 2041/2329/26 2042/2333/26 2235/2173/26 2233/2171/26
f 2236/2178/1342 2238/2177/1343 2301/2334/1343 2299/2331/1342
f 2042/2333/26 2043/2335/26 2237/2336/26 2235/2173/26
f 2238/2177/1343 2240/2180/1344 2303/2337/1344 2301/2334/1343
f 2043/2335/26 2044/2338/26 2239/2339/26 2237/2336/26
f 2240/2180/1344 2242/2182/8 2305/2340/8 2303/2337/1344
f 2044/2338/26 2045/2341/26 2241/2342/26 2239/2339/26
f 2242/2182/8 2244/2184/1345 2307/2343/1345 2305/2340/8
f 2045/2341/26 2046/2344/26 2243/2345/26 2241/2342/26
f 2244/2184/1345 2246/2186/1346 2309/2346/1346 2307/2343/1345
f 2046/2344/26 2047/2347/26 2245/2348/26 2243/2345/26
f 2246/2186/1346 2248/2188/1347 2311/2349/1347 2309/2346/1346
f 2047/2347/26 2048/2350/26 2247/2189/26 2245/2348/26
f 2248/2188/1347 2250/2351/1348 2313/2352/1348 2311/2349/1347
f 2048/2350/26 2049/2353/26 2249/2190/26 2247/2189/26
f 2250/2354/1348 2252/2198/1349 2315/2355/1349 2313/2356/1348
f 2049/2353/26 2050/2357/26 2251/2193/26 2249/2190/26
f 2252/2198/1349 2254/2197/1271 2317/2267/1271 2315/2355/1349
f 2050/2357/26 2051/2358/26 2253/2359/26 2251/2193/26
f 2254/2197/1271 2256/2200/1272 2319/2268/1272 2317/2267/1271
f 2051/2358/26 2052/2360/26 2255/2361/26 2253/2359/26
f 2256/2200/1272 2258/2202/7 2321/2271/7 2319/2268/1272
f 2052/2360/26 2053/2362/26 2257/2363/26 2255/2361/26
f 2258/2202/7 2260/2204/1350 2323/2273/1350 2321/2271/7
f 2053/2362/26 2054/2364/26 2259/2205/26 2257/2363/26
f 2260/2204/1350 2262/2365/1351 2325/2275/1351 2323/2273/1350
f 2054/2364/26 2055/2366/26 2261/2206/26 2259/2205/26
f 2262/2365/1351 2264/2367/1352 2327/2277/1352 2325/2275/1351
f 2055/2366/26 2056/2368/26 2263/2209/26 2261/2206/26
f 2264/2367/1352 2266/2369/1353 2329/2370/1353 2327/2277/1352
f 2056/2368/26 2057/2371/26 2265/2211/26 2263/2209/26
f 2266/2372/1353 2268/2373/1354 2331/2285/1354 2329/2374/1353
f 2057/2371/26 2058/2375/26 2267/2213/26 2265/2211/26
f 2268/2373/1354 2270/2376/1355 2333/2286/1355 2331/2285/1354
f 2058/2375/26 2059/2377/26 2269/2215/26 2267/2213/26
f 2270/2376/1355 2272/2296/1334 2335/2289/1334 2333/2286/1355
f 2059/2377/26 2060/2293/26 2271/2217/26 2269/2215/26
f 2273/2378/25 2276/2379/25 2278/2380/25 2280/2230/25 2282/2229/25 2284/2232/25 2286/2234/25 2288/2236/25 2290/2238/25 2292/2240/25 2294/2242/25 2296/2244/25 2298/2246/25 2300/2248/25 2302/2250/25 2304/2252/25 2306/2254/25 2308/2256/25 2310/2258/25 2312/2260/25 2314/2262/25 2316/2264/25 2318/2266/25 2320/2381/25 2322/2382/25 2324/2383/25 2326/2384/25 2328/2282/25 2330/2281/25 2332/2284/25 2334/2385/25 2336/2386/25
o Cube.001
v -4.700000 5.154361 0.000000
v -4.700000 6.845639 0.000000
v -3.000000 5.500000 0.000000
v -3.000000 6.500000 0.000000
v -3.400000 6.845639 0.000000
v -3.400000 5.154361 0.000000
v -1.000000 5.500000 0.000000
v -1.000000 6.500000 0.000000
v -5.100000 5.502382 0.000000
v -5.100000 6.497618 0.000000
v -10.000000 5.246484 0.000000
v -10.000000 6.753516 0.000000
v -25.099998 5.246484 0.000000
v -25.099998 6.753516 0.000000
v -55.099998 5.570448 0.000000
v -55.099998 6.429552 0.000000
v -61.700001 5.765486 0.000000
v -61.700001 6.234514 0.000000
v -62.000000 6.000000 0.000000
v -4.647505 5.154361 0.700499
v -4.647505 6.845639 0.700499
v -2.966492 5.500000 0.447127
v -2.966492 6.500000 0.447127
v -3.362025 6.845639 0.506744
v -3.362025 5.154361 0.506744
v -0.988831 5.500000 0.149042
v -0.988831 6.500000 0.149042
v -5.043037 5.502382 0.760116
v -5.043037 6.497618 0.760116
v -9.888308 5.246484 1.490423
v -9.888308 6.753516 1.490423
v -24.819653 5.246484 3.740961
v -24.819653 6.753516 3.740961
v -54.484577 5.570448 8.212230
v -54.484577 6.429552 8.212230
v -61.010860 5.765486 9.195909
v -61.010860 6.234514 9.195909
v -61.307510 6.000000 9.240622
v -4.491192 5.154361 1.385350
v -4.491192 6.845639 1.385350
v -2.866718 5.500000 0.884266
v -2.866718 6.500000 0.884266
v -3.248948 6.845639 1.002168
v -3.248948 5.154361 1.002168
v -0.955573 5.500000 0.294755
v -0.955573 6.500000 0.294755
v -4.873422 5.502382 1.503252
v -4.873422 6.497618 1.503252
v -9.555728 5.246484 2.947552
v -9.555728 6.753516 2.947552
v -23.984875 5.246484 7.398355
v -23.984875 6.753516 7.398355
v -52.652058 5.570448 16.241011
v -52.652058 6.429552 16.241011
v -58.958843 5.765486 18.186396
v -58.958843 6.234514 18.186396
v -59.245514 6.000000 18.274822
v -4.234554 5.154361 2.039254
v -4.234554 6.845639 2.039254
v -2.702907 5.500000 1.301651
v -2.702907 6.500000 1.301651
v -3.063294 6.845639 1.475205
v -3.063294 5.154361 1.475205
v -0.900969 5.500000 0.433884
v -0.900969 6.500000 0.433884
v -4.594942 5.502382 2.212807
v -4.594942 6.497618 2.212807
v -9.009688 5.246484 4.338838
v -9.009688 6.753516 4.338838
v -22.614317 5.246484 10.890482
v -22.614317 6.753516 10.890482
v -49.643383 5.570448 23.906994
v -49.643383 6.429552 23.906994
v -55.589779 5.765486 26.770628
v -55.589779 6.234514 26.770628
v -55.860069 6.000000 26.900793
v -3.883322 5.154361 2.647605
v -3.883322 6.845639 2.647605
v -2.478716 5.500000 1.689960
v -2.478716 6.500000 1.689960
v -2.809212 6.845639 1.915288
v -2.809212 5.154361 1.915288
v -0.826239 5.500000 0.563320
v -0.826239 6.500000 0.563320
v -4.213818 5.502382 2.872933
v -4.213818 6.497618 2.872933
v -8.262387 5.246484 5.633201
v -8.262387 6.753516 5.633201
v -20.738592 5.246484 14.139334
v -20.738592 6.753516 14.139334
v -45.525753 5.570448 31.038937
v -45.525753 6.429552 31.038937
v -50.978931 5.765486 34.756851
v -50.978931 6.234514 34.756851
v -51.226803 6.000000 34.925846
v -3.445344 5.154361 3.196812
v -3.445344 6.845639 3.196812
v -2.199156 5.500000 2.040518
v -2.199156 6.500000 2.040518
v -2.492376 6.845639 2.312587
v -2.492376 5.154361 2.312587
v -0.733052 5.500000 0.680173
v -0.733052 6.500000 0.680173
v -3.738565 5.502382 3.468882
v -3.738565 6.497618 3.468882
v -7.330518 5.246484 6.801728
v -7.330518 6.753516 6.801728
v -18.399599 5.246484 17.072336
v -18.399599 6.753516 17.072336
v -40.391155 5.570448 37.477520
v -40.391155 6.429552 37.477520
v -45.229298 5.765486 41.966663
v -45.229298 6.234514 41.966663
v -45.449215 6.000000 42.170715
v -2.930402 5.154361 3.674608
v -2.930402 6.845639 3.674608
v -1.870469 5.500000 2.345495
v -1.870469 6.500000 2.345495
v -2.119865 6.845639 2.658227
v -2.119865 5.154361 2.658227
v -0.623490 5.500000 0.781832
v -0.623490 6.500000 0.781832
v -3.179798 5.502382 3.987341
v -3.179798 6.497618 3.987341
v -6.234898 5.246484 7.818315
v -6.234898 6.753516 7.818315
v -15.649593 5.246484 19.623970
v -15.649593 6.753516 19.623970
v -34.354286 5.570448 43.078915
v -34.354286 6.429552 43.078915
v -38.469322 5.765486 48.239006
v -38.469322 6.234514 48.239006
v -38.656368 6.000000 48.473553
v -2.350000 5.154361 4.070320
v -2.350000 6.845639 4.070320
v -1.500000 5.500000 2.598076
v -1.500000 6.500000 2.598076
v -1.700000 6.845639 2.944487
v -1.700000 5.154361 2.944487
v -0.500000 5.500000 0.866025
v -0.500000 6.500000 0.866025
v -2.550000 5.502382 4.416730
v -2.550000 6.497618 4.416730
v -5.000000 5.246484 8.660254
v -5.000000 6.753516 8.660254
v -12.549998 5.246484 21.737238
v -12.549998 6.753516 21.737238
v -27.549997 5.570448 47.718002
v -27.549997 6.429552 47.718002
v -30.849998 5.765486 53.433769
v -30.849998 6.234514 53.433769
v -30.999998 6.000000 53.693577
v -1.717103 5.154361 4.375107
v -1.717103 6.845639 4.375107
v -1.096023 5.500000 2.792621
v -1.096023 6.500000 2.792621
v -1.242159 6.845639 3.164971
v -1.242159 5.154361 3.164971
v -0.365341 5.500000 0.930874
v -0.365341 6.500000 0.930874
v -1.863239 5.502382 4.747457
v -1.863239 6.497618 4.747457
v -3.653410 5.246484 9.308738
v -3.653410 6.753516 9.308738
v -9.170058 5.246484 23.364929
v -9.170058 6.753516 23.364929
v -20.130287 5.570448 51.291142
v -20.130287 6.429552 51.291142
v -22.541538 5.765486 57.434910
v -22.541538 6.234514 57.434910
v -22.651140 6.000000 57.714172
v -1.045848 5.154361 4.582161
v -1.045848 6.845639 4.582161
v -0.667563 5.500000 2.924784
v -0.667563 6.500000 2.924784
v -0.756571 6.845639 3.314755
v -0.756571 5.154361 3.314755
v -0.222521 5.500000 0.974928
v -0.222521 6.500000 0.974928
v -1.134856 5.502382 4.972133
v -1.134856 6.497618 4.972133
v -2.225209 5.246484 9.749279
v -2.225209 6.753516 9.749279
v -5.585273 5.246484 24.470690
v -5.585273 6.753516 24.470690
v -12.260899 5.570448 53.718525
v -12.260899 6.429552 53.718525
v -13.729537 5.765486 60.153053
v -13.729537 6.234514 60.153053
v -13.796293 6.000000 60.445530
v -0.351231 5.154361 4.686858
v -0.351231 6.845639 4.686858
v -0.224190 5.500000 2.991611
v -0.224190 6.500000 2.991611
v -0.254082 6.845639 3.390493
v -0.254082 5.154361 3.390493
v -0.074730 5.500000 0.997204
v -0.074730 6.500000 0.997204
v -0.381123 5.502382 5.085740
v -0.381123 6.497618 5.085740
v -0.747300 5.246484 9.972038
v -0.747300 6.753516 9.972038
v -1.875723 5.246484 25.029814
v -1.875723 6.753516 25.029814
v -4.117623 5.570448 54.945930
v -4.117623 6.429552 54.945930
v -4.610841 5.765486 61.527477
v -4.610841 6.234514 61.527477
v -4.633260 6.000000 61.826637
v 0.351232 5.154361 4.686858
v 0.351232 6.845639 4.686858
v 0.224191 5.500000 2.991611
v 0.224191 6.500000 2.991611
v 0.254083 6.845639 3.390493
v 0.254083 5.154361 3.390493
v 0.074730 5.500000 0.997204
v 0.074730 6.500000 0.997204
v 0.381124 5.502382 5.085740
v 0.381124 6.497618 5.085740
v 0.747302 5.246484 9.972037
v 0.747302 6.753516 9.972037
v 1.875728 5.246484 25.029814
v 1.875728 6.753516 25.029814
v 4.117634 5.570448 54.945927
v 4.117634 6.429552 54.945927
v 4.610854 5.765486 61.527473
v 4.610854 6.234514 61.527473
v 4.633273 6.000000 61.826633
v 1.045848 5.154361 4.582161
v 1.045848 6.845639 4.582161
v 0.667563 5.500000 2.924784
v 0.667563 6.500000 2.924784
v 0.756571 6.845639 3.314755
v 0.756571 5.154361 3.314755
v 0.222521 5.500000 0.974928
v 0.222521 6.500000 0.974928
v 1.134857 5.502382 4.972133
v 1.134857 6.497618 4.972133
v 2.225209 5.246484 9.749279
v 2.225209 6.753516 9.749279
v 5.585276 5.246484 24.470690
v 5.585276 6.753516 24.470690
v 12.260904 5.570448 53.718525
v 12.260904 6.429552 53.718525
v 13.729543 5.765486 60.153053
v 13.729543 6.234514 60.153053
v 13.796299 6.000000 60.445530
v 1.717103 5.154361 4.375107
v 1.717103 6.845639 4.375107
v 1.096023 5.500000 2.792621
v 1.096023 6.500000 2.792621
v 1.242160 6.845639 3.164971
v 1.242160 5.154361 3.164971
v 0.365341 5.500000 0.930874
v 0.365341 6.500000 0.930874
v 1.863240 5.502382 4.747457
v 1.863240 6.497618 4.747457
v 3.653411 5.246484 9.308738
v 3.653411 6.753516 9.308738
v 9.170060 5.246484 23.364929
v 9.170060 6.753516 23.364929
v 20.130293 5.570448 51.291142
v 20.130293 6.429552 51.291142
v 22.541544 5.765486 57.434910
v 22.541544 6.234514 57.434910
v 22.651146 6.000000 57.714172
v 2.350000 5.154361 4.070320
v 2.350000 6.845639 4.070320
v 1.500000 5.500000 2.598076
v 1.500000 6.500000 2.598076
v 1.700000 6.845639 2.944486
v 1.700000 5.154361 2.944486
v 0.500000 5.500000 0.866025
v 0.500000 6.500000 0.866025
v 2.550000 5.502382 4.416730
v 2.550000 6.497618 4.416730
v 5.000000 5.246484 8.660254
v 5.000000 6.753516 8.660254
v 12.550001 5.246484 21.737236
v 12.550001 6.753516 21.737236
v 27.550003 5.570448 47.717999
v 27.550003 6.429552 47.717999
v 30.850004 5.765486 53.433765
v 30.850004 6.234514 53.433765
v 31.000004 6.000000 53.693573
v 2.930403 5.154361 3.674608
v 2.930403 6.845639 3.674608
v 1.870470 5.500000 2.345494
v 1.870470 6.500000 2.345494
v 2.119866 6.845639 2.658227
v 2.119866 5.154361 2.658227
v 0.623490 5.500000 0.781831
v 0.623490 6.500000 0.781831
v 3.179799 5.502382 3.987340
v 3.179799 6.497618 3.987340
v 6.234900 5.246484 7.818314
v 6.234900 6.753516 7.818314
v 15.649597 5.246484 19.623966
v 15.649597 6.753516 19.623966
v 34.354298 5.570448 43.078907
v 34.354298 6.429552 43.078907
v 38.469334 5.765486 48.238998
v 38.469334 6.234514 48.238998
v 38.656380 6.000000 48.473545
v 3.445344 5.154361 3.196812
v 3.445344 6.845639 3.196812
v 2.199156 5.500000 2.040518
v 2.199156 6.500000 2.040518
v 2.492377 6.845639 2.312587
v 2.492377 5.154361 2.312587
v 0.733052 5.500000 0.680173
v 0.733052 6.500000 0.680173
v 3.738565 5.502382 3.468881
v 3.738565 6.497618 3.468881
v 7.330520 5.246484 6.801727
v 7.330520 6.753516 6.801727
v 18.399603 5.246484 17.072332
v 18.399603 6.753516 17.072332
v 40.391163 5.570448 37.477512
v 40.391163 6.429552 37.477512
v 45.229305 5.765486 41.966656
v 45.229305 6.234514 41.966656
v 45.449223 6.000000 42.170708
v 3.883322 5.154361 2.647604
v 3.883322 6.845639 2.647604
v 2.478716 5.500000 1.689960
v 2.478716 6.500000 1.689960
v 2.809212 6.845639 1.915288
v 2.809212 5.154361 1.915288
v 0.826239 5.500000 0.563320
v 0.826239 6.500000 0.563320
v 4.213818 5.502382 2.872932
v 4.213818 6.497618 2.872932
v 8.262387 5.246484 5.633201
v 8.262387 6.753516 5.633201
v 20.738592 5.246484 14.139332
v 20.738592 6.753516 14.139332
v 45.525753 5.570448 31.038933
v 45.525753 6.429552 31.038933
v 50.978931 5.765486 34.756847
v 50.978931 6.234514 34.756847
v 51.226803 6.000000 34.925842
v 4.234554 5.154361 2.039253
v 4.234554 6.845639 2.039253
v 2.702907 5.500000 1.301651
v 2.702907 6.500000 1.301651
v 3.063294 6.845639 1.475204
v 3.063294 5.154361 1.475204
v 0.900969 5.500000 0.433884
v 0.900969 6.500000 0.433884
v 4.594942 5.502382 2.212806
v 4.594942 6.497618 2.212806
v 9.009689 5.246484 4.338836
v 9.009689 6.753516 4.338836
v 22.614319 5.246484 10.890478
v 22.614319 6.753516 10.890478
v 49.643387 5.570448 23.906986
v 49.643387 6.429552 23.906986
v 55.589783 5.765486 26.770618
v 55.589783 6.234514 26.770618
v 55.860073 6.000000 26.900784
v 4.491193 5.154361 1.385349
v 4.491193 6.845639 1.385349
v 2.866719 5.500000 0.884265
v 2.866719 6.500000 0.884265
v 3.248948 6.845639 1.002167
v 3.248948 5.154361 1.002167
v 0.955573 5.500000 0.294755
v 0.955573 6.500000 0.294755
v 4.873422 5.502382 1.503251
v 4.873422 6.497618 1.503251
v 9.555729 5.246484 2.947551
v 9.555729 6.753516 2.947551
v 23.984877 5.246484 7.398354
v 23.984877 6.753516 7.398354
v 52.652061 5.570448 16.241007
v 52.652061 6.429552 16.241007
v 58.958847 5.765486 18.186392
v 58.958847 6.234514 18.186392
v 59.245518 6.000000 18.274818
v 4.647505 5.154361 0.700498
v 4.647505 6.845639 0.700498
v 2.966493 5.500000 0.447126
v 2.966493 6.500000 0.447126
v 3.362025 6.845639 0.506743
v 3.362025 5.154361 0.506743
v 0.988831 5.500000 0.149042
v 0.988831 6.500000 0.149042
v 5.043038 5.502382 0.760115
v 5.043038 6.497618 0.760115
v 9.888309 5.246484 1.490421
v 9.888309 6.753516 1.490421
v 24.819653 5.246484 3.740956
v 24.819653 6.753516 3.740956
v 54.484581 5.570448 8.212218
v 54.484581 6.429552 8.212218
v 61.010864 5.765486 9.195897
v 61.010864 6.234514 9.195897
v 61.307514 6.000000 9.240609
v 4.700000 5.154361 -0.000000
v 4.700000 6.845639 -0.000000
v 3.000000 5.500000 -0.000000
v 3.000000 6.500000 -0.000000
v 3.400000 6.845639 -0.000000
v 3.400000 5.154361 -0.000000
v 1.000000 5.500000 -0.000000
v 1.000000 6.500000 -0.000000
v 5.100000 5.502382 -0.000000
v 5.100000 6.497618 -0.000000
v 10.000000 5.246484 -0.000001
v 10.000000 6.753516 -0.000001
v 25.099998 5.246484 -0.000002
v 25.099998 6.753516 -0.000002
v 55.099998 5.570448 -0.000005
v 55.099998 6.429552 -0.000005
v 61.700001 5.765486 -0.000005
v 61.700001 6.234514 -0.000005
v 62.000000 6.000000 -0.000005
v 4.647505 5.154361 -0.700500
v 4.647505 6.845639 -0.700500
v 2.966492 5.500000 -0.447127
v 2.966492 6.500000 -0.447127
v 3.362025 6.845639 -0.506744
v 3.362025 5.154361 -0.506744
v 0.988831 5.500000 -0.149042
v 0.988831 6.500000 -0.149042
v 5.043037 5.502382 -0.760117
v 5.043037 6.497618 -0.760117
v 9.888308 5.246484 -1.490425
v 9.888308 6.753516 -1.490425
v 24.819653 5.246484 -3.740966
v 24.819653 6.753516 -3.740966
v 54.484577 5.570448 -8.212241
v 54.484577 6.429552 -8.212241
v 61.010860 5.765486 -9.195922
v 61.010860 6.234514 -9.195922
v 61.307510 6.000000 -9.240634
v 4.491192 5.154361 -1.385350
v 4.491192 6.845639 -1.385350
v 2.866718 5.500000 -0.884266
v 2.866718 6.500000 -0.884266
v 3.248948 6.845639 -1.002168
v 3.248948 5.154361 -1.002168
v 0.955573 5.500000 -0.294755
v 0.955573 6.500000 -0.294755
v 4.873422 5.502382 -1.503252
v 4.873422 6.497618 -1.503252
v 9.555728 5.246484 -2.947553
v 9.555728 6.753516 -2.947553
v 23.984875 5.246484 -7.398358
v 23.984875 6.753516 -7.398358
v 52.652058 5.570448 -16.241016
v 52.652058 6.429552 -16.241016
v 58.958843 5.765486 -18.186403
v 58.958843 6.234514 -18.186403
v 59.245514 6.000000 -18.274830
v 4.234554 5.154361 -2.039254
v 4.234554 6.845639 -2.039254
v 2.702907 5.500000 -1.301651
v 2.702907 6.500000 -1.301651
v 3.063294 6.845639 -1.475205
v 3.063294 5.154361 -1.475205
v 0.900969 5.500000 -0.433884
v 0.900969 6.500000 -0.433884
v 4.594942 5.502382 -2.212807
v 4.594942 6.497618 -2.212807
v 9.009688 5.246484 -4.338838
v 9.009688 6.753516 -4.338838
v 22.614317 5.246484 -10.890482
v 22.614317 6.753516 -10.890482
v 49.643383 5.570448 -23.906994
v 49.643383 6.429552 -23.906994
v 55.589779 5.765486 -26.770628
v 55.589779 6.234514 -26.770628
v 55.860069 6.000000 -26.900793
v 3.883322 5.154361 -2.647605
v 3.883322 6.845639 -2.647605
v 2.478716 5.500000 -1.689961
v 2.478716 6.500000 -1.689961
v 2.809212 6.845639 -1.915289
v 2.809212 5.154361 -1.915289
v 0.826239 5.500000 -0.563320
v 0.826239 6.500000 -0.563320
v 4.213818 5.502382 -2.872933
v 4.213818 6.497618 -2.872933
v 8.262387 5.246484 -5.633202
v 8.262387 6.753516 -5.633202
v 20.738590 5.246484 -14.139337
v 20.738590 6.753516 -14.139337
v 45.525749 5.570448 -31.038942
v 45.525749 6.429552 -31.038942
v 50.978928 5.765486 -34.756859
v 50.978928 6.234514 -34.756859
v 51.226799 6.000000 -34.925854
v 3.445344 5.154361 -3.196812
v 3.445344 6.845639 -3.196812
v 2.199156 5.500000 -2.040518
v 2.199156 6.500000 -2.040518
v 2.492376 6.845639 -2.312587
v 2.492376 5.154361 -2.312587
v 0.733052 5.500000 -0.680173
v 0.733052 6.500000 -0.680173
v 3.738565 5.502382 -3.468882
v 3.738565 6.497618 -3.468882
v 7.330518 5.246484 -6.801728
v 7.330518 6.753516 -6.801728
v 18.399599 5.246484 -17.072336
v 18.399599 6.753516 -17.072336
v 40.391155 5.570448 -37.477520
v 40.391155 6.429552 -37.477520
v 45.229298 5.765486 -41.966663
v 45.229298 6.234514 -41.966663
v 45.449215 6.000000 -42.170715
v 2.930401 5.154361 -3.674609
v 2.930401 6.845639 -3.674609
v 1.870469 5.500000 -2.345495
v 1.870469 6.500000 -2.345495
v 2.119865 6.845639 -2.658228
v 2.119865 5.154361 -2.658228
v 0.623490 5.500000 -0.781832
v 0.623490 6.500000 -0.781832
v 3.179797 5.502382 -3.987342
v 3.179797 6.497618 -3.987342
v 6.234896 5.246484 -7.818316
v 6.234896 6.753516 -7.818316
v 15.649589 5.246484 -19.623972
v 15.649589 6.753516 -19.623972
v 34.354279 5.570448 -43.078922
v 34.354279 6.429552 -43.078922
v 38.469311 5.765486 -48.239010
v 38.469311 6.234514 -48.239010
v 38.656357 6.000000 -48.473560
v 2.350000 5.154361 -4.070320
v 2.350000 6.845639 -4.070320
v 1.500000 5.500000 -2.598076
v 1.500000 6.500000 -2.598076
v 1.700000 6.845639 -2.944487
v 1.700000 5.154361 -2.944487
v 0.500000 5.500000 -0.866025
v 0.500000 6.500000 -0.866025
v 2.550000 5.502382 -4.416730
v 2.550000 6.497618 -4.416730
v 4.999999 5.246484 -8.660254
v 4.999999 6.753516 -8.660254
v 12.549997 5.246484 -21.737238
v 12.549997 6.753516 -21.737238
v 27.549994 5.570448 -47.718002
v 27.549994 6.429552 -47.718002
v 30.849995 5.765486 -53.433769
v 30.849995 6.234514 -53.433769
v 30.999994 6.000000 -53.693577
v 1.717103 5.154361 -4.375107
v 1.717103 6.845639 -4.375107
v 1.096023 5.500000 -2.792621
v 1.096023 6.500000 -2.792621
v 1.242159 6.845639 -3.164971
v 1.242159 5.154361 -3.164971
v 0.365341 5.500000 -0.930874
v 0.365341 6.500000 -0.930874
v 1.863239 5.502382 -4.747457
v 1.863239 6.497618 -4.747457
v 3.653410 5.246484 -9.308738
v 3.653410 6.753516 -9.308738
v 9.170059 5.246484 -23.364929
v 9.170059 6.753516 -23.364929
v 20.130289 5.570448 -51.291142
v 20.130289 6.429552 -51.291142
v 22.541540 5.765486 -57.434910
v 22.541540 6.234514 -57.434910
v 22.651142 6.000000 -57.714172
v 1.045847 5.154361 -4.582162
v 1.045847 6.845639 -4.582162
v 0.667562 5.500000 -2.924784
v 0.667562 6.500000 -2.924784
v 0.756570 6.845639 -3.314755
v 0.756570 5.154361 -3.314755
v 0.222521 5.500000 -0.974928
v 0.222521 6.500000 -0.974928
v 1.134855 5.502382 -4.972133
v 1.134855 6.497618 -4.972133
v 2.225205 5.246484 -9.749280
v 2.225205 6.753516 -9.749280
v 5.585265 5.246484 -24.470692
v 5.585265 6.753516 -24.470692
v 12.260881 5.570448 -53.718533
v 12.260881 6.429552 -53.718533
v 13.729518 5.765486 -60.153061
v 13.729518 6.234514 -60.153061
v 13.796274 6.000000 -60.445538
v 0.351230 5.154361 -4.686858
v 0.351230 6.845639 -4.686858
v 0.224189 5.500000 -2.991611
v 0.224189 6.500000 -2.991611
v 0.254081 6.845639 -3.390493
v 0.254081 5.154361 -3.390493
v 0.074730 5.500000 -0.997204
v 0.074730 6.500000 -0.997204
v 0.381122 5.502382 -5.085740
v 0.381122 6.497618 -5.085740
v 0.747298 5.246484 -9.972038
v 0.747298 6.753516 -9.972038
v 1.875718 5.246484 -25.029814
v 1.875718 6.753516 -25.029814
v 4.117611 5.570448 -54.945930
v 4.117611 6.429552 -54.945930
v 4.610828 5.765486 -61.527477
v 4.610828 6.234514 -61.527477
v 4.633247 6.000000 -61.826637
v -0.351232 5.154361 -4.686858
v -0.351232 6.845639 -4.686858
v -0.224191 5.500000 -2.991611
v -0.224191 6.500000 -2.991611
v -0.254083 6.845639 -3.390493
v -0.254083 5.154361 -3.390493
v -0.074730 5.500000 -0.997204
v -0.074730 6.500000 -0.997204
v -0.381125 5.502382 -5.085740
v -0.381125 6.497618 -5.085740
v -0.747303 5.246484 -9.972037
v -0.747303 6.753516 -9.972037
v -1.875730 5.246484 -25.029814
v -1.875730 6.753516 -25.029814
v -4.117639 5.570448 -54.945927
v -4.117639 6.429552 -54.945927
v -4.610859 5.765486 -61.527473
v -4.610859 6.234514 -61.527473
v -4.633278 6.000000 -61.826633
v -1.045849 5.154361 -4.582161
v -1.045849 6.845639 -4.582161
v -0.667563 5.500000 -2.924784
v -0.667563 6.500000 -2.924784
v -0.756572 6.845639 -3.314755
v -0.756572 5.154361 -3.314755
v -0.222521 5.500000 -0.974928
v -0.222521 6.500000 -0.974928
v -1.134857 5.502382 -4.972133
v -1.134857 6.497618 -4.972133
v -2.225210 5.246484 -9.749279
v -2.225210 6.753516 -9.749279
v -5.585278 5.246484 -24.470690
v -5.585278 6.753516 -24.470690
v -12.260909 5.570448 -53.718525
v -12.260909 6.429552 -53.718525
v -13.729548 5.765486 -60.153053
v -13.729548 6.234514 -60.153053
v -13.796305 6.000000 -60.445530
v -1.717103 5.154361 -4.375107
v -1.717103 6.845639 -4.375107
v -1.096023 5.500000 -2.792621
v -1.096023 6.500000 -2.792621
v -1.242160 6.845639 -3.164971
v -1.242160 5.154361 -3.164971
v -0.365341 5.500000 -0.930874
v -0.365341 6.500000 -0.930874
v -1.863239 5.502382 -4.747457
v -1.863239 6.497618 -4.747457
v -3.653410 5.246484 -9.308738
v -3.653410 6.753516 -9.308738
v -9.170059 5.246484 -23.364929
v -9.170059 6.753516 -23.364929
v -20.130291 5.570448 -51.291142
v -20.130291 6.429552 -51.291142
v -22.541542 5.765486 -57.434910
v -22.541542 6.234514 -57.434910
v -22.651144 6.000000 -57.714172
v -2.350002 5.154361 -4.070319
v -2.350002 6.845639 -4.070319
v -1.500001 5.500000 -2.598076
v -1.500001 6.500000 -2.598076
v -1.700001 6.845639 -2.944486
v -1.700001 5.154361 -2.944486
v -0.500000 5.500000 -0.866025
v -0.500000 6.500000 -0.866025
v -2.550002 5.502382 -4.416729
v -2.550002 6.497618 -4.416729
v -5.000004 5.246484 -8.660252
v -5.000004 6.753516 -8.660252
v -12.550008 5.246484 -21.737232
v -12.550008 6.753516 -21.737232
v -27.550018 5.570448 -47.717987
v -27.550018 6.429552 -47.717987
v -30.850023 5.765486 -53.433758
v -30.850023 6.234514 -53.433758
v -31.000023 6.000000 -53.693562
v -2.930403 5.154361 -3.674608
v -2.930403 6.845639 -3.674608
v -1.870470 5.500000 -2.345494
v -1.870470 6.500000 -2.345494
v -2.119866 6.845639 -2.658226
v -2.119866 5.154361 -2.658226
v -0.623490 5.500000 -0.781831
v -0.623490 6.500000 -0.781831
v -3.179799 5.502382 -3.987340
v -3.179799 6.497618 -3.987340
v -6.234900 5.246484 -7.818313
v -6.234900 6.753516 -7.818313
v -15.649599 5.246484 -19.623964
v -15.649599 6.753516 -19.623964
v -34.354301 5.570448 -43.078903
v -34.354301 6.429552 -43.078903
v -38.469337 5.765486 -48.238995
v -38.469337 6.234514 -48.238995
v -38.656384 6.000000 -48.473541
v -3.445345 5.154361 -3.196811
v -3.445345 6.845639 -3.196811
v -2.199156 5.500000 -2.040518
v -2.199156 6.500000 -2.040518
v -2.492377 6.845639 -2.312587
v -2.492377 5.154361 -2.312587
v -0.733052 5.500000 -0.680173
v -0.733052 6.500000 -0.680173
v -3.738565 5.502382 -3.468881
v -3.738565 6.497618 -3.468881
v -7.330520 5.246484 -6.801726
v -7.330520 6.753516 -6.801726
v -18.399605 5.246484 -17.072332
v -18.399605 6.753516 -17.072332
v -40.391167 5.570448 -37.477509
v -40.391167 6.429552 -37.477509
v -45.229309 5.765486 -41.966652
v -45.229309 6.234514 -41.966652
v -45.449226 6.000000 -42.170704
v -3.883323 5.154361 -2.647604
v -3.883323 6.845639 -2.647604
v -2.478716 5.500000 -1.689960
v -2.478716 6.500000 -1.689960
v -2.809212 6.845639 -1.915288
v -2.809212 5.154361 -1.915288
v -0.826239 5.500000 -0.563320
v -0.826239 6.500000 -0.563320
v -4.213818 5.502382 -2.872932
v -4.213818 6.497618 -2.872932
v -8.262388 5.246484 -5.633200
v -8.262388 6.753516 -5.633200
v -20.738592 5.246484 -14.139331
v -20.738592 6.753516 -14.139331
v -45.525757 5.570448 -31.038931
v -45.525757 6.429552 -31.038931
v -50.978935 5.765486 -34.756844
v -50.978935 6.234514 -34.756844
v -51.226807 6.000000 -34.925838
v -4.234555 5.154361 -2.039252
v -4.234555 6.845639 -2.039252
v -2.702907 5.500000 -1.301650
v -2.702907 6.500000 -1.301650
v -3.063295 6.845639 -1.475203
v -3.063295 5.154361 -1.475203
v -0.900969 5.500000 -0.433883
v -0.900969 6.500000 -0.433883
v -4.594943 5.502382 -2.212805
v -4.594943 6.497618 -2.212805
v -9.009691 5.246484 -4.338833
v -9.009691 6.753516 -4.338833
v -22.614323 5.246484 -10.890471
v -22.614323 6.753516 -10.890471
v -49.643394 5.570448 -23.906969
v -49.643394 6.429552 -23.906969
v -55.589794 5.765486 -26.770601
v -55.589794 6.234514 -26.770601
v -55.860085 6.000000 -26.900764
v -4.491193 5.154361 -1.385348
v -4.491193 6.845639 -1.385348
v -2.866719 5.500000 -0.884264
v -2.866719 6.500000 -0.884264
v -3.248948 6.845639 -1.002167
v -3.248948 5.154361 -1.002167
v -0.955573 5.500000 -0.294755
v -0.955573 6.500000 -0.294755
v -4.873422 5.502382 -1.503250
v -4.873422 6.497618 -1.503250
v -9.555729 5.246484 -2.947548
v -9.555729 6.753516 -2.947548
v -23.984879 5.246484 -7.398346
v -23.984879 6.753516 -7.398346
v -52.652065 5.570448 -16.240992
v -52.652065 6.429552 -16.240992
v -58.958847 5.765486 -18.186373
v -58.958847 6.234514 -18.186373
v -59.245522 6.000000 -18.274799
v -4.647505 5.154361 -0.700497
v -4.647505 6.845639 -0.700497
v -2.966493 5.500000 -0.447126
v -2.966493 6.500000 -0.447126
v -3.362025 6.845639 -0.506743
v -3.362025 5.154361 -0.506743
v -0.988831 5.500000 -0.149042
v -0.988831 6.500000 -0.149042
v -5.043038 5.502382 -0.760114
v -5.043038 6.497618 -0.760114
v -9.888309 5.246484 -1.490420
v -9.888309 6.753516 -1.490420
v -24.819653 5.246484 -3.740954
v -24.819653 6.753516 -3.740954
v -54.484581 5.570448 -8.212214
v -54.484581 6.429552 -8.212214
v -61.010864 5.765486 -9.195891
v -61.010864 6.234514 -9.195891
v -61.307514 6.000000 -9.240603
v 76.405922 2.600000 -1.309513
v 76.405922 2.600000 -1.739197
v 76.837822 2.600000 -1.397325
v 76.837822 2.600000 -1.651385
v 76.736198 2.600000 -1.739197
v 76.736198 2.600000 -1.309513
v 77.345940 2.600000 -1.397325
v 77.345940 2.600000 -1.651385
v 76.304298 2.600000 -1.397931
v 76.304298 2.600000 -1.650779
v 75.059410 2.600000 -1.332917
v 75.059410 2.600000 -1.715793
v 72.239349 2.600000 -1.332917
v 72.239349 2.600000 -1.715793
v 66.904114 2.600000 -1.415223
v 66.904114 2.600000 -1.633487
v 65.227318 2.600000 -1.464775
v 65.227318 2.600000 -1.583935
v 65.151100 2.600000 -1.524355
v 76.423729 2.837585 -1.309513
v 76.423729 2.837585 -1.739197
v 76.850800 2.773213 -1.397325
v 76.850800 2.773213 -1.651385
v 76.750313 2.788360 -1.739197
v 76.750313 2.788360 -1.309513
v 77.353249 2.697482 -1.397325
v 77.353249 2.697482 -1.651385
v 76.323235 2.852731 -1.397931
v 76.323235 2.852731 -1.650779
v 75.092255 3.038272 -1.332917
v 75.092255 3.038272 -1.715793
v 72.303696 3.458580 -1.332917
v 72.303696 3.458580 -1.715793
v 67.028046 4.253757 -1.415223
v 67.028046 4.253757 -1.633487
v 65.369980 4.503669 -1.464775
v 65.369980 4.503669 -1.583935
v 65.294617 4.515029 -1.524355
v 76.476746 3.069863 -1.309513
v 76.476746 3.069863 -1.739197
v 76.889458 2.942558 -1.397325
v 76.889458 2.942558 -1.651385
v 76.792343 2.972512 -1.739197
v 76.792343 2.972512 -1.309513
v 77.375000 2.792787 -1.397325
v 77.375000 2.792787 -1.651385
v 76.379631 3.099817 -1.397931
v 76.379631 3.099817 -1.650779
v 75.190048 3.466754 -1.332917
v 75.190048 3.466754 -1.715793
v 72.495285 4.297981 -1.332917
v 72.495285 4.297981 -1.715793
v 67.397072 5.870571 -1.415223
v 67.397072 5.870571 -1.633487
v 65.794769 6.364814 -1.464775
v 65.794769 6.364814 -1.583935
v 65.721939 6.387280 -1.524355
v 76.563782 3.291645 -1.309513
v 76.563782 3.291645 -1.739197
v 76.952911 3.104250 -1.397325
v 76.952911 3.104250 -1.651385
v 76.861351 3.148343 -1.739197
v 76.861351 3.148343 -1.309513
v 77.410713 2.883785 -1.397325
v 77.410713 2.883785 -1.651385
v 76.472229 3.335737 -1.397931
v 76.472229 3.335737 -1.650779
v 75.350616 3.875875 -1.332917
v 75.350616 3.875875 -1.715793
v 72.809837 5.099452 -1.332917
v 72.809837 5.099452 -1.715793
v 68.002945 7.414326 -1.415224
v 68.002945 7.414326 -1.633487
v 66.492210 8.141859 -1.464775
v 66.492210 8.141859 -1.583936
v 66.423538 8.174929 -1.524355
v 76.682907 3.497976 -1.309513
v 76.682907 3.497976 -1.739197
v 77.039764 3.254678 -1.397325
v 77.039764 3.254678 -1.651385
v 76.955795 3.311924 -1.739197
v 76.955795 3.311924 -1.309513
v 77.459595 2.968445 -1.397325
v 77.459595 2.968445 -1.651385
v 76.598946 3.555223 -1.397931
v 76.598946 3.555223 -1.650779
v 75.570366 4.256495 -1.332917
v 75.570366 4.256494 -1.715793
v 73.240326 5.845089 -1.332917
v 73.240326 5.845089 -1.715793
v 68.832146 8.850538 -1.415224
v 68.832146 8.850538 -1.633487
v 67.446716 9.795108 -1.464775
v 67.446716 9.795108 -1.583936
v 67.383743 9.838043 -1.524355
v 76.831459 3.684248 -1.309513
v 76.831459 3.684248 -1.739197
v 77.148064 3.390481 -1.397325
v 77.148064 3.390481 -1.651385
v 77.073570 3.459603 -1.739197
v 77.073570 3.459603 -1.309513
v 77.520538 3.044873 -1.397325
v 77.520538 3.044873 -1.651385
v 76.756966 3.753370 -1.397931
v 76.756966 3.753370 -1.650779
v 75.844391 4.600110 -1.332917
v 75.844391 4.600110 -1.715793
v 73.777145 6.518236 -1.332917
v 73.777145 6.518236 -1.715793
v 69.866135 10.147123 -1.415224
v 69.866135 10.147123 -1.633487
v 68.636963 11.287630 -1.464775
v 68.636963 11.287630 -1.583936
v 68.581093 11.339472 -1.524355
v 77.006111 3.846301 -1.309513
v 77.006111 3.846300 -1.739197
v 77.275391 3.508627 -1.397325
v 77.275391 3.508627 -1.651385
v 77.212036 3.588079 -1.739197
v 77.212036 3.588079 -1.309513
v 77.592201 3.111364 -1.397325
v 77.592201 3.111364 -1.651385
v 76.942749 3.925753 -1.397931
v 76.942749 3.925753 -1.650779
v 76.166573 4.899047 -1.332917
v 76.166573 4.899047 -1.715793
v 74.408295 7.103856 -1.332918
v 74.408295 7.103856 -1.715793
v 71.081825 11.275116 -1.415224
v 71.081825 11.275116 -1.633487
v 70.036362 12.586084 -1.464775
v 70.036362 12.586084 -1.583936
v 69.988846 12.645674 -1.524355
v 77.202957 3.980512 -1.309513
v 77.202957 3.980512 -1.739197
v 77.418915 3.606475 -1.397325
v 77.418915 3.606475 -1.651385
v 77.368103 3.694484 -1.739197
v 77.368103 3.694484 -1.309513
v 77.672974 3.166432 -1.397325
v 77.672974 3.166432 -1.651385
v 77.152145 4.068521 -1.397931
v 77.152145 4.068521 -1.650779
v 76.529701 5.146627 -1.332917
v 76.529701 5.146627 -1.715793
v 75.119675 7.588868 -1.332918
v 75.119675 7.588868 -1.715793
v 72.452057 12.209324 -1.415224
v 72.452057 12.209324 -1.633487
v 71.613663 13.661467 -1.464775
v 71.613663 13.661467 -1.583936
v 71.575554 13.727474 -1.524355
v 77.417618 4.083886 -1.309513
v 77.417618 4.083885 -1.739197
v 77.575409 3.681840 -1.397325
v 77.575409 3.681840 -1.651385
v 77.538284 3.776439 -1.739197
v 77.538284 3.776439 -1.309513
v 77.761047 3.208846 -1.397325
v 77.761047 3.208846 -1.651385
v 77.380493 4.178484 -1.397931
v 77.380493 4.178484 -1.650779
v 76.925682 5.337319 -1.332917
v 76.925682 5.337319 -1.715793
v 75.895401 7.962437 -1.332918
v 75.895401 7.962437 -1.715793
v 73.946213 12.928873 -1.415224
v 73.946213 12.928873 -1.633487
v 73.333618 14.489754 -1.464775
v 73.333618 14.489754 -1.583936
v 73.305771 14.560703 -1.524355
v 77.645287 4.154111 -1.309513
v 77.645287 4.154111 -1.739197
v 77.741394 3.733039 -1.397325
v 77.741394 3.733039 -1.651385
v 77.718781 3.832115 -1.739197
v 77.718781 3.832115 -1.309513
v 77.854462 3.237660 -1.397325
v 77.854462 3.237660 -1.651385
v 77.622673 4.253187 -1.397931
v 77.622673 4.253187 -1.650779
v 77.345657 5.466865 -1.332917
v 77.345657 5.466865 -1.715793
v 76.718132 8.216217 -1.332918
v 76.718132 8.216217 -1.715793
v 75.530930 13.417694 -1.415224
v 75.530930 13.417694 -1.633487
v 75.157814 15.052443 -1.464775
v 75.157814 15.052443 -1.583936
v 75.140854 15.126751 -1.524356
v 77.880875 4.189621 -1.309513
v 77.880875 4.189621 -1.739197
v 77.913147 3.758928 -1.397325
v 77.913147 3.758928 -1.651385
v 77.905556 3.860267 -1.739197
v 77.905556 3.860267 -1.309513
v 77.951118 3.252230 -1.397325
v 77.951118 3.252230 -1.651385
v 77.873283 4.290960 -1.397931
v 77.873283 4.290960 -1.650779
v 77.780251 5.532369 -1.332917
v 77.780251 5.532369 -1.715793
v 77.569504 8.344541 -1.332918
v 77.569504 8.344541 -1.715793
v 77.170807 13.664865 -1.415224
v 77.170807 13.664865 -1.633487
v 77.045494 15.336967 -1.464775
v 77.045494 15.336967 -1.583936
v 77.039803 15.412971 -1.524356
v 78.119125 4.189621 -1.309513
v 78.119125 4.189620 -1.739197
v 78.086853 3.758927 -1.397325
v 78.086853 3.758927 -1.651385
v 78.094444 3.860267 -1.739197
v 78.094444 3.860267 -1.309513
v 78.048882 3.252230 -1.397325
v 78.048882 3.252230 -1.651385
v 78.126717 4.290960 -1.397931
v 78.126717 4.290960 -1.650779
v 78.219749 5.532369 -1.332917
v 78.219749 5.532369 -1.715793
v 78.430496 8.344541 -1.332918
v 78.430496 8.344541 -1.715793
v 78.829201 13.664864 -1.415224
v 78.829201 13.664864 -1.633487
v 78.954506 15.336966 -1.464775
v 78.954506 15.336966 -1.583936
v 78.960197 15.412970 -1.524356
v 78.354713 4.154111 -1.309513
v 78.354713 4.154111 -1.739197
v 78.258606 3.733039 -1.397325
v 78.258606 3.733039 -1.651385
v 78.281219 3.832115 -1.739197
v 78.281219 3.832115 -1.309513
v 78.145538 3.237660 -1.397325
v 78.145538 3.237660 -1.651385
v 78.377327 4.253187 -1.397931
v 78.377327 4.253187 -1.650779
v 78.654343 5.466865 -1.332917
v 78.654343 5.466865 -1.715793
v 79.281868 8.216217 -1.332918
v 79.281868 8.216217 -1.715793
v 80.469070 13.417694 -1.415224
v 80.469070 13.417694 -1.633487
v 80.842186 15.052443 -1.464775
v 80.842186 15.052443 -1.583936
v 80.859146 15.126751 -1.524356
v 78.582382 4.083886 -1.309513
v 78.582382 4.083885 -1.739197
v 78.424591 3.681840 -1.397325
v 78.424591 3.681840 -1.651385
v 78.461716 3.776439 -1.739197
v 78.461716 3.776439 -1.309513
v 78.238953 3.208846 -1.397325
v 78.238953 3.208846 -1.651385
v 78.619507 4.178484 -1.397931
v 78.619507 4.178484 -1.650779
v 79.074318 5.337319 -1.332917
v 79.074318 5.337319 -1.715793
v 80.104599 7.962437 -1.332918
v 80.104599 7.962437 -1.715793
v 82.053787 12.928873 -1.415224
v 82.053787 12.928873 -1.633487
v 82.666382 14.489754 -1.464775
v 82.666382 14.489754 -1.583936
v 82.694229 14.560703 -1.524355
v 78.797043 3.980512 -1.309513
v 78.797043 3.980512 -1.739197
v 78.581085 3.606475 -1.397325
v 78.581085 3.606475 -1.651385
v 78.631897 3.694484 -1.739197
v 78.631897 3.694484 -1.309513
v 78.327026 3.166432 -1.397325
v 78.327026 3.166432 -1.651385
v 78.847855 4.068521 -1.397931
v 78.847855 4.068521 -1.650779
v 79.470299 5.146627 -1.332917
v 79.470299 5.146627 -1.715793
v 80.880325 7.588868 -1.332918
v 80.880325 7.588868 -1.715793
v 83.547943 12.209322 -1.415224
v 83.547943 12.209322 -1.633487
v 84.386345 13.661467 -1.464775
v 84.386345 13.661467 -1.583936
v 84.424454 13.727472 -1.524355
v 78.993889 3.846300 -1.309513
v 78.993889 3.846300 -1.739197
v 78.724609 3.508627 -1.397325
v 78.724609 3.508627 -1.651385
v 78.787964 3.588079 -1.739197
v 78.787964 3.588079 -1.309513
v 78.407799 3.111364 -1.397325
v 78.407799 3.111364 -1.651385
v 79.057251 3.925753 -1.397931
v 79.057251 3.925753 -1.650779
v 79.833427 4.899047 -1.332917
v 79.833427 4.899047 -1.715793
v 81.591705 7.103856 -1.332918
v 81.591705 7.103856 -1.715793
v 84.918175 11.275114 -1.415224
v 84.918175 11.275114 -1.633487
v 85.963638 12.586082 -1.464775
v 85.963638 12.586082 -1.583936
v 86.011162 12.645672 -1.524355
v 79.168541 3.684248 -1.309513
v 79.168541 3.684248 -1.739197
v 78.851936 3.390481 -1.397325
v 78.851936 3.390481 -1.651385
v 78.926430 3.459603 -1.739197
v 78.926430 3.459603 -1.309513
v 78.479462 3.044873 -1.397325
v 78.479462 3.044873 -1.651385
v 79.243034 3.753370 -1.397931
v 79.243034 3.753370 -1.650779
v 80.155609 4.600110 -1.332917
v 80.155609 4.600110 -1.715793
v 82.222855 6.518235 -1.332917
v 82.222855 6.518235 -1.715793
v 86.133865 10.147121 -1.415224
v 86.133865 10.147121 -1.633487
v 87.363037 11.287628 -1.464775
v 87.363037 11.287628 -1.583936
v 87.418907 11.339470 -1.524355
v 79.317093 3.497976 -1.309513
v 79.317093 3.497976 -1.739197
v 78.960236 3.254678 -1.397325
v 78.960236 3.254678 -1.651385
v 79.044205 3.311924 -1.739197
v 79.044205 3.311924 -1.309513
v 78.540405 2.968445 -1.397325
v 78.540405 2.968445 -1.651385
v 79.401054 3.555223 -1.397931
v 79.401054 3.555223 -1.650779
v 80.429634 4.256494 -1.332917
v 80.429634 4.256494 -1.715793
v 82.759674 5.845089 -1.332917
v 82.759674 5.845089 -1.715793
v 87.167854 8.850537 -1.415224
v 87.167854 8.850537 -1.633487
v 88.553284 9.795107 -1.464775
v 88.553284 9.795107 -1.583936
v 88.616257 9.838042 -1.524355
v 79.436218 3.291644 -1.309513
v 79.436218 3.291644 -1.739197
v 79.047089 3.104249 -1.397325
v 79.047089 3.104249 -1.651385
v 79.138649 3.148343 -1.739197
v 79.138649 3.148343 -1.309513
v 78.589287 2.883785 -1.397325
v 78.589287 2.883785 -1.651385
v 79.527771 3.335737 -1.397931
v 79.527771 3.335737 -1.650779
v 80.649384 3.875875 -1.332917
v 80.649384 3.875874 -1.715793
v 83.190163 5.099451 -1.332917
v 83.190163 5.099451 -1.715793
v 87.997055 7.414325 -1.415224
v 87.997055 7.414325 -1.633487
v 89.507790 8.141857 -1.464775
v 89.507790 8.141857 -1.583936
v 89.576462 8.174927 -1.524355
v 79.523254 3.069863 -1.309513
v 79.523254 3.069863 -1.739197
v 79.110542 2.942558 -1.397325
v 79.110542 2.942558 -1.651385
v 79.207657 2.972512 -1.739197
v 79.207657 2.972512 -1.309513
v 78.625000 2.792787 -1.397325
v 78.625000 2.792787 -1.651385
v 79.620369 3.099817 -1.397931
v 79.620369 3.099817 -1.650779
v 80.809952 3.466754 -1.332917
v 80.809952 3.466754 -1.715793
v 83.504723 4.297980 -1.332917
v 83.504723 4.297980 -1.715793
v 88.602936 5.870570 -1.415223
v 88.602936 5.870570 -1.633487
v 90.205231 6.364813 -1.464775
v 90.205231 6.364813 -1.583935
v 90.278061 6.387279 -1.524355
v 79.576271 2.837584 -1.309513
v 79.576271 2.837584 -1.739197
v 79.149200 2.773213 -1.397325
v 79.149200 2.773213 -1.651385
v 79.249687 2.788359 -1.739197
v 79.249687 2.788359 -1.309513
v 78.646751 2.697482 -1.397325
v 78.646751 2.697482 -1.651385
v 79.676765 2.852731 -1.397931
v 79.676765 2.852731 -1.650779
v 80.907745 3.038272 -1.332917
v 80.907745 3.038272 -1.715793
v 83.696304 3.458579 -1.332917
v 83.696304 3.458579 -1.715793
v 88.971962 4.253755 -1.415223
v 88.971962 4.253755 -1.633487
v 90.630020 4.503667 -1.464775
v 90.630020 4.503667 -1.583935
v 90.705391 4.515027 -1.524355
v 79.594078 2.600000 -1.309513
v 79.594078 2.600000 -1.739197
v 79.162178 2.600000 -1.397325
v 79.162178 2.600000 -1.651385
v 79.263802 2.600000 -1.739197
v 79.263802 2.600000 -1.309513
v 78.654060 2.600000 -1.397325
v 78.654060 2.600000 -1.651385
v 79.695702 2.600000 -1.397931
v 79.695702 2.600000 -1.650779
v 80.940590 2.600000 -1.332917
v 80.940590 2.600000 -1.715793
v 83.760651 2.599999 -1.332917
v 83.760651 2.599999 -1.715793
v 89.095886 2.599999 -1.415223
v 89.095886 2.599999 -1.633487
v 90.772682 2.599999 -1.464775
v 90.772682 2.599999 -1.583935
v 90.848900 2.599999 -1.524355
v 79.576271 2.362414 -1.309513
v 79.576271 2.362414 -1.739197
v 79.149200 2.426786 -1.397325
v 79.149200 2.426786 -1.651385
v 79.249687 2.411640 -1.739197
v 79.249687 2.411640 -1.309513
v 78.646751 2.502517 -1.397325
v 78.646751 2.502517 -1.651385
v 79.676765 2.347268 -1.397931
v 79.676765 2.347268 -1.650779
v 80.907745 2.161727 -1.332917
v 80.907745 2.161727 -1.715793
v 83.696304 1.741418 -1.332917
v 83.696304 1.741418 -1.715793
v 88.971954 0.946241 -1.415223
v 88.971954 0.946241 -1.633487
v 90.630020 0.696328 -1.464774
v 90.630020 0.696328 -1.583935
v 90.705383 0.684968 -1.524355
v 79.523254 2.130137 -1.309513
v 79.523254 2.130137 -1.739197
v 79.110542 2.257442 -1.397325
v 79.110542 2.257442 -1.651385
v 79.207657 2.227488 -1.739197
v 79.207657 2.227488 -1.309513
v 78.625000 2.407212 -1.397325
v 78.625000 2.407212 -1.651385
v 79.620369 2.100183 -1.397931
v 79.620369 2.100183 -1.650779
v 80.809952 1.733245 -1.332917
v 80.809952 1.733245 -1.715793
v 83.504715 0.902018 -1.332917
v 83.504715 0.902018 -1.715793
v 88.602928 -0.670573 -1.415223
v 88.602928 -0.670573 -1.633487
v 90.205231 -1.164816 -1.464774
v 90.205231 -1.164816 -1.583935
v 90.278061 -1.187281 -1.524355
v 79.436218 1.908355 -1.309513
v 79.436218 1.908355 -1.739197
v 79.047089 2.095750 -1.397325
v 79.047089 2.095750 -1.651385
v 79.138649 2.051657 -1.739197
v 79.138649 2.051657 -1.309513
v 78.589287 2.316214 -1.397325
v 78.589287 2.316214 -1.651385
v 79.527771 1.864262 -1.397931
v 79.527771 1.864262 -1.650779
v 80.649384 1.324125 -1.332917
v 80.649384 1.324125 -1.715793
v 83.190163 0.100548 -1.332917
v 83.190163 0.100548 -1.715793
v 87.997055 -2.214326 -1.415223
v 87.997055 -2.214326 -1.633486
v 89.507790 -2.941859 -1.464774
v 89.507790 -2.941859 -1.583935
v 89.576462 -2.974929 -1.524355
v 79.317093 1.702023 -1.309513
v 79.317093 1.702023 -1.739197
v 78.960236 1.945322 -1.397325
v 78.960236 1.945322 -1.651385
v 79.044205 1.888075 -1.739197
v 79.044205 1.888075 -1.309513
v 78.540405 2.231555 -1.397325
v 78.540405 2.231555 -1.651385
v 79.401054 1.644777 -1.397931
v 79.401054 1.644777 -1.650779
v 80.429634 0.943505 -1.332917
v 80.429634 0.943505 -1.715793
v 82.759674 -0.645090 -1.332917
v 82.759674 -0.645090 -1.715793
v 87.167854 -3.650539 -1.415223
v 87.167854 -3.650539 -1.633486
v 88.553284 -4.595109 -1.464774
v 88.553284 -4.595109 -1.583935
v 88.616257 -4.638045 -1.524355
v 79.168541 1.515751 -1.309513
v 79.168541 1.515751 -1.739197
v 78.851936 1.809518 -1.397325
v 78.851936 1.809518 -1.651385
v 78.926430 1.740397 -1.739197
v 78.926430 1.740397 -1.309513
v 78.479462 2.155127 -1.397325
v 78.479462 2.155127 -1.651385
v 79.243034 1.446630 -1.397931
v 79.243034 1.446630 -1.650779
v 80.155609 0.599890 -1.332917
v 80.155609 0.599890 -1.715793
v 82.222855 -1.318236 -1.332917
v 82.222855 -1.318236 -1.715793
v 86.133865 -4.947123 -1.415223
v 86.133865 -4.947123 -1.633486
v 87.363037 -6.087631 -1.464774
v 87.363037 -6.087631 -1.583935
v 87.418907 -6.139472 -1.524355
v 78.993889 1.353699 -1.309513
v 78.993889 1.353699 -1.739197
v 78.724609 1.691373 -1.397325
v 78.724609 1.691373 -1.651385
v 78.787964 1.611920 -1.739197
v 78.787964 1.611920 -1.309513
v 78.407799 2.088636 -1.397325
v 78.407799 2.088636 -1.651385
v 79.057251 1.274246 -1.397931
v 79.057251 1.274246 -1.650779
v 79.833427 0.300952 -1.332917
v 79.833427 0.300952 -1.715793
v 81.591705 -1.903857 -1.332917
v 81.591705 -1.903857 -1.715792
v 84.918175 -6.075118 -1.415223
v 84.918175 -6.075118 -1.633486
v 85.963631 -7.386086 -1.464774
v 85.963631 -7.386086 -1.583935
v 86.011154 -7.445676 -1.524354
v 78.797035 1.219488 -1.309512
v 78.797035 1.219487 -1.739197
v 78.581085 1.593525 -1.397325
v 78.581085 1.593525 -1.651385
v 78.631897 1.505516 -1.739197
v 78.631897 1.505516 -1.309513
v 78.327026 2.033568 -1.397325
v 78.327026 2.033568 -1.651385
v 78.847847 1.131479 -1.397931
v 78.847847 1.131479 -1.650779
v 79.470299 0.053373 -1.332917
v 79.470299 0.053373 -1.715793
v 80.880325 -2.388868 -1.332917
v 80.880325 -2.388868 -1.715792
v 83.547943 -7.009324 -1.415223
v 83.547943 -7.009324 -1.633486
v 84.386337 -8.461468 -1.464774
v 84.386337 -8.461468 -1.583935
v 84.424446 -8.527473 -1.524354
v 78.582382 1.116114 -1.309512
v 78.582382 1.116114 -1.739197
v 78.424591 1.518159 -1.397325
v 78.424591 1.518159 -1.651385
v 78.461716 1.423560 -1.739197
v 78.461716 1.423561 -1.309513
v 78.238953 1.991153 -1.397325
v 78.238953 1.991153 -1.651385
v 78.619507 1.021515 -1.397931
v 78.619507 1.021515 -1.650779
v 79.074318 -0.137320 -1.332917
v 79.074318 -0.137320 -1.715793
v 80.104599 -2.762437 -1.332917
v 80.104599 -2.762437 -1.715792
v 82.053787 -7.728873 -1.415223
v 82.053787 -7.728873 -1.633486
v 82.666382 -9.289753 -1.464774
v 82.666382 -9.289753 -1.583935
v 82.694229 -9.360703 -1.524354
v 78.354713 1.045888 -1.309512
v 78.354713 1.045888 -1.739197
v 78.258606 1.466960 -1.397325
v 78.258606 1.466960 -1.651385
v 78.281219 1.367885 -1.739197
v 78.281219 1.367885 -1.309513
v 78.145538 1.962339 -1.397325
v 78.145538 1.962339 -1.651385
v 78.377327 0.946813 -1.397931
v 78.377327 0.946813 -1.650779
v 78.654343 -0.266865 -1.332917
v 78.654343 -0.266865 -1.715793
v 79.281860 -3.016218 -1.332917
v 79.281860 -3.016218 -1.715792
v 80.469063 -8.217695 -1.415223
v 80.469063 -8.217695 -1.633486
v 80.842186 -9.852446 -1.464774
v 80.842186 -9.852446 -1.583935
v 80.859146 -9.926752 -1.524354
v 78.119125 1.010379 -1.309512
v 78.119125 1.010379 -1.739197
v 78.086853 1.441072 -1.397325
v 78.086853 1.441072 -1.651385
v 78.094444 1.339732 -1.739197
v 78.094444 1.339732 -1.309513
v 78.048874 1.947770 -1.397325
v 78.048874 1.947770 -1.651385
v 78.126717 0.909039 -1.397931
v 78.126717 0.909039 -1.650779
v 78.219749 -0.332369 -1.332917
v 78.219749 -0.332369 -1.715793
v 78.430489 -3.144541 -1.332917
v 78.430489 -3.144541 -1.715792
v 78.829193 -8.464865 -1.415223
v 78.829193 -8.464865 -1.633486
v 78.954498 -10.136967 -1.464774
v 78.954498 -10.136967 -1.583935
v 78.960197 -10.212971 -1.524354
v 77.880875 1.010379 -1.309512
v 77.880875 1.010379 -1.739197
v 77.913147 1.441072 -1.397325
v 77.913147 1.441072 -1.651385
v 77.905556 1.339732 -1.739197
v 77.905556 1.339733 -1.309513
v 77.951118 1.947770 -1.397325
v 77.951118 1.947770 -1.651385
v 77.873283 0.909040 -1.397931
v 77.873283 0.909040 -1.650779
v 77.780251 -0.332369 -1.332917
v 77.780251 -0.332369 -1.715793
v 77.569504 -3.144541 -1.332917
v 77.569504 -3.144541 -1.715792
v 77.170799 -8.464865 -1.415223
v 77.170799 -8.464865 -1.633486
v 77.045494 -10.136967 -1.464774
v 77.045494 -10.136967 -1.583935
v 77.039795 -10.212971 -1.524354
v 77.645287 1.045889 -1.309512
v 77.645287 1.045888 -1.739197
v 77.741394 1.466961 -1.397325
v 77.741394 1.466961 -1.651385
v 77.718781 1.367885 -1.739197
v 77.718781 1.367885 -1.309513
v 77.854462 1.962339 -1.397325
v 77.854462 1.962339 -1.651385
v 77.622673 0.946813 -1.397931
v 77.622673 0.946813 -1.650779
v 77.345657 -0.266865 -1.332917
v 77.345657 -0.266865 -1.715793
v 76.718132 -3.016217 -1.332917
v 76.718132 -3.016217 -1.715792
v 75.530930 -8.217693 -1.415223
v 75.530930 -8.217693 -1.633486
v 75.157806 -9.852444 -1.464774
v 75.157806 -9.852444 -1.583935
v 75.140846 -9.926750 -1.524354
v 77.417618 1.116114 -1.309512
v 77.417618 1.116114 -1.739197
v 77.575409 1.518159 -1.397325
v 77.575409 1.518159 -1.651385
v 77.538284 1.423560 -1.739197
v 77.538284 1.423561 -1.309513
v 77.761047 1.991153 -1.397325
v 77.761047 1.991153 -1.651385
v 77.380493 1.021515 -1.397931
v 77.380493 1.021515 -1.650779
v 76.925682 -0.137320 -1.332917
v 76.925682 -0.137320 -1.715793
v 75.895401 -2.762437 -1.332917
v 75.895401 -2.762437 -1.715792
v 73.946213 -7.728873 -1.415223
v 73.946213 -7.728873 -1.633486
v 73.333618 -9.289753 -1.464774
v 73.333618 -9.289753 -1.583935
v 73.305771 -9.360703 -1.524354
v 77.202957 1.219488 -1.309512
v 77.202957 1.219488 -1.739197
v 77.418907 1.593525 -1.397325
v 77.418907 1.593525 -1.651385
v 77.368095 1.505516 -1.739197
v 77.368095 1.505516 -1.309513
v 77.672974 2.033568 -1.397325
v 77.672974 2.033568 -1.651385
v 77.152145 1.131479 -1.397931
v 77.152145 1.131479 -1.650779
v 76.529701 0.053374 -1.332917
v 76.529701 0.053374 -1.715793
v 75.119675 -2.388867 -1.332917
v 75.119675 -2.388867 -1.715792
v 72.452049 -7.009321 -1.415223
v 72.452049 -7.009321 -1.633486
v 71.613655 -8.461464 -1.464774
v 71.613655 -8.461464 -1.583935
v 71.575546 -8.527470 -1.524354
v 77.006111 1.353700 -1.309513
v 77.006111 1.353699 -1.739197
v 77.275391 1.691373 -1.397325
v 77.275391 1.691373 -1.651385
v 77.212036 1.611920 -1.739197
v 77.212036 1.611920 -1.309513
v 77.592201 2.088636 -1.397325
v 77.592201 2.088636 -1.651385
v 76.942749 1.274247 -1.397931
v 76.942749 1.274247 -1.650779
v 76.166573 0.300953 -1.332917
v 76.166573 0.300953 -1.715793
v 74.408295 -1.903855 -1.332917
v 74.408295 -1.903855 -1.715792
v 71.081825 -6.075115 -1.415223
v 71.081825 -6.075115 -1.633486
v 70.036362 -7.386082 -1.464774
v 70.036362 -7.386082 -1.583935
v 69.988838 -7.445673 -1.524354
v 76.831459 1.515752 -1.309513
v 76.831459 1.515751 -1.739197
v 77.148064 1.809519 -1.397325
v 77.148064 1.809519 -1.651385
v 77.073570 1.740397 -1.739197
v 77.073570 1.740397 -1.309513
v 77.520538 2.155127 -1.397325
v 77.520538 2.155127 -1.651385
v 76.756966 1.446630 -1.397931
v 76.756966 1.446630 -1.650779
v 75.844391 0.599890 -1.332917
v 75.844391 0.599890 -1.715793
v 73.777145 -1.318235 -1.332917
v 73.777145 -1.318235 -1.715793
v 69.866135 -4.947121 -1.415223
v 69.866135 -4.947121 -1.633486
v 68.636963 -6.087629 -1.464774
v 68.636963 -6.087629 -1.583935
v 68.581085 -6.139469 -1.524355
v 76.682907 1.702024 -1.309513
v 76.682907 1.702024 -1.739197
v 77.039764 1.945322 -1.397325
v 77.039764 1.945322 -1.651385
v 76.955795 1.888075 -1.739197
v 76.955795 1.888075 -1.309513
v 77.459595 2.231555 -1.397325
v 77.459595 2.231555 -1.651385
v 76.598946 1.644777 -1.397931
v 76.598946 1.644777 -1.650779
v 75.570366 0.943506 -1.332917
v 75.570366 0.943506 -1.715793
v 73.240326 -0.645088 -1.332917
v 73.240326 -0.645088 -1.715793
v 68.832146 -3.650537 -1.415223
v 68.832146 -3.650537 -1.633486
v 67.446716 -4.595107 -1.464774
v 67.446716 -4.595107 -1.583935
v 67.383743 -4.638041 -1.524355
v 76.563782 1.908356 -1.309513
v 76.563782 1.908356 -1.739197
v 76.952911 2.095750 -1.397325
v 76.952911 2.095750 -1.651385
v 76.861351 2.051658 -1.739197
v 76.861351 2.051658 -1.309513
v 77.410713 2.316215 -1.397325
v 77.410713 2.316215 -1.651385
v 76.472221 1.864263 -1.397931
v 76.472221 1.864263 -1.650779
v 75.350616 1.324126 -1.332917
v 75.350616 1.324126 -1.715793
v 72.809837 0.100551 -1.332917
v 72.809837 0.100551 -1.715793
v 68.002945 -2.214322 -1.415223
v 68.002945 -2.214322 -1.633486
v 66.492210 -2.941853 -1.464774
v 66.492210 -2.941853 -1.583935
v 66.423538 -2.974923 -1.524355
v 76.476746 2.130137 -1.309513
v 76.476746 2.130137 -1.739197
v 76.889458 2.257442 -1.397325
v 76.889458 2.257442 -1.651385
v 76.792343 2.227488 -1.739197
v 76.792343 2.227488 -1.309513
v 77.375000 2.407213 -1.397325
v 77.375000 2.407213 -1.651385
v 76.379631 2.100183 -1.397931
v 76.379631 2.100183 -1.650779
v 75.190048 1.733246 -1.332917
v 75.190048 1.733246 -1.715793
v 72.495277 0.902021 -1.332917
v 72.495277 0.902021 -1.715793
v 67.397064 -0.670568 -1.415223
v 67.397064 -0.670568 -1.633487
v 65.794769 -1.164810 -1.464774
v 65.794769 -1.164810 -1.583935
v 65.721939 -1.187275 -1.524355
v 76.423729 2.362415 -1.309513
v 76.423729 2.362415 -1.739197
v 76.850800 2.426787 -1.397325
v 76.850800 2.426787 -1.651385
v 76.750313 2.411640 -1.739197
v 76.750313 2.411640 -1.309513
v 77.353249 2.502517 -1.397325
v 77.353249 2.502517 -1.651385
v 76.323235 2.347269 -1.397931
v 76.323235 2.347269 -1.650779
v 75.092255 2.161728 -1.332917
v 75.092255 2.161728 -1.715793
v 72.303696 1.741421 -1.332917
v 72.303696 1.741421 -1.715793
v 67.028038 0.946246 -1.415223
v 67.028038 0.946246 -1.633487
v 65.369980 0.696334 -1.464774
v 65.369980 0.696334 -1.583935
v 65.294609 0.684974 -1.524355
vn -0.6556 -0.7535 0.0491
vn -0.6410 -0.7535 0.1463
vn -0.6120 -0.7535 0.2402
vn -0.5694 -0.7535 0.3287
vn -0.5140 -0.7535 0.4099
vn -0.4472 -0.7535 0.4819
vn -0.3703 -0.7535 0.5432
vn -0.2853 -0.7535 0.5923
vn -0.1938 -0.7535 0.6282
vn -0.0980 -0.7535 0.6501
vn -0.0000 -0.7535 0.6574
vn 0.0980 -0.7535 0.6501
vn 0.1938 -0.7535 0.6282
vn 0.2853 -0.7535 0.5923
vn 0.3703 -0.7535 0.5432
vn 0.4472 -0.7535 0.4819
vn 0.5140 -0.7535 0.4099
vn 0.5694 -0.7535 0.3287
vn 0.6120 -0.7535 0.2402
vn 0.6410 -0.7535 0.1463
vn 0.6556 -0.7535 0.0491
vn 0.6556 -0.7535 -0.0491
vn 0.6410 -0.7535 -0.1463
vn 0.6120 -0.7535 -0.2402
vn 0.5694 -0.7535 -0.3287
vn 0.5140 -0.7535 -0.4099
vn 0.4472 -0.7535 -0.4819
vn 0.3703 -0.7535 -0.5432
vn 0.2853 -0.7535 -0.5923
vn 0.1938 -0.7535 -0.6282
vn 0.0980 -0.7535 -0.6501
vn -0.0000 -0.7535 -0.6574
vn -0.0980 -0.7535 -0.6501
vn -0.1938 -0.7535 -0.6282
vn -0.2852 -0.7535 -0.5923
vn -0.3703 -0.7535 -0.5432
vn -0.4472 -0.7535 -0.4819
vn -0.5140 -0.7535 -0.4099
vn -0.5694 -0.7535 -0.3287
vn -0.6120 -0.7535 -0.2402
vn -0.6410 -0.7535 -0.1463
vn -0.6556 -0.7535 -0.0491
vn -0.0000 -1.0000 -0.0000
vn -0.0000 1.0000 -0.0000
vn 0.9972 -0.0000 -0.0747
vn 0.9749 -0.0000 -0.2225
vn 0.9309 -0.0000 -0.3653
vn 0.8660 -0.0000 -0.5000
vn 0.7818 -0.0000 -0.6235
vn 0.6802 -0.0000 -0.7331
vn 0.5633 -0.0000 -0.8262
vn 0.4339 -0.0000 -0.9010
vn 0.2948 -0.0000 -0.9556
vn 0.1490 -0.0000 -0.9888
vn -0.0000 -0.0000 -1.0000
vn -0.1490 -0.0000 -0.9888
vn -0.2948 -0.0000 -0.9556
vn -0.4339 -0.0000 -0.9010
vn -0.5633 -0.0000 -0.8262
vn -0.6802 -0.0000 -0.7331
vn -0.7818 -0.0000 -0.6235
vn -0.8660 -0.0000 -0.5000
vn -0.9309 -0.0000 -0.3653
vn -0.9749 -0.0000 -0.2225
vn -0.9972 -0.0000 -0.0747
vn -0.9972 -0.0000 0.0747
vn -0.9749 -0.0000 0.2225
vn -0.9309 -0.0000 0.3653
vn -0.8660 -0.0000 0.5000
vn -0.7818 -0.0000 0.6235
vn -0.6802 -0.0000 0.7331
vn -0.5633 -0.0000 0.8262
vn -0.4339 -0.0000 0.9010
vn -0.2948 -0.0000 0.9556
vn -0.1490 -0.0000 0.9888
vn -0.0000 -0.0000 1.0000
vn 0.1490 -0.0000 0.9888
vn 0.2948 -0.0000 0.9556
vn 0.4339 -0.0000 0.9010
vn 0.5633 -0.0000 0.8262
vn 0.6802 -0.0000 0.7331
vn 0.7818 -0.0000 0.6235
vn 0.8660 -0.0000 0.5000
vn 0.9309 -0.0000 0.3653
vn 0.9749 -0.0000 0.2225
vn 0.9972 -0.0000 0.0747
vn 0.6530 0.7557 -0.0489
vn 0.6384 0.7557 -0.1457
vn 0.6096 0.7557 -0.2392
vn 0.5671 0.7557 -0.3274
vn 0.5120 0.7557 -0.4083
vn 0.4454 0.7557 -0.4801
vn 0.3689 0.7557 -0.5411
vn 0.2841 0.7557 -0.5900
vn 0.1930 0.7557 -0.6258
vn 0.0976 0.7557 -0.6476
vn -0.0000 0.7557 -0.6549
vn -0.0976 0.7557 -0.6476
vn -0.1930 0.7557 -0.6258
vn -0.2841 0.7557 -0.5900
vn -0.3689 0.7557 -0.5411
vn -0.4454 0.7557 -0.4801
vn -0.5120 0.7557 -0.4083
vn -0.5671 0.7557 -0.3274
vn -0.6096 0.7557 -0.2392
vn -0.6384 0.7557 -0.1457
vn -0.6530 0.7557 -0.0489
vn -0.6530 0.7557 0.0489
vn -0.6384 0.7557 0.1457
vn -0.6096 0.7557 0.2393
vn -0.5671 0.7557 0.3274
vn -0.5120 0.7557 0.4083
vn -0.4454 0.7557 0.4801
vn -0.3689 0.7557 0.5411
vn -0.2841 0.7557 0.5900
vn -0.1930 0.7557 0.6258
vn -0.0976 0.7557 0.6476
vn -0.0000 0.7557 0.6549
vn 0.0976 0.7557 0.6476
vn 0.1930 0.7557 0.6258
vn 0.2841 0.7557 0.5900
vn 0.3689 0.7557 0.5411
vn 0.4454 0.7557 0.4801
vn 0.5120 0.7557 0.4083
vn 0.5671 0.7557 0.3274
vn 0.6096 0.7557 0.2392
vn 0.6384 0.7557 0.1457
vn 0.6530 0.7557 0.0489
vn 0.6530 -0.7557 -0.0489
vn 0.6384 -0.7557 -0.1457
vn 0.6096 -0.7557 -0.2392
vn 0.5671 -0.7557 -0.3274
vn 0.5120 -0.7557 -0.4083
vn 0.4454 -0.7557 -0.4801
vn 0.3689 -0.7557 -0.5411
vn 0.2841 -0.7557 -0.5900
vn 0.1930 -0.7557 -0.6258
vn 0.0976 -0.7557 -0.6476
vn -0.0000 -0.7557 -0.6549
vn -0.0976 -0.7557 -0.6476
vn -0.1930 -0.7557 -0.6258
vn -0.2841 -0.7557 -0.5900
vn -0.3689 -0.7557 -0.5411
vn -0.4454 -0.7557 -0.4801
vn -0.5120 -0.7557 -0.4083
vn -0.5671 -0.7557 -0.3274
vn -0.6096 -0.7557 -0.2392
vn -0.6384 -0.7557 -0.1457
vn -0.6530 -0.7557 -0.0489
vn -0.6530 -0.7557 0.0489
vn -0.6384 -0.7557 0.1457
vn -0.6096 -0.7557 0.2392
vn -0.5671 -0.7557 0.3274
vn -0.5120 -0.7557 0.4083
vn -0.4454 -0.7557 0.4801
vn -0.3689 -0.7557 0.5411
vn -0.2841 -0.7557 0.5900
vn -0.1930 -0.7557 0.6258
vn -0.0976 -0.7557 0.6476
vn -0.0000 -0.7557 0.6549
vn 0.0976 -0.7557 0.6476
vn 0.1930 -0.7557 0.6258
vn 0.2841 -0.7557 0.5900
vn 0.3689 -0.7557 0.5411
vn 0.4454 -0.7557 0.4801
vn 0.5120 -0.7557 0.4083
vn 0.5671 -0.7557 0.3274
vn 0.6096 -0.7557 0.2392
vn 0.6384 -0.7557 0.1457
vn 0.6530 -0.7557 0.0489
vn -0.6556 0.7535 0.0491
vn -0.6410 0.7535 0.1463
vn -0.6120 0.7535 0.2402
vn -0.5694 0.7535 0.3287
vn -0.5140 0.7535 0.4099
vn -0.4472 0.7535 0.4819
vn -0.3703 0.7535 0.5432
vn -0.2852 0.7535 0.5923
vn -0.1938 0.7535 0.6282
vn -0.0980 0.7535 0.6501
vn -0.0000 0.7535 0.6574
vn 0.0980 0.7535 0.6501
vn 0.1938 0.7535 0.6282
vn 0.2852 0.7535 0.5923
vn 0.3703 0.7535 0.5432
vn 0.4472 0.7535 0.4819
vn 0.5140 0.7535 0.4099
vn 0.5694 0.7535 0.3287
vn 0.6120 0.7535 0.2402
vn 0.6410 0.7535 0.1463
vn 0.6556 0.7535 0.0491
vn 0.6556 0.7535 -0.0491
vn 0.6410 0.7535 -0.1463
vn 0.6120 0.7535 -0.2402
vn 0.5694 0.7535 -0.3287
vn 0.5140 0.7535 -0.4099
vn 0.4472 0.7535 -0.4819
vn 0.3703 0.7535 -0.5432
vn 0.2853 0.7535 -0.5923
vn 0.1938 0.7535 -0.6282
vn 0.0980 0.7535 -0.6501
vn -0.0000 0.7535 -0.6574
vn -0.0980 0.7535 -0.6501
vn -0.1938 0.7535 -0.6282
vn -0.2852 0.7535 -0.5923
vn -0.3703 0.7535 -0.5432
vn -0.4472 0.7535 -0.4819
vn -0.5140 0.7535 -0.4099
vn -0.5694 0.7535 -0.3287
vn -0.6120 0.7535 -0.2402
vn -0.6410 0.7535 -0.1463
vn -0.6556 0.7535 -0.0491
vn 0.0522 -0.9986 -0.0039
vn 0.0510 -0.9986 -0.0116
vn 0.0487 -0.9986 -0.0191
vn 0.0453 -0.9986 -0.0261
vn 0.0409 -0.9986 -0.0326
vn 0.0356 -0.9986 -0.0383
vn 0.0295 -0.9986 -0.0432
vn 0.0227 -0.9986 -0.0471
vn 0.0154 -0.9986 -0.0500
vn 0.0078 -0.9986 -0.0517
vn -0.0000 -0.9986 -0.0523
vn -0.0078 -0.9986 -0.0517
vn -0.0154 -0.9986 -0.0500
vn -0.0227 -0.9986 -0.0471
vn -0.0295 -0.9986 -0.0432
vn -0.0356 -0.9986 -0.0383
vn -0.0409 -0.9986 -0.0326
vn -0.0453 -0.9986 -0.0261
vn -0.0487 -0.9986 -0.0191
vn -0.0510 -0.9986 -0.0116
vn -0.0522 -0.9986 -0.0039
vn -0.0522 -0.9986 0.0039
vn -0.0510 -0.9986 0.0116
vn -0.0487 -0.9986 0.0191
vn -0.0453 -0.9986 0.0261
vn -0.0409 -0.9986 0.0326
vn -0.0356 -0.9986 0.0383
vn -0.0295 -0.9986 0.0432
vn -0.0227 -0.9986 0.0471
vn -0.0154 -0.9986 0.0500
vn -0.0078 -0.9986 0.0517
vn -0.0000 -0.9986 0.0523
vn 0.0078 -0.9986 0.0517
vn 0.0154 -0.9986 0.0500
vn 0.0227 -0.9986 0.0471
vn 0.0295 -0.9986 0.0432
vn 0.0356 -0.9986 0.0383
vn 0.0409 -0.9986 0.0326
vn 0.0453 -0.9986 0.0261
vn 0.0487 -0.9986 0.0191
vn 0.0510 -0.9986 0.0116
vn 0.0522 -0.9986 0.0039
vn 0.0522 0.9986 -0.0039
vn 0.0510 0.9986 -0.0116
vn 0.0487 0.9986 -0.0191
vn 0.0453 0.9986 -0.0261
vn 0.0409 0.9986 -0.0326
vn 0.0356 0.9986 -0.0383
vn 0.0295 0.9986 -0.0432
vn 0.0227 0.9986 -0.0471
vn 0.0154 0.9986 -0.0500
vn 0.0078 0.9986 -0.0517
vn -0.0000 0.9986 -0.0523
vn -0.0078 0.9986 -0.0517
vn -0.0154 0.9986 -0.0500
vn -0.0227 0.9986 -0.0471
vn -0.0295 0.9986 -0.0432
vn -0.0356 0.9986 -0.0383
vn -0.0409 0.9986 -0.0326
vn -0.0453 0.9986 -0.0261
vn -0.0487 0.9986 -0.0191
vn -0.0510 0.9986 -0.0116
vn -0.0522 0.9986 -0.0039
vn -0.0522 0.9986 0.0039
vn -0.0510 0.9986 0.0116
vn -0.0487 0.9986 0.0191
vn -0.0453 0.9986 0.0261
vn -0.0409 0.9986 0.0326
vn -0.0356 0.9986 0.0383
vn -0.0295 0.9986 0.0432
vn -0.0227 0.9986 0.0471
vn -0.0154 0.9986 0.0500
vn -0.0078 0.9986 0.0517
vn -0.0000 0.9986 0.0523
vn 0.0078 0.9986 0.0517
vn 0.0154 0.9986 0.0500
vn 0.0227 0.9986 0.0471
vn 0.0295 0.9986 0.0432
vn 0.0356 0.9986 0.0383
vn 0.0409 0.9986 0.0326
vn 0.0453 0.9986 0.0261
vn 0.0487 0.9986 0.0191
vn 0.0510 0.9986 0.0116
vn 0.0522 0.9986 0.0039
vn -0.0108 -0.9999 0.0008
vn -0.0106 -0.9999 0.0024
vn -0.0101 -0.9999 0.0040
vn -0.0094 -0.9999 0.0054
vn -0.0085 -0.9999 0.0068
vn -0.0074 -0.9999 0.0079
vn -0.0061 -0.9999 0.0089
vn -0.0047 -0.9999 0.0098
vn -0.0032 -0.9999 0.0103
vn -0.0016 -0.9999 0.0107
vn -0.0000 -0.9999 0.0108
vn 0.0016 -0.9999 0.0107
vn 0.0032 -0.9999 0.0103
vn 0.0047 -0.9999 0.0098
vn 0.0061 -0.9999 0.0089
vn 0.0074 -0.9999 0.0079
vn 0.0085 -0.9999 0.0068
vn 0.0094 -0.9999 0.0054
vn 0.0101 -0.9999 0.0040
vn 0.0106 -0.9999 0.0024
vn 0.0108 -0.9999 0.0008
vn 0.0108 -0.9999 -0.0008
vn 0.0106 -0.9999 -0.0024
vn 0.0101 -0.9999 -0.0040
vn 0.0094 -0.9999 -0.0054
vn 0.0085 -0.9999 -0.0068
vn 0.0074 -0.9999 -0.0079
vn 0.0061 -0.9999 -0.0089
vn 0.0047 -0.9999 -0.0098
vn 0.0032 -0.9999 -0.0103
vn 0.0016 -0.9999 -0.0107
vn -0.0000 -0.9999 -0.0108
vn -0.0016 -0.9999 -0.0107
vn -0.0032 -0.9999 -0.0103
vn -0.0047 -0.9999 -0.0098
vn -0.0061 -0.9999 -0.0089
vn -0.0074 -0.9999 -0.0079
vn -0.0085 -0.9999 -0.0068
vn -0.0094 -0.9999 -0.0054
vn -0.0101 -0.9999 -0.0040
vn -0.0106 -0.9999 -0.0024
vn -0.0108 -0.9999 -0.0008
vn -0.0108 0.9999 0.0008
vn -0.0106 0.9999 0.0024
vn -0.0101 0.9999 0.0040
vn -0.0094 0.9999 0.0054
vn -0.0085 0.9999 0.0068
vn -0.0074 0.9999 0.0079
vn -0.0061 0.9999 0.0089
vn -0.0047 0.9999 0.0098
vn -0.0032 0.9999 0.0103
vn -0.0016 0.9999 0.0107
vn -0.0000 0.9999 0.0108
vn 0.0016 0.9999 0.0107
vn 0.0032 0.9999 0.0103
vn 0.0047 0.9999 0.0098
vn 0.0061 0.9999 0.0089
vn 0.0074 0.9999 0.0079
vn 0.0085 0.9999 0.0068
vn 0.0094 0.9999 0.0054
vn 0.0101 0.9999 0.0040
vn 0.0106 0.9999 0.0024
vn 0.0108 0.9999 0.0008
vn 0.0108 0.9999 -0.0008
vn 0.0106 0.9999 -0.0024
vn 0.0101 0.9999 -0.0040
vn 0.0094 0.9999 -0.0054
vn 0.0085 0.9999 -0.0068
vn 0.0074 0.9999 -0.0079
vn 0.0061 0.9999 -0.0089
vn 0.0047 0.9999 -0.0098
vn 0.0032 0.9999 -0.0103
vn 0.0016 0.9999 -0.0107
vn -0.0000 0.9999 -0.0108
vn -0.0016 0.9999 -0.0107
vn -0.0032 0.9999 -0.0103
vn -0.0047 0.9999 -0.0098
vn -0.0061 0.9999 -0.0089
vn -0.0074 0.9999 -0.0079
vn -0.0085 0.9999 -0.0068
vn -0.0094 0.9999 -0.0054
vn -0.0101 0.9999 -0.0040
vn -0.0106 0.9999 -0.0024
vn -0.0108 0.9999 -0.0008
vn -0.6152 -0.7870 0.0461
vn -0.6015 -0.7870 0.1373
vn -0.5743 -0.7870 0.2254
vn -0.5343 -0.7870 0.3085
vn -0.4823 -0.7870 0.3847
vn -0.4196 -0.7870 0.4522
vn -0.3475 -0.7870 0.5097
vn -0.2677 -0.7870 0.5559
vn -0.1818 -0.7870 0.5895
vn -0.0920 -0.7870 0.6100
vn -0.0000 -0.7870 0.6169
vn 0.0920 -0.7870 0.6100
vn 0.1818 -0.7870 0.5895
vn 0.2677 -0.7870 0.5558
vn 0.3475 -0.7870 0.5097
vn 0.4196 -0.7870 0.4522
vn 0.4823 -0.7870 0.3847
vn 0.5343 -0.7870 0.3085
vn 0.5743 -0.7870 0.2254
vn 0.6015 -0.7870 0.1373
vn 0.6152 -0.7870 0.0461
vn 0.6152 -0.7870 -0.0461
vn 0.6015 -0.7870 -0.1373
vn 0.5743 -0.7870 -0.2254
vn 0.5343 -0.7870 -0.3085
vn 0.4823 -0.7870 -0.3847
vn 0.4196 -0.7870 -0.4522
vn 0.3475 -0.7870 -0.5097
vn 0.2677 -0.7870 -0.5558
vn 0.1818 -0.7870 -0.5895
vn 0.0920 -0.7870 -0.6101
vn -0.0000 -0.7870 -0.6169
vn -0.0920 -0.7870 -0.6100
vn -0.1818 -0.7870 -0.5895
vn -0.2677 -0.7870 -0.5559
vn -0.3475 -0.7870 -0.5097
vn -0.4196 -0.7870 -0.4522
vn -0.4823 -0.7870 -0.3847
vn -0.5343 -0.7870 -0.3085
vn -0.5743 -0.7870 -0.2254
vn -0.6015 -0.7870 -0.1373
vn -0.6152 -0.7870 -0.0461
vn -0.0295 -0.9996 0.0022
vn -0.0289 -0.9996 0.0066
vn -0.0276 -0.9996 0.0108
vn -0.0257 -0.9996 0.0148
vn -0.0232 -0.9996 0.0185
vn -0.0201 -0.9996 0.0217
vn -0.0167 -0.9996 0.0245
vn -0.0129 -0.9996 0.0267
vn -0.0087 -0.9996 0.0283
vn -0.0044 -0.9996 0.0293
vn -0.0000 -0.9996 0.0296
vn 0.0044 -0.9996 0.0293
vn 0.0087 -0.9996 0.0283
vn 0.0129 -0.9996 0.0267
vn 0.0167 -0.9996 0.0245
vn 0.0201 -0.9996 0.0217
vn 0.0232 -0.9996 0.0185
vn 0.0257 -0.9996 0.0148
vn 0.0276 -0.9996 0.0108
vn 0.0289 -0.9996 0.0066
vn 0.0295 -0.9996 0.0022
vn 0.0295 -0.9996 -0.0022
vn 0.0289 -0.9996 -0.0066
vn 0.0276 -0.9996 -0.0108
vn 0.0257 -0.9996 -0.0148
vn 0.0232 -0.9996 -0.0185
vn 0.0201 -0.9996 -0.0217
vn 0.0167 -0.9996 -0.0245
vn 0.0129 -0.9996 -0.0267
vn 0.0087 -0.9996 -0.0283
vn 0.0044 -0.9996 -0.0293
vn -0.0000 -0.9996 -0.0296
vn -0.0044 -0.9996 -0.0293
vn -0.0087 -0.9996 -0.0283
vn -0.0129 -0.9996 -0.0267
vn -0.0167 -0.9996 -0.0245
vn -0.0201 -0.9996 -0.0217
vn -0.0232 -0.9996 -0.0185
vn -0.0257 -0.9996 -0.0148
vn -0.0276 -0.9996 -0.0108
vn -0.0289 -0.9996 -0.0066
vn -0.0295 -0.9996 -0.0022
vn -0.0295 0.9996 0.0022
vn -0.0289 0.9996 0.0066
vn -0.0276 0.9996 0.0108
vn -0.0257 0.9996 0.0148
vn -0.0232 0.9996 0.0185
vn -0.0201 0.9996 0.0217
vn -0.0167 0.9996 0.0245
vn -0.0129 0.9996 0.0267
vn -0.0087 0.9996 0.0283
vn -0.0044 0.9996 0.0293
vn -0.0000 0.9996 0.0296
vn 0.0044 0.9996 0.0293
vn 0.0087 0.9996 0.0283
vn 0.0129 0.9996 0.0267
vn 0.0167 0.9996 0.0245
vn 0.0201 0.9996 0.0217
vn 0.0232 0.9996 0.0185
vn 0.0257 0.9996 0.0148
vn 0.0276 0.9996 0.0108
vn 0.0289 0.9996 0.0066
vn 0.0295 0.9996 0.0022
vn 0.0295 0.9996 -0.0022
vn 0.0289 0.9996 -0.0066
vn 0.0276 0.9996 -0.0108
vn 0.0257 0.9996 -0.0148
vn 0.0232 0.9996 -0.0185
vn 0.0201 0.9996 -0.0217
vn 0.0167 0.9996 -0.0245
vn 0.0129 0.9996 -0.0267
vn 0.0087 0.9996 -0.0283
vn 0.0044 0.9996 -0.0293
vn -0.0000 0.9996 -0.0296
vn -0.0044 0.9996 -0.0293
vn -0.0087 0.9996 -0.0283
vn -0.0129 0.9996 -0.0267
vn -0.0167 0.9996 -0.0245
vn -0.0201 0.9996 -0.0217
vn -0.0232 0.9996 -0.0185
vn -0.0257 0.9996 -0.0148
vn -0.0276 0.9996 -0.0108
vn -0.0289 0.9996 -0.0066
vn -0.0295 0.9996 -0.0022
vn -0.6152 0.7870 0.0461
vn -0.6015 0.7870 0.1373
vn -0.5743 0.7870 0.2254
vn -0.5343 0.7870 0.3085
vn -0.4823 0.7870 0.3847
vn -0.4196 0.7870 0.4522
vn -0.3475 0.7870 0.5097
vn -0.2677 0.7870 0.5559
vn -0.1818 0.7870 0.5895
vn -0.0920 0.7870 0.6100
vn -0.0000 0.7870 0.6169
vn 0.0920 0.7870 0.6100
vn 0.1818 0.7870 0.5895
vn 0.2677 0.7870 0.5558
vn 0.3475 0.7870 0.5097
vn 0.4196 0.7870 0.4522
vn 0.4823 0.7870 0.3847
vn 0.5343 0.7870 0.3085
vn 0.5743 0.7870 0.2254
vn 0.6015 0.7870 0.1373
vn 0.6152 0.7870 0.0461
vn 0.6152 0.7870 -0.0461
vn 0.6015 0.7870 -0.1373
vn 0.5743 0.7870 -0.2254
vn 0.5343 0.7870 -0.3085
vn 0.4823 0.7870 -0.3847
vn 0.4196 0.7870 -0.4522
vn 0.3475 0.7870 -0.5097
vn 0.2677 0.7870 -0.5558
vn 0.1818 0.7870 -0.5895
vn 0.0920 0.7870 -0.6101
vn -0.0000 0.7870 -0.6169
vn -0.0920 0.7870 -0.6100
vn -0.1818 0.7870 -0.5895
vn -0.2677 0.7870 -0.5559
vn -0.3475 0.7870 -0.5097
vn -0.4196 0.7870 -0.4522
vn -0.4823 0.7870 -0.3847
vn -0.5343 0.7870 -0.3085
vn -0.5743 0.7870 -0.2254
vn -0.6015 0.7870 -0.1373
vn -0.6152 0.7870 -0.0461
vn 0.6564 -0.0000 -0.7544
vn 0.6490 -0.0978 -0.7544
vn 0.6272 -0.1935 -0.7544
vn 0.5914 -0.2848 -0.7544
vn 0.5423 -0.3698 -0.7544
vn 0.4812 -0.4465 -0.7544
vn 0.4093 -0.5132 -0.7544
vn 0.3282 -0.5684 -0.7544
vn 0.2398 -0.6110 -0.7544
vn 0.1461 -0.6399 -0.7544
vn 0.0491 -0.6546 -0.7544
vn -0.0491 -0.6546 -0.7544
vn -0.1461 -0.6399 -0.7544
vn -0.2398 -0.6110 -0.7544
vn -0.3282 -0.5684 -0.7544
vn -0.4093 -0.5132 -0.7544
vn -0.4812 -0.4465 -0.7544
vn -0.5423 -0.3698 -0.7544
vn -0.5914 -0.2848 -0.7544
vn -0.6272 -0.1935 -0.7544
vn -0.6490 -0.0978 -0.7545
vn -0.6564 -0.0000 -0.7544
vn -0.6490 0.0978 -0.7545
vn -0.6272 0.1935 -0.7544
vn -0.5914 0.2848 -0.7544
vn -0.5423 0.3698 -0.7544
vn -0.4812 0.4465 -0.7544
vn -0.4092 0.5132 -0.7544
vn -0.3282 0.5685 -0.7544
vn -0.2398 0.6110 -0.7544
vn -0.1461 0.6399 -0.7544
vn -0.0491 0.6546 -0.7544
vn 0.0491 0.6546 -0.7544
vn 0.1461 0.6399 -0.7544
vn 0.2398 0.6110 -0.7544
vn 0.3282 0.5684 -0.7544
vn 0.4092 0.5132 -0.7544
vn 0.4812 0.4465 -0.7544
vn 0.5423 0.3698 -0.7544
vn 0.5914 0.2848 -0.7544
vn 0.6272 0.1935 -0.7544
vn 0.6490 0.0978 -0.7545
vn -1.0000 -0.0000 -0.0000
vn -0.9888 0.1491 -0.0000
vn -0.9556 0.2947 -0.0000
vn -0.9010 0.4339 -0.0000
vn -0.8262 0.5633 -0.0000
vn -0.7331 0.6802 -0.0000
vn -0.6235 0.7818 -0.0000
vn -0.5000 0.8660 -0.0000
vn -0.3653 0.9309 -0.0000
vn -0.2225 0.9749 -0.0000
vn -0.0747 0.9972 -0.0000
vn 0.0747 0.9972 -0.0000
vn 0.2225 0.9749 -0.0000
vn 0.3653 0.9309 -0.0000
vn 0.5000 0.8660 -0.0000
vn 0.6235 0.7818 -0.0000
vn 0.7331 0.6802 -0.0000
vn 0.8262 0.5633 -0.0000
vn 0.9010 0.4339 -0.0000
vn 0.9556 0.2947 -0.0000
vn 0.9888 0.1491 -0.0000
vn 1.0000 -0.0000 -0.0000
vn 0.9888 -0.1491 -0.0000
vn 0.9556 -0.2947 -0.0000
vn 0.9010 -0.4339 -0.0000
vn 0.8262 -0.5633 -0.0000
vn 0.7331 -0.6802 -0.0000
vn 0.6235 -0.7818 -0.0000
vn 0.5000 -0.8660 -0.0000
vn 0.3653 -0.9309 -0.0000
vn 0.2225 -0.9749 -0.0000
vn 0.0747 -0.9972 -0.0000
vn -0.0747 -0.9972 -0.0000
vn -0.2225 -0.9749 -0.0000
vn -0.3653 -0.9309 -0.0000
vn -0.5000 -0.8660 -0.0000
vn -0.6235 -0.7818 -0.0000
vn -0.7331 -0.6802 -0.0000
vn -0.8262 -0.5633 -0.0000
vn -0.9010 -0.4339 -0.0000
vn -0.9556 -0.2947 -0.0000
vn -0.9888 -0.1491 -0.0000
vn -0.6538 -0.0000 0.7567
vn -0.6465 0.0974 0.7567
vn -0.6247 0.1927 0.7567
vn -0.5890 0.2837 0.7567
vn -0.5402 0.3683 0.7567
vn -0.4793 0.4447 0.7567
vn -0.4077 0.5112 0.7566
vn -0.3269 0.5662 0.7566
vn -0.2389 0.6086 0.7566
vn -0.1455 0.6374 0.7566
vn -0.0489 0.6520 0.7567
vn 0.0489 0.6520 0.7567
vn 0.1455 0.6374 0.7566
vn 0.2389 0.6086 0.7566
vn 0.3269 0.5662 0.7566
vn 0.4077 0.5112 0.7566
vn 0.4793 0.4447 0.7567
vn 0.5402 0.3683 0.7567
vn 0.5891 0.2837 0.7567
vn 0.6248 0.1927 0.7567
vn 0.6465 0.0974 0.7567
vn 0.6538 -0.0000 0.7567
vn 0.6465 -0.0974 0.7567
vn 0.6248 -0.1927 0.7567
vn 0.5891 -0.2837 0.7567
vn 0.5402 -0.3683 0.7567
vn 0.4793 -0.4447 0.7567
vn 0.4077 -0.5112 0.7566
vn 0.3269 -0.5662 0.7566
vn 0.2389 -0.6086 0.7566
vn 0.1455 -0.6374 0.7567
vn 0.0489 -0.6520 0.7567
vn -0.0489 -0.6520 0.7567
vn -0.1455 -0.6374 0.7567
vn -0.2389 -0.6086 0.7567
vn -0.3269 -0.5662 0.7566
vn -0.4077 -0.5112 0.7566
vn -0.4793 -0.4447 0.7567
vn -0.5402 -0.3683 0.7567
vn -0.5891 -0.2837 0.7567
vn -0.6248 -0.1927 0.7567
vn -0.6465 -0.0974 0.7567
vn -0.6538 -0.0000 -0.7567
vn -0.6465 0.0974 -0.7567
vn -0.6247 0.1927 -0.7567
vn -0.5890 0.2837 -0.7567
vn -0.5402 0.3683 -0.7567
vn -0.4793 0.4447 -0.7567
vn -0.4077 0.5112 -0.7566
vn -0.3269 0.5662 -0.7566
vn -0.2389 0.6086 -0.7566
vn -0.1455 0.6374 -0.7566
vn -0.0489 0.6520 -0.7567
vn 0.0489 0.6520 -0.7567
vn 0.1455 0.6374 -0.7566
vn 0.2389 0.6086 -0.7567
vn 0.3269 0.5662 -0.7567
vn 0.4076 0.5112 -0.7567
vn 0.4793 0.4447 -0.7567
vn 0.5402 0.3683 -0.7567
vn 0.5890 0.2837 -0.7567
vn 0.6247 0.1927 -0.7567
vn 0.6465 0.0974 -0.7567
vn 0.6538 -0.0000 -0.7567
vn 0.6465 -0.0974 -0.7567
vn 0.6248 -0.1927 -0.7567
vn 0.5890 -0.2837 -0.7567
vn 0.5402 -0.3683 -0.7567
vn 0.4793 -0.4447 -0.7567
vn 0.4077 -0.5112 -0.7566
vn 0.3269 -0.5662 -0.7566
vn 0.2389 -0.6086 -0.7566
vn 0.1455 -0.6374 -0.7566
vn 0.0489 -0.6520 -0.7566
vn -0.0489 -0.6520 -0.7567
vn -0.1455 -0.6374 -0.7567
vn -0.2389 -0.6086 -0.7567
vn -0.3269 -0.5662 -0.7567
vn -0.4077 -0.5112 -0.7566
vn -0.4793 -0.4447 -0.7567
vn -0.5402 -0.3683 -0.7567
vn -0.5891 -0.2837 -0.7567
vn -0.6248 -0.1927 -0.7567
vn -0.6465 -0.0974 -0.7567
vn 0.6564 -0.0000 0.7544
vn 0.6490 -0.0978 0.7544
vn 0.6272 -0.1935 0.7544
vn 0.5914 -0.2848 0.7544
vn 0.5423 -0.3698 0.7544
vn 0.4812 -0.4465 0.7544
vn 0.4093 -0.5132 0.7544
vn 0.3282 -0.5684 0.7544
vn 0.2398 -0.6110 0.7544
vn 0.1461 -0.6399 0.7544
vn 0.0491 -0.6546 0.7544
vn -0.0491 -0.6546 0.7544
vn -0.1461 -0.6399 0.7544
vn -0.2398 -0.6110 0.7544
vn -0.3282 -0.5684 0.7544
vn -0.4093 -0.5132 0.7544
vn -0.4812 -0.4465 0.7544
vn -0.5423 -0.3698 0.7544
vn -0.5914 -0.2848 0.7544
vn -0.6272 -0.1935 0.7544
vn -0.6490 -0.0978 0.7544
vn -0.6564 -0.0000 0.7544
vn -0.6490 0.0978 0.7545
vn -0.6272 0.1935 0.7544
vn -0.5914 0.2848 0.7544
vn -0.5423 0.3698 0.7544
vn -0.4812 0.4465 0.7544
vn -0.4093 0.5132 0.7544
vn -0.3282 0.5685 0.7544
vn -0.2398 0.6110 0.7544
vn -0.1461 0.6399 0.7544
vn -0.0491 0.6546 0.7544
vn 0.0491 0.6546 0.7544
vn 0.1461 0.6399 0.7544
vn 0.2398 0.6110 0.7544
vn 0.3282 0.5684 0.7544
vn 0.4093 0.5132 0.7544
vn 0.4812 0.4465 0.7544
vn 0.5423 0.3698 0.7544
vn 0.5914 0.2848 0.7544
vn 0.6272 0.1935 0.7544
vn 0.6490 0.0978 0.7544
vn -0.0522 -0.0000 -0.9986
vn -0.0248 -0.0000 -0.9997
vn -0.0246 0.0037 -0.9997
vn -0.0516 0.0078 -0.9986
vn -0.0237 0.0073 -0.9997
vn -0.0498 0.0154 -0.9986
vn -0.0224 0.0108 -0.9997
vn -0.0470 0.0226 -0.9986
vn -0.0205 0.0140 -0.9997
vn -0.0431 0.0294 -0.9986
vn -0.0182 0.0169 -0.9997
vn -0.0382 0.0355 -0.9986
vn -0.0155 0.0194 -0.9997
vn -0.0325 0.0408 -0.9986
vn -0.0124 0.0215 -0.9997
vn -0.0261 0.0452 -0.9986
vn -0.0091 0.0231 -0.9997
vn -0.0191 0.0485 -0.9986
vn -0.0055 0.0242 -0.9997
vn -0.0116 0.0508 -0.9986
vn -0.0019 0.0248 -0.9997
vn -0.0039 0.0520 -0.9986
vn 0.0019 0.0248 -0.9997
vn 0.0039 0.0520 -0.9986
vn 0.0055 0.0242 -0.9997
vn 0.0116 0.0508 -0.9986
vn 0.0091 0.0231 -0.9997
vn 0.0191 0.0485 -0.9986
vn 0.0124 0.0215 -0.9997
vn 0.0261 0.0452 -0.9986
vn 0.0155 0.0194 -0.9997
vn 0.0325 0.0408 -0.9986
vn 0.0182 0.0169 -0.9997
vn 0.0382 0.0355 -0.9986
vn 0.0205 0.0140 -0.9997
vn 0.0431 0.0294 -0.9986
vn 0.0224 0.0108 -0.9997
vn 0.0470 0.0226 -0.9986
vn 0.0237 0.0073 -0.9997
vn 0.0498 0.0154 -0.9986
vn 0.0246 0.0037 -0.9997
vn 0.0516 0.0078 -0.9986
vn 0.0248 -0.0000 -0.9997
vn 0.0522 -0.0000 -0.9986
vn 0.0246 -0.0037 -0.9997
vn 0.0516 -0.0078 -0.9986
vn 0.0237 -0.0073 -0.9997
vn 0.0498 -0.0154 -0.9986
vn 0.0224 -0.0108 -0.9997
vn 0.0470 -0.0226 -0.9986
vn 0.0205 -0.0140 -0.9997
vn 0.0431 -0.0294 -0.9986
vn 0.0182 -0.0169 -0.9997
vn 0.0382 -0.0355 -0.9986
vn 0.0155 -0.0194 -0.9997
vn 0.0325 -0.0408 -0.9986
vn 0.0124 -0.0215 -0.9997
vn 0.0261 -0.0452 -0.9986
vn 0.0091 -0.0231 -0.9997
vn 0.0191 -0.0485 -0.9986
vn 0.0055 -0.0242 -0.9997
vn 0.0116 -0.0508 -0.9986
vn 0.0019 -0.0248 -0.9997
vn 0.0039 -0.0520 -0.9986
vn -0.0019 -0.0248 -0.9997
vn -0.0039 -0.0520 -0.9986
vn -0.0055 -0.0242 -0.9997
vn -0.0116 -0.0508 -0.9986
vn -0.0091 -0.0231 -0.9997
vn -0.0191 -0.0485 -0.9986
vn -0.0124 -0.0215 -0.9997
vn -0.0261 -0.0452 -0.9986
vn -0.0155 -0.0194 -0.9997
vn -0.0325 -0.0408 -0.9986
vn -0.0182 -0.0169 -0.9997
vn -0.0382 -0.0355 -0.9986
vn -0.0205 -0.0140 -0.9997
vn -0.0431 -0.0294 -0.9986
vn -0.0224 -0.0108 -0.9997
vn -0.0470 -0.0226 -0.9986
vn -0.0237 -0.0073 -0.9997
vn -0.0498 -0.0154 -0.9986
vn -0.0246 -0.0037 -0.9997
vn -0.0516 -0.0078 -0.9986
vn -0.0248 -0.0000 0.9997
vn -0.0522 -0.0000 0.9986
vn -0.0516 0.0078 0.9986
vn -0.0246 0.0037 0.9997
vn -0.0498 0.0154 0.9986
vn -0.0237 0.0073 0.9997
vn -0.0470 0.0226 0.9986
vn -0.0224 0.0108 0.9997
vn -0.0431 0.0294 0.9986
vn -0.0205 0.0140 0.9997
vn -0.0382 0.0355 0.9986
vn -0.0182 0.0169 0.9997
vn -0.0325 0.0408 0.9986
vn -0.0155 0.0194 0.9997
vn -0.0261 0.0452 0.9986
vn -0.0124 0.0215 0.9997
vn -0.0191 0.0485 0.9986
vn -0.0091 0.0231 0.9997
vn -0.0116 0.0508 0.9986
vn -0.0055 0.0242 0.9997
vn -0.0039 0.0520 0.9986
vn -0.0019 0.0248 0.9997
vn 0.0039 0.0520 0.9986
vn 0.0019 0.0248 0.9997
vn 0.0116 0.0508 0.9986
vn 0.0055 0.0242 0.9997
vn 0.0191 0.0485 0.9986
vn 0.0091 0.0231 0.9997
vn 0.0261 0.0452 0.9986
vn 0.0124 0.0215 0.9997
vn 0.0325 0.0408 0.9986
vn 0.0155 0.0194 0.9997
vn 0.0382 0.0355 0.9986
vn 0.0182 0.0169 0.9997
vn 0.0431 0.0294 0.9986
vn 0.0205 0.0140 0.9997
vn 0.0470 0.0226 0.9986
vn 0.0224 0.0108 0.9997
vn 0.0498 0.0154 0.9986
vn 0.0237 0.0073 0.9997
vn 0.0516 0.0078 0.9986
vn 0.0246 0.0037 0.9997
vn 0.0522 -0.0000 0.9986
vn 0.0248 -0.0000 0.9997
vn 0.0516 -0.0078 0.9986
vn 0.0246 -0.0037 0.9997
vn 0.0498 -0.0154 0.9986
vn 0.0237 -0.0073 0.9997
vn 0.0470 -0.0226 0.9986
vn 0.0224 -0.0108 0.9997
vn 0.0431 -0.0294 0.9986
vn 0.0205 -0.0140 0.9997
vn 0.0382 -0.0355 0.9986
vn 0.0182 -0.0169 0.9997
vn 0.0325 -0.0408 0.9986
vn 0.0155 -0.0194 0.9997
vn 0.0261 -0.0452 0.9986
vn 0.0124 -0.0215 0.9997
vn 0.0191 -0.0485 0.9986
vn 0.0091 -0.0231 0.9997
vn 0.0116 -0.0508 0.9986
vn 0.0055 -0.0242 0.9997
vn 0.0039 -0.0520 0.9986
vn 0.0019 -0.0248 0.9997
vn -0.0039 -0.0520 0.9986
vn -0.0019 -0.0248 0.9997
vn -0.0116 -0.0508 0.9986
vn -0.0055 -0.0242 0.9997
vn -0.0191 -0.0485 0.9986
vn -0.0091 -0.0231 0.9997
vn -0.0261 -0.0452 0.9986
vn -0.0124 -0.0215 0.9997
vn -0.0325 -0.0408 0.9986
vn -0.0155 -0.0194 0.9997
vn -0.0382 -0.0355 0.9986
vn -0.0182 -0.0169 0.9997
vn -0.0431 -0.0294 0.9986
vn -0.0205 -0.0140 0.9997
vn -0.0470 -0.0226 0.9986
vn -0.0224 -0.0108 0.9997
vn -0.0498 -0.0154 0.9986
vn -0.0237 -0.0073 0.9997
vn -0.0516 -0.0078 0.9986
vn -0.0246 -0.0037 0.9997
vn 0.0081 -0.0000 -1.0000
vn 0.0080 -0.0012 -1.0000
vn 0.0077 -0.0024 -1.0000
vn 0.0073 -0.0035 -1.0000
vn 0.0067 -0.0046 -1.0000
vn 0.0059 -0.0055 -1.0000
vn 0.0050 -0.0063 -1.0000
vn 0.0040 -0.0070 -1.0000
vn 0.0030 -0.0075 -1.0000
vn 0.0018 -0.0079 -1.0000
vn 0.0006 -0.0081 -1.0000
vn -0.0006 -0.0081 -1.0000
vn -0.0018 -0.0079 -1.0000
vn -0.0030 -0.0075 -1.0000
vn -0.0040 -0.0070 -1.0000
vn -0.0050 -0.0063 -1.0000
vn -0.0059 -0.0055 -1.0000
vn -0.0067 -0.0046 -1.0000
vn -0.0073 -0.0035 -1.0000
vn -0.0077 -0.0024 -1.0000
vn -0.0080 -0.0012 -1.0000
vn -0.0081 -0.0000 -1.0000
vn -0.0080 0.0012 -1.0000
vn -0.0077 0.0024 -1.0000
vn -0.0073 0.0035 -1.0000
vn -0.0067 0.0046 -1.0000
vn -0.0059 0.0055 -1.0000
vn -0.0050 0.0063 -1.0000
vn -0.0040 0.0070 -1.0000
vn -0.0030 0.0075 -1.0000
vn -0.0018 0.0079 -1.0000
vn -0.0006 0.0081 -1.0000
vn 0.0006 0.0081 -1.0000
vn 0.0018 0.0079 -1.0000
vn 0.0030 0.0075 -1.0000
vn 0.0040 0.0070 -1.0000
vn 0.0050 0.0063 -1.0000
vn 0.0059 0.0055 -1.0000
vn 0.0067 0.0046 -1.0000
vn 0.0073 0.0035 -1.0000
vn 0.0077 0.0024 -1.0000
vn 0.0080 0.0012 -1.0000
vn 0.0081 -0.0000 1.0000
vn 0.0080 -0.0012 1.0000
vn 0.0077 -0.0024 1.0000
vn 0.0073 -0.0035 1.0000
vn 0.0067 -0.0046 1.0000
vn 0.0059 -0.0055 1.0000
vn 0.0050 -0.0063 1.0000
vn 0.0040 -0.0070 1.0000
vn 0.0030 -0.0075 1.0000
vn 0.0018 -0.0079 1.0000
vn 0.0006 -0.0081 1.0000
vn -0.0006 -0.0081 1.0000
vn -0.0018 -0.0079 1.0000
vn -0.0030 -0.0075 1.0000
vn -0.0040 -0.0070 1.0000
vn -0.0050 -0.0063 1.0000
vn -0.0059 -0.0055 1.0000
vn -0.0067 -0.0046 1.0000
vn -0.0073 -0.0035 1.0000
vn -0.0077 -0.0024 1.0000
vn -0.0080 -0.0012 1.0000
vn -0.0081 -0.0000 1.0000
vn -0.0080 0.0012 1.0000
vn -0.0077 0.0024 1.0000
vn -0.0073 0.0035 1.0000
vn -0.0067 0.0046 1.0000
vn -0.0059 0.0055 1.0000
vn -0.0050 0.0063 1.0000
vn -0.0040 0.0070 1.0000
vn -0.0030 0.0075 1.0000
vn -0.0018 0.0079 1.0000
vn -0.0006 0.0081 1.0000
vn 0.0006 0.0081 1.0000
vn 0.0018 0.0079 1.0000
vn 0.0030 0.0075 1.0000
vn 0.0040 0.0070 1.0000
vn 0.0050 0.0063 1.0000
vn 0.0059 0.0055 1.0000
vn 0.0067 0.0046 1.0000
vn 0.0073 0.0035 1.0000
vn 0.0077 0.0024 1.0000
vn 0.0080 0.0012 1.0000
vn 0.0228 -0.0000 -0.9997
vn 0.0226 -0.0034 -0.9997
vn 0.0218 -0.0067 -0.9997
vn 0.0206 -0.0099 -0.9997
vn 0.0189 -0.0129 -0.9997
vn 0.0167 -0.0155 -0.9997
vn 0.0142 -0.0178 -0.9997
vn 0.0114 -0.0198 -0.9997
vn 0.0083 -0.0212 -0.9997
vn 0.0051 -0.0222 -0.9997
vn 0.0017 -0.0228 -0.9997
vn -0.0017 -0.0228 -0.9997
vn -0.0051 -0.0222 -0.9997
vn -0.0083 -0.0212 -0.9997
vn -0.0114 -0.0198 -0.9997
vn -0.0142 -0.0178 -0.9997
vn -0.0167 -0.0155 -0.9997
vn -0.0189 -0.0129 -0.9997
vn -0.0206 -0.0099 -0.9997
vn -0.0218 -0.0067 -0.9997
vn -0.0226 -0.0034 -0.9997
vn -0.0228 -0.0000 -0.9997
vn -0.0226 0.0034 -0.9997
vn -0.0218 0.0067 -0.9997
vn -0.0206 0.0099 -0.9997
vn -0.0189 0.0129 -0.9997
vn -0.0167 0.0155 -0.9997
vn -0.0142 0.0178 -0.9997
vn -0.0114 0.0198 -0.9997
vn -0.0083 0.0212 -0.9997
vn -0.0051 0.0222 -0.9997
vn -0.0017 0.0228 -0.9997
vn 0.0017 0.0228 -0.9997
vn 0.0051 0.0222 -0.9997
vn 0.0083 0.0212 -0.9997
vn 0.0114 0.0198 -0.9997
vn 0.0142 0.0178 -0.9997
vn 0.0167 0.0155 -0.9997
vn 0.0189 0.0129 -0.9997
vn 0.0206 0.0099 -0.9997
vn 0.0218 0.0067 -0.9997
vn 0.0226 0.0034 -0.9997
vn 0.0228 -0.0000 0.9997
vn 0.0226 -0.0034 0.9997
vn 0.0218 -0.0067 0.9997
vn 0.0206 -0.0099 0.9997
vn 0.0189 -0.0129 0.9997
vn 0.0167 -0.0155 0.9997
vn 0.0142 -0.0178 0.9997
vn 0.0114 -0.0198 0.9997
vn 0.0083 -0.0212 0.9997
vn 0.0051 -0.0222 0.9997
vn 0.0017 -0.0228 0.9997
vn -0.0017 -0.0228 0.9997
vn -0.0051 -0.0222 0.9997
vn -0.0083 -0.0212 0.9997
vn -0.0114 -0.0198 0.9997
vn -0.0142 -0.0178 0.9997
vn -0.0167 -0.0155 0.9997
vn -0.0189 -0.0129 0.9997
vn -0.0206 -0.0099 0.9997
vn -0.0218 -0.0067 0.9997
vn -0.0226 -0.0034 0.9997
vn -0.0228 -0.0000 0.9997
vn -0.0226 0.0034 0.9997
vn -0.0218 0.0067 0.9997
vn -0.0206 0.0099 0.9997
vn -0.0189 0.0129 0.9997
vn -0.0167 0.0155 0.9997
vn -0.0142 0.0178 0.9997
vn -0.0114 0.0198 0.9997
vn -0.0083 0.0212 0.9997
vn -0.0051 0.0222 0.9997
vn -0.0017 0.0228 0.9997
vn 0.0017 0.0228 0.9997
vn 0.0051 0.0222 0.9997
vn 0.0083 0.0212 0.9997
vn 0.0114 0.0198 0.9997
vn 0.0142 0.0178 0.9997
vn 0.0167 0.0155 0.9997
vn 0.0189 0.0129 0.9997
vn 0.0206 0.0099 0.9997
vn 0.0218 0.0067 0.9997
vn 0.0226 0.0034 0.9997
vn -0.6159 -0.0000 0.7878
vn -0.6090 0.0918 0.7878
vn -0.5885 0.1815 0.7878
vn -0.5549 0.2672 0.7879
vn -0.5089 0.3469 0.7878
vn -0.4515 0.4189 0.7878
vn -0.3840 0.4815 0.7878
vn -0.3079 0.5333 0.7879
vn -0.2250 0.5733 0.7879
vn -0.1370 0.6004 0.7879
vn -0.0460 0.6141 0.7878
vn 0.0460 0.6142 0.7878
vn 0.1370 0.6004 0.7879
vn 0.2250 0.5733 0.7878
vn 0.3079 0.5334 0.7878
vn 0.3840 0.4815 0.7879
vn 0.4515 0.4189 0.7878
vn 0.5089 0.3469 0.7878
vn 0.5549 0.2672 0.7879
vn 0.5885 0.1815 0.7879
vn 0.6090 0.0918 0.7879
vn 0.6159 -0.0000 0.7878
vn 0.6090 -0.0918 0.7878
vn 0.5885 -0.1815 0.7879
vn 0.5548 -0.2672 0.7879
vn 0.5089 -0.3469 0.7879
vn 0.5088 -0.3469 0.7879
vn 0.4515 -0.4189 0.7878
vn 0.3840 -0.4815 0.7879
vn 0.3079 -0.5334 0.7879
vn 0.2250 -0.5733 0.7878
vn 0.1370 -0.6004 0.7878
vn 0.0460 -0.6142 0.7878
vn -0.0460 -0.6141 0.7878
vn -0.1370 -0.6004 0.7879
vn -0.2250 -0.5733 0.7878
vn -0.3079 -0.5334 0.7878
vn -0.3840 -0.4815 0.7879
vn -0.4515 -0.4189 0.7879
vn -0.5089 -0.3469 0.7878
vn -0.5549 -0.2672 0.7879
vn -0.5885 -0.1815 0.7879
vn -0.6090 -0.0918 0.7879
vn 0.0295 -0.0000 -0.9996
vn 0.0292 -0.0044 -0.9996
vn 0.0282 -0.0087 -0.9996
vn 0.0266 -0.0128 -0.9996
vn 0.0244 -0.0166 -0.9996
vn 0.0217 -0.0201 -0.9996
vn 0.0184 -0.0231 -0.9996
vn 0.0148 -0.0256 -0.9996
vn 0.0108 -0.0275 -0.9996
vn 0.0066 -0.0288 -0.9996
vn 0.0022 -0.0295 -0.9996
vn -0.0022 -0.0295 -0.9996
vn -0.0066 -0.0288 -0.9996
vn -0.0108 -0.0275 -0.9996
vn -0.0148 -0.0256 -0.9996
vn -0.0184 -0.0231 -0.9996
vn -0.0217 -0.0201 -0.9996
vn -0.0244 -0.0166 -0.9996
vn -0.0266 -0.0128 -0.9996
vn -0.0282 -0.0087 -0.9996
vn -0.0292 -0.0044 -0.9996
vn -0.0295 -0.0000 -0.9996
vn -0.0292 0.0044 -0.9996
vn -0.0282 0.0087 -0.9996
vn -0.0266 0.0128 -0.9996
vn -0.0244 0.0166 -0.9996
vn -0.0217 0.0201 -0.9996
vn -0.0184 0.0231 -0.9996
vn -0.0148 0.0256 -0.9996
vn -0.0108 0.0275 -0.9996
vn -0.0066 0.0288 -0.9996
vn -0.0022 0.0295 -0.9996
vn 0.0022 0.0295 -0.9996
vn 0.0066 0.0288 -0.9996
vn 0.0108 0.0275 -0.9996
vn 0.0148 0.0256 -0.9996
vn 0.0184 0.0231 -0.9996
vn 0.0217 0.0201 -0.9996
vn 0.0244 0.0166 -0.9996
vn 0.0266 0.0128 -0.9996
vn 0.0282 0.0087 -0.9996
vn 0.0292 0.0044 -0.9996
vn 0.0295 -0.0000 0.9996
vn 0.0292 -0.0044 0.9996
vn 0.0282 -0.0087 0.9996
vn 0.0266 -0.0128 0.9996
vn 0.0244 -0.0166 0.9996
vn 0.0217 -0.0201 0.9996
vn 0.0184 -0.0231 0.9996
vn 0.0148 -0.0256 0.9996
vn 0.0108 -0.0275 0.9996
vn 0.0066 -0.0288 0.9996
vn 0.0022 -0.0295 0.9996
vn -0.0022 -0.0295 0.9996
vn -0.0066 -0.0288 0.9996
vn -0.0108 -0.0275 0.9996
vn -0.0148 -0.0256 0.9996
vn -0.0184 -0.0231 0.9996
vn -0.0217 -0.0201 0.9996
vn -0.0244 -0.0166 0.9996
vn -0.0266 -0.0128 0.9996
vn -0.0282 -0.0087 0.9996
vn -0.0292 -0.0044 0.9996
vn -0.0295 -0.0000 0.9996
vn -0.0292 0.0044 0.9996
vn -0.0282 0.0087 0.9996
vn -0.0266 0.0128 0.9996
vn -0.0244 0.0166 0.9996
vn -0.0217 0.0201 0.9996
vn -0.0184 0.0231 0.9996
vn -0.0148 0.0256 0.9996
vn -0.0108 0.0275 0.9996
vn -0.0066 0.0288 0.9996
vn -0.0022 0.0295 0.9996
vn 0.0022 0.0295 0.9996
vn 0.0066 0.0288 0.9996
vn 0.0108 0.0275 0.9996
vn 0.0148 0.0256 0.9996
vn 0.0184 0.0231 0.9996
vn 0.0217 0.0201 0.9996
vn 0.0244 0.0166 0.9996
vn 0.0266 0.0128 0.9996
vn 0.0282 0.0087 0.9996
vn 0.0292 0.0044 0.9996
vn -0.6159 -0.0000 -0.7878
vn -0.6090 0.0918 -0.7878
vn -0.5885 0.1815 -0.7878
vn -0.5549 0.2672 -0.7879
vn -0.5089 0.3469 -0.7878
vn -0.4515 0.4189 -0.7878
vn -0.3840 0.4815 -0.7878
vn -0.3079 0.5333 -0.7879
vn -0.2250 0.5733 -0.7879
vn -0.1370 0.6004 -0.7878
vn -0.0460 0.6142 -0.7878
vn 0.0460 0.6141 -0.7878
vn 0.1370 0.6004 -0.7878
vn 0.2250 0.5733 -0.7878
vn 0.3079 0.5334 -0.7878
vn 0.3840 0.4815 -0.7879
vn 0.4515 0.4189 -0.7878
vn 0.5089 0.3469 -0.7878
vn 0.5549 0.2672 -0.7879
vn 0.5885 0.1815 -0.7879
vn 0.6090 0.0918 -0.7879
vn 0.6159 -0.0000 -0.7878
vn 0.6090 -0.0918 -0.7878
vn 0.5885 -0.1815 -0.7879
vn 0.5549 -0.2672 -0.7879
vn 0.5089 -0.3469 -0.7879
vn 0.4515 -0.4189 -0.7878
vn 0.3840 -0.4815 -0.7879
vn 0.3079 -0.5334 -0.7879
vn 0.2250 -0.5733 -0.7878
vn 0.1370 -0.6004 -0.7878
vn 0.0460 -0.6142 -0.7878
vn -0.0460 -0.6141 -0.7878
vn -0.1370 -0.6004 -0.7879
vn -0.2250 -0.5733 -0.7878
vn -0.3079 -0.5334 -0.7878
vn -0.3840 -0.4815 -0.7879
vn -0.4515 -0.4189 -0.7879
vn -0.5089 -0.3469 -0.7878
vn -0.5549 -0.2672 -0.7879
vn -0.5885 -0.1815 -0.7879
vn -0.6090 -0.0918 -0.7879
vt 0.253074 0.271093
vt 0.252833 0.269493
vt 0.255602 0.268861
vt 0.256078 0.270407
vt 0.258246 0.267824
vt 0.258948 0.269281
vt 0.260706 0.266403
vt 0.261617 0.267740
vt 0.262927 0.264632
vt 0.264027 0.265818
vt 0.264859 0.262550
vt 0.266123 0.263559
vt 0.266459 0.260203
vt 0.267859 0.261012
vt 0.267691 0.257644
vt 0.269197 0.258235
vt 0.268528 0.254930
vt 0.270105 0.255290
vt 0.268952 0.252121
vt 0.270564 0.252242
vt 0.268952 0.249281
vt 0.270564 0.249160
vt 0.268528 0.246472
vt 0.270105 0.246112
vt 0.267691 0.243758
vt 0.269197 0.243167
vt 0.266459 0.241199
vt 0.267859 0.240390
vt 0.264859 0.238852
vt 0.266123 0.237843
vt 0.262927 0.236770
vt 0.264027 0.235584
vt 0.260706 0.234999
vt 0.261617 0.233662
vt 0.258246 0.233578
vt 0.258948 0.232121
vt 0.255602 0.232541
vt 0.256078 0.230995
vt 0.252833 0.231909
vt 0.253074 0.230309
vt 0.250000 0.231696
vt 0.250000 0.230079
vt 0.247167 0.231909
vt 0.246926 0.230309
vt 0.244398 0.232541
vt 0.243922 0.230995
vt 0.241754 0.233578
vt 0.241052 0.232121
vt 0.239294 0.234999
vt 0.238383 0.233662
vt 0.237073 0.236770
vt 0.235973 0.235584
vt 0.235141 0.238852
vt 0.233877 0.237843
vt 0.233541 0.241199
vt 0.232141 0.240390
vt 0.232309 0.243758
vt 0.230803 0.243167
vt 0.231472 0.246472
vt 0.229895 0.246112
vt 0.231048 0.249281
vt 0.229435 0.249160
vt 0.231048 0.252121
vt 0.229435 0.252242
vt 0.231472 0.254930
vt 0.229895 0.255290
vt 0.232309 0.257644
vt 0.230803 0.258235
vt 0.233541 0.260203
vt 0.232141 0.261012
vt 0.235141 0.262550
vt 0.233877 0.263559
vt 0.237073 0.264632
vt 0.235973 0.265818
vt 0.239294 0.266403
vt 0.238383 0.267740
vt 0.241754 0.267824
vt 0.241052 0.269281
vt 0.244398 0.268861
vt 0.243922 0.270407
vt 0.247167 0.269493
vt 0.246926 0.271093
vt 0.250000 0.269706
vt 0.250000 0.271323
vt 0.252049 0.264296
vt 0.254052 0.263838
vt 0.255965 0.263088
vt 0.257745 0.262060
vt 0.259351 0.260779
vt 0.260749 0.259273
vt 0.261906 0.257575
vt 0.262798 0.255724
vt 0.263403 0.253760
vt 0.263710 0.251728
vt 0.263710 0.249674
vt 0.263403 0.247642
vt 0.262798 0.245678
vt 0.261906 0.243827
vt 0.260749 0.242129
vt 0.259351 0.240623
vt 0.257745 0.239342
vt 0.255965 0.238314
vt 0.254052 0.237564
vt 0.252049 0.237106
vt 0.250000 0.236953
vt 0.247951 0.237106
vt 0.245948 0.237564
vt 0.244035 0.238314
vt 0.242255 0.239342
vt 0.240649 0.240623
vt 0.239251 0.242129
vt 0.238094 0.243827
vt 0.237202 0.245678
vt 0.236597 0.247642
vt 0.236290 0.249674
vt 0.236290 0.251728
vt 0.236597 0.253760
vt 0.237202 0.255724
vt 0.238094 0.257575
vt 0.239251 0.259273
vt 0.240649 0.260779
vt 0.242255 0.262060
vt 0.244035 0.263088
vt 0.245948 0.263838
vt 0.247951 0.264296
vt 0.250000 0.264449
vt 0.251808 0.262696
vt 0.250603 0.254699
vt 0.251192 0.254565
vt 0.253576 0.262293
vt 0.251754 0.254344
vt 0.255263 0.261630
vt 0.252278 0.254042
vt 0.256833 0.260724
vt 0.252750 0.253665
vt 0.258251 0.259593
vt 0.253161 0.253222
vt 0.259484 0.258264
vt 0.253502 0.252723
vt 0.260505 0.256766
vt 0.253764 0.252178
vt 0.261292 0.255133
vt 0.253942 0.251601
vt 0.261827 0.253400
vt 0.254032 0.251003
vt 0.262097 0.251608
vt 0.254032 0.250399
vt 0.262097 0.249794
vt 0.253942 0.249801
vt 0.261827 0.248002
vt 0.253764 0.249224
vt 0.261292 0.246269
vt 0.253502 0.248679
vt 0.260505 0.244636
vt 0.253161 0.248180
vt 0.259484 0.243138
vt 0.252750 0.247737
vt 0.258251 0.241809
vt 0.252278 0.247360
vt 0.256833 0.240678
vt 0.251754 0.247058
vt 0.255263 0.239772
vt 0.251192 0.246837
vt 0.253576 0.239109
vt 0.250603 0.246703
vt 0.251808 0.238706
vt 0.250000 0.246657
vt 0.250000 0.238570
vt 0.249397 0.246703
vt 0.248192 0.238706
vt 0.248808 0.246837
vt 0.246424 0.239109
vt 0.248246 0.247058
vt 0.244737 0.239772
vt 0.247722 0.247360
vt 0.243167 0.240678
vt 0.247250 0.247737
vt 0.241749 0.241809
vt 0.246839 0.248180
vt 0.240516 0.243138
vt 0.246498 0.248679
vt 0.239495 0.244636
vt 0.246236 0.249224
vt 0.238708 0.246269
vt 0.246058 0.249801
vt 0.238173 0.248002
vt 0.245968 0.250399
vt 0.237903 0.249794
vt 0.245968 0.251003
vt 0.237903 0.251608
vt 0.246058 0.251601
vt 0.238173 0.253400
vt 0.246236 0.252178
vt 0.238708 0.255133
vt 0.246498 0.252723
vt 0.239495 0.256766
vt 0.246839 0.253222
vt 0.240516 0.258264
vt 0.247250 0.253665
vt 0.241749 0.259593
vt 0.247722 0.254042
vt 0.243167 0.260724
vt 0.248246 0.254344
vt 0.244737 0.261630
vt 0.248808 0.254565
vt 0.246424 0.262293
vt 0.249397 0.254699
vt 0.248192 0.262696
vt 0.250000 0.254745
vt 0.250000 0.262832
vt 0.749397 0.254699
vt 0.748192 0.262696
vt 0.746424 0.262293
vt 0.748808 0.254565
vt 0.744737 0.261630
vt 0.748246 0.254344
vt 0.743167 0.260724
vt 0.747722 0.254042
vt 0.741749 0.259593
vt 0.747250 0.253665
vt 0.740516 0.258264
vt 0.746839 0.253222
vt 0.739495 0.256766
vt 0.746498 0.252723
vt 0.738708 0.255133
vt 0.746236 0.252178
vt 0.738173 0.253400
vt 0.746058 0.251601
vt 0.737903 0.251608
vt 0.745968 0.251003
vt 0.737903 0.249794
vt 0.745968 0.250399
vt 0.738173 0.248002
vt 0.746058 0.249801
vt 0.738708 0.246269
vt 0.746236 0.249224
vt 0.739495 0.244636
vt 0.746498 0.248679
vt 0.740516 0.243138
vt 0.746839 0.248180
vt 0.741749 0.241809
vt 0.747250 0.247737
vt 0.743167 0.240678
vt 0.747722 0.247360
vt 0.744737 0.239772
vt 0.748246 0.247058
vt 0.746424 0.239109
vt 0.748808 0.246837
vt 0.748192 0.238706
vt 0.749397 0.246703
vt 0.750000 0.238570
vt 0.750000 0.246657
vt 0.751808 0.238706
vt 0.750603 0.246703
vt 0.753576 0.239109
vt 0.751192 0.246837
vt 0.755263 0.239772
vt 0.751754 0.247058
vt 0.756833 0.240678
vt 0.752278 0.247360
vt 0.758251 0.241809
vt 0.752750 0.247737
vt 0.759484 0.243138
vt 0.753161 0.248180
vt 0.760505 0.244636
vt 0.753502 0.248679
vt 0.761292 0.246269
vt 0.753764 0.249224
vt 0.761827 0.248002
vt 0.753942 0.249801
vt 0.762097 0.249794
vt 0.754032 0.250399
vt 0.762097 0.251608
vt 0.754032 0.251003
vt 0.761827 0.253400
vt 0.753942 0.251601
vt 0.761292 0.255133
vt 0.753764 0.252178
vt 0.760505 0.256766
vt 0.753502 0.252723
vt 0.759484 0.258264
vt 0.753161 0.253222
vt 0.758251 0.259593
vt 0.752750 0.253665
vt 0.756833 0.260724
vt 0.752278 0.254042
vt 0.755263 0.261630
vt 0.751754 0.254344
vt 0.753576 0.262293
vt 0.751192 0.254565
vt 0.751808 0.262696
vt 0.750603 0.254699
vt 0.750000 0.262832
vt 0.750000 0.254745
vt 0.429370 0.504189
vt 0.425326 0.504189
vt 0.425326 0.503585
vt 0.429370 0.503585
vt 0.425326 0.502991
vt 0.429370 0.502991
vt 0.425326 0.502421
vt 0.429370 0.502421
vt 0.425326 0.501887
vt 0.429370 0.501887
vt 0.425326 0.501402
vt 0.429370 0.501402
vt 0.417239 0.507330
vt 0.413196 0.507330
vt 0.413196 0.506887
vt 0.417239 0.506887
vt 0.413196 0.506388
vt 0.417239 0.506388
vt 0.413196 0.505843
vt 0.417239 0.505843
vt 0.413196 0.505266
vt 0.417239 0.505266
vt 0.413196 0.504668
vt 0.417239 0.504668
vt 0.413196 0.504064
vt 0.417239 0.504064
vt 0.413196 0.503466
vt 0.417239 0.503466
vt 0.413196 0.502889
vt 0.417239 0.502889
vt 0.413196 0.502344
vt 0.417239 0.502344
vt 0.413196 0.501845
vt 0.417239 0.501845
vt 0.413196 0.501402
vt 0.417239 0.501402
vt 0.421283 0.507326
vt 0.417239 0.507326
vt 0.417239 0.506867
vt 0.421283 0.506867
vt 0.417239 0.506354
vt 0.421283 0.506354
vt 0.417239 0.505800
vt 0.421283 0.505800
vt 0.417239 0.505216
vt 0.421283 0.505216
vt 0.417239 0.504615
vt 0.421283 0.504615
vt 0.417239 0.504011
vt 0.421283 0.504011
vt 0.417239 0.503418
vt 0.421283 0.503418
vt 0.417239 0.502848
vt 0.421283 0.502848
vt 0.417239 0.502314
vt 0.421283 0.502314
vt 0.417239 0.501828
vt 0.421283 0.501828
vt 0.421283 0.501402
vt 0.425326 0.506900
vt 0.421283 0.506900
vt 0.421283 0.506417
vt 0.425326 0.506417
vt 0.421283 0.505885
vt 0.425326 0.505885
vt 0.421283 0.505317
vt 0.425326 0.505317
vt 0.421283 0.504724
vt 0.425326 0.504724
vt 0.421283 0.504120
vt 0.425326 0.504120
vt 0.421283 0.503519
vt 0.425326 0.503519
vt 0.421283 0.502934
vt 0.425326 0.502934
vt 0.421283 0.502378
vt 0.425326 0.502378
vt 0.421283 0.501863
vt 0.425326 0.501863
vt 0.421283 0.501402
vt 0.429370 0.506899
vt 0.425326 0.506899
vt 0.425326 0.506440
vt 0.429370 0.506440
vt 0.425326 0.505928
vt 0.429370 0.505928
vt 0.425326 0.505373
vt 0.429370 0.505373
vt 0.425326 0.504789
vt 0.429370 0.504789
vt 0.747951 0.264296
vt 0.745948 0.263838
vt 0.744035 0.263088
vt 0.742255 0.262060
vt 0.740649 0.260779
vt 0.739251 0.259273
vt 0.738094 0.257575
vt 0.737202 0.255724
vt 0.736597 0.253760
vt 0.736290 0.251728
vt 0.736290 0.249674
vt 0.736597 0.247642
vt 0.737202 0.245678
vt 0.738094 0.243827
vt 0.739251 0.242129
vt 0.740649 0.240623
vt 0.742255 0.239342
vt 0.744035 0.238314
vt 0.745948 0.237564
vt 0.747951 0.237106
vt 0.750000 0.236953
vt 0.752049 0.237106
vt 0.754052 0.237564
vt 0.755965 0.238314
vt 0.757745 0.239342
vt 0.759351 0.240623
vt 0.760749 0.242129
vt 0.761906 0.243827
vt 0.762798 0.245678
vt 0.763403 0.247642
vt 0.763710 0.249674
vt 0.763710 0.251728
vt 0.763403 0.253760
vt 0.762798 0.255724
vt 0.761906 0.257575
vt 0.760749 0.259273
vt 0.759351 0.260779
vt 0.757745 0.262060
vt 0.755965 0.263088
vt 0.754052 0.263838
vt 0.752049 0.264296
vt 0.750000 0.264449
vt 0.747168 0.269493
vt 0.744398 0.268861
vt 0.741754 0.267824
vt 0.739294 0.266403
vt 0.737073 0.264632
vt 0.735142 0.262550
vt 0.733541 0.260203
vt 0.732309 0.257644
vt 0.731472 0.254930
vt 0.731048 0.252121
vt 0.731048 0.249281
vt 0.731472 0.246472
vt 0.732309 0.243758
vt 0.733541 0.241199
vt 0.735142 0.238852
vt 0.737073 0.236770
vt 0.739294 0.234999
vt 0.741754 0.233578
vt 0.744398 0.232541
vt 0.747168 0.231909
vt 0.750000 0.231696
vt 0.752833 0.231909
vt 0.755602 0.232541
vt 0.758246 0.233578
vt 0.760706 0.234999
vt 0.762927 0.236770
vt 0.764859 0.238852
vt 0.766459 0.241199
vt 0.767691 0.243758
vt 0.768528 0.246472
vt 0.768952 0.249281
vt 0.768952 0.252121
vt 0.768528 0.254930
vt 0.767691 0.257644
vt 0.766459 0.260203
vt 0.764859 0.262550
vt 0.762927 0.264632
vt 0.760706 0.266403
vt 0.758246 0.267824
vt 0.755602 0.268861
vt 0.752833 0.269493
vt 0.750000 0.269706
vt 0.746926 0.271093
vt 0.743922 0.270407
vt 0.741052 0.269281
vt 0.738383 0.267740
vt 0.735973 0.265818
vt 0.733877 0.263559
vt 0.732141 0.261012
vt 0.730803 0.258235
vt 0.729895 0.255290
vt 0.729436 0.252242
vt 0.729436 0.249160
vt 0.729895 0.246112
vt 0.730803 0.243167
vt 0.732141 0.240390
vt 0.733877 0.237843
vt 0.735973 0.235584
vt 0.738383 0.233662
vt 0.741052 0.232121
vt 0.743922 0.230995
vt 0.746926 0.230309
vt 0.750000 0.230079
vt 0.753074 0.230309
vt 0.756078 0.230995
vt 0.758948 0.232121
vt 0.761617 0.233662
vt 0.764027 0.235584
vt 0.766123 0.237843
vt 0.767859 0.240390
vt 0.769197 0.243167
vt 0.770105 0.246112
vt 0.770565 0.249160
vt 0.770565 0.252242
vt 0.770105 0.255290
vt 0.769197 0.258235
vt 0.767859 0.261012
vt 0.766123 0.263559
vt 0.764027 0.265818
vt 0.761617 0.267740
vt 0.758948 0.269281
vt 0.756079 0.270407
vt 0.753074 0.271093
vt 0.750000 0.271323
vt 0.256027 0.290685
vt 0.261919 0.289340
vt 0.267544 0.287132
vt 0.272778 0.284110
vt 0.277503 0.280342
vt 0.281614 0.275912
vt 0.285018 0.270919
vt 0.287640 0.265474
vt 0.289422 0.259699
vt 0.290323 0.253723
vt 0.290323 0.247679
vt 0.289422 0.241703
vt 0.287640 0.235928
vt 0.285018 0.230483
vt 0.281614 0.225490
vt 0.277503 0.221060
vt 0.272778 0.217292
vt 0.267544 0.214270
vt 0.261919 0.212062
vt 0.256027 0.210717
vt 0.250000 0.210265
vt 0.243973 0.210717
vt 0.238081 0.212062
vt 0.232456 0.214270
vt 0.227222 0.217291
vt 0.222497 0.221060
vt 0.218386 0.225490
vt 0.214982 0.230483
vt 0.212360 0.235928
vt 0.210578 0.241703
vt 0.209677 0.247679
vt 0.209677 0.253723
vt 0.210578 0.259699
vt 0.212360 0.265474
vt 0.214982 0.270919
vt 0.218386 0.275912
vt 0.222497 0.280342
vt 0.227222 0.284110
vt 0.232456 0.287132
vt 0.238081 0.289340
vt 0.243973 0.290685
vt 0.250000 0.291137
vt 0.743973 0.290685
vt 0.738081 0.289340
vt 0.732456 0.287132
vt 0.727222 0.284111
vt 0.722497 0.280342
vt 0.718386 0.275912
vt 0.714982 0.270919
vt 0.712360 0.265474
vt 0.710578 0.259699
vt 0.709677 0.253723
vt 0.709677 0.247679
vt 0.710578 0.241703
vt 0.712360 0.235928
vt 0.714982 0.230483
vt 0.718386 0.225490
vt 0.722497 0.221060
vt 0.727222 0.217292
vt 0.732456 0.214270
vt 0.738081 0.212062
vt 0.743973 0.210717
vt 0.750000 0.210265
vt 0.756027 0.210717
vt 0.761919 0.212062
vt 0.767544 0.214270
vt 0.772778 0.217292
vt 0.777503 0.221060
vt 0.781614 0.225490
vt 0.785018 0.230483
vt 0.787641 0.235928
vt 0.789422 0.241703
vt 0.790323 0.247679
vt 0.790323 0.253723
vt 0.789422 0.259699
vt 0.787641 0.265474
vt 0.785018 0.270919
vt 0.781614 0.275912
vt 0.777503 0.280342
vt 0.772778 0.284111
vt 0.767544 0.287132
vt 0.761919 0.289340
vt 0.756027 0.290685
vt 0.750000 0.291137
vt 0.265127 0.351061
vt 0.279916 0.347685
vt 0.294036 0.342143
vt 0.307173 0.334559
vt 0.319033 0.325101
vt 0.329351 0.313981
vt 0.337896 0.301448
vt 0.344478 0.287781
vt 0.348949 0.273285
vt 0.351210 0.258286
vt 0.351210 0.243116
vt 0.348949 0.228117
vt 0.344478 0.213621
vt 0.337896 0.199954
vt 0.329351 0.187421
vt 0.319033 0.176301
vt 0.307173 0.166843
vt 0.294036 0.159259
vt 0.279916 0.153717
vt 0.265127 0.150341
vt 0.250000 0.149208
vt 0.234873 0.150341
vt 0.220084 0.153717
vt 0.205964 0.159259
vt 0.192827 0.166843
vt 0.180967 0.176301
vt 0.170649 0.187421
vt 0.162104 0.199954
vt 0.155522 0.213621
vt 0.151051 0.228117
vt 0.148790 0.243116
vt 0.148790 0.258286
vt 0.151051 0.273285
vt 0.155522 0.287781
vt 0.162104 0.301448
vt 0.170649 0.313981
vt 0.180967 0.325101
vt 0.192827 0.334559
vt 0.205964 0.342143
vt 0.220084 0.347685
vt 0.234873 0.351061
vt 0.250000 0.352194
vt 0.734873 0.351061
vt 0.720084 0.347685
vt 0.705964 0.342143
vt 0.692827 0.334559
vt 0.680967 0.325101
vt 0.670649 0.313981
vt 0.662104 0.301448
vt 0.655522 0.287781
vt 0.651051 0.273285
vt 0.648790 0.258286
vt 0.648790 0.243116
vt 0.651051 0.228117
vt 0.655522 0.213621
vt 0.662104 0.199954
vt 0.670649 0.187421
vt 0.680967 0.176301
vt 0.692827 0.166843
vt 0.705964 0.159259
vt 0.720084 0.153717
vt 0.734873 0.150341
vt 0.750000 0.149208
vt 0.765127 0.150341
vt 0.779916 0.153717
vt 0.794036 0.159259
vt 0.807173 0.166843
vt 0.819033 0.176301
vt 0.829351 0.187421
vt 0.837896 0.199954
vt 0.844478 0.213621
vt 0.848949 0.228117
vt 0.851210 0.243116
vt 0.851210 0.258286
vt 0.848949 0.273285
vt 0.844478 0.287781
vt 0.837896 0.301448
vt 0.829351 0.313981
vt 0.819033 0.325101
vt 0.807173 0.334559
vt 0.794036 0.342143
vt 0.779916 0.347685
vt 0.765127 0.351061
vt 0.750000 0.352194
vt 0.283207 0.471013
vt 0.315671 0.463603
vt 0.346669 0.451437
vt 0.375508 0.434787
vt 0.401543 0.414025
vt 0.424192 0.389615
vt 0.442951 0.362101
vt 0.457399 0.332099
vt 0.467214 0.300279
vt 0.472177 0.267351
vt 0.472177 0.234051
vt 0.467214 0.201123
vt 0.457399 0.169303
vt 0.442951 0.139301
vt 0.424192 0.111787
vt 0.401543 0.087377
vt 0.375508 0.066615
vt 0.346670 0.049965
vt 0.315672 0.037799
vt 0.283207 0.030389
vt 0.250000 0.027901
vt 0.216793 0.030389
vt 0.184328 0.037799
vt 0.153331 0.049965
vt 0.124492 0.066615
vt 0.098457 0.087377
vt 0.075808 0.111787
vt 0.057049 0.139301
vt 0.042601 0.169303
vt 0.032786 0.201123
vt 0.027823 0.234051
vt 0.027823 0.267351
vt 0.032786 0.300279
vt 0.042601 0.332099
vt 0.057049 0.362101
vt 0.075808 0.389615
vt 0.098457 0.414025
vt 0.124492 0.434787
vt 0.153330 0.451437
vt 0.184328 0.463603
vt 0.216793 0.471013
vt 0.250000 0.473501
vt 0.716793 0.471013
vt 0.684329 0.463603
vt 0.653331 0.451437
vt 0.624492 0.434787
vt 0.598457 0.414025
vt 0.575808 0.389615
vt 0.557049 0.362101
vt 0.542601 0.332099
vt 0.532786 0.300279
vt 0.527823 0.267351
vt 0.527823 0.234051
vt 0.532786 0.201123
vt 0.542601 0.169303
vt 0.557049 0.139301
vt 0.575808 0.111787
vt 0.598457 0.087377
vt 0.624492 0.066615
vt 0.653330 0.049965
vt 0.684328 0.037799
vt 0.716793 0.030389
vt 0.750000 0.027901
vt 0.783207 0.030389
vt 0.815672 0.037799
vt 0.846669 0.049965
vt 0.875508 0.066615
vt 0.901543 0.087377
vt 0.924192 0.111787
vt 0.942951 0.139301
vt 0.957399 0.169303
vt 0.967214 0.201123
vt 0.972177 0.234051
vt 0.972177 0.267351
vt 0.967214 0.300279
vt 0.957399 0.332099
vt 0.942951 0.362101
vt 0.924192 0.389615
vt 0.901543 0.414025
vt 0.875508 0.434787
vt 0.846670 0.451437
vt 0.815672 0.463603
vt 0.783207 0.471013
vt 0.750000 0.473501
vt 0.287365 0.498602
vt 0.287184 0.497402
vt 0.323538 0.489105
vt 0.323895 0.490264
vt 0.358249 0.475482
vt 0.358775 0.476575
vt 0.390541 0.456838
vt 0.391225 0.457840
vt 0.419695 0.433589
vt 0.420520 0.434478
vt 0.445057 0.406254
vt 0.446006 0.407011
vt 0.466063 0.375445
vt 0.467113 0.376052
vt 0.482242 0.341849
vt 0.483371 0.342292
vt 0.493233 0.306217
vt 0.494415 0.306487
vt 0.498790 0.269345
vt 0.500000 0.269436
vt 0.498790 0.232057
vt 0.500000 0.231966
vt 0.493233 0.195185
vt 0.494415 0.194915
vt 0.482242 0.159553
vt 0.483371 0.159110
vt 0.466063 0.125957
vt 0.467113 0.125351
vt 0.445058 0.095148
vt 0.446006 0.094392
vt 0.419695 0.067813
vt 0.420520 0.066924
vt 0.390542 0.044564
vt 0.391225 0.043562
vt 0.358249 0.025920
vt 0.358775 0.024827
vt 0.323538 0.012297
vt 0.323895 0.011138
vt 0.287184 0.004000
vt 0.287365 0.002800
vt 0.250000 0.001213
vt 0.250000 -0.000000
vt 0.212816 0.004000
vt 0.212635 0.002800
vt 0.176462 0.012297
vt 0.176105 0.011138
vt 0.141751 0.025920
vt 0.141225 0.024827
vt 0.109459 0.044564
vt 0.108775 0.043562
vt 0.080305 0.067813
vt 0.079480 0.066924
vt 0.054943 0.095148
vt 0.053994 0.094391
vt 0.033937 0.125957
vt 0.032887 0.125350
vt 0.017758 0.159553
vt 0.016629 0.159110
vt 0.006767 0.195185
vt 0.005585 0.194915
vt 0.001210 0.232057
vt -0.000000 0.231966
vt 0.001210 0.269345
vt -0.000000 0.269436
vt 0.006767 0.306217
vt 0.005585 0.306487
vt 0.017758 0.341849
vt 0.016629 0.342292
vt 0.033937 0.375445
vt 0.032887 0.376051
vt 0.054942 0.406254
vt 0.053994 0.407011
vt 0.080305 0.433589
vt 0.079480 0.434478
vt 0.109458 0.456838
vt 0.108775 0.457840
vt 0.141751 0.475482
vt 0.141225 0.476575
vt 0.176462 0.489105
vt 0.176105 0.490264
vt 0.212816 0.497402
vt 0.212635 0.498602
vt 0.250000 0.500189
vt 0.250000 0.501402
vt 0.712816 0.497402
vt 0.676462 0.489105
vt 0.641751 0.475482
vt 0.609459 0.456838
vt 0.580305 0.433589
vt 0.554943 0.406254
vt 0.533937 0.375445
vt 0.517758 0.341849
vt 0.506767 0.306217
vt 0.501210 0.269345
vt 0.501210 0.232057
vt 0.506767 0.195185
vt 0.517758 0.159553
vt 0.533937 0.125957
vt 0.554942 0.095148
vt 0.580305 0.067813
vt 0.609458 0.044564
vt 0.641751 0.025920
vt 0.676462 0.012297
vt 0.712816 0.004000
vt 0.750000 0.001213
vt 0.787184 0.004000
vt 0.823538 0.012297
vt 0.858249 0.025920
vt 0.890541 0.044564
vt 0.919695 0.067813
vt 0.945058 0.095148
vt 0.966063 0.125957
vt 0.982242 0.159553
vt 0.993233 0.195185
vt 0.998790 0.232057
vt 0.998790 0.269345
vt 0.993233 0.306217
vt 0.982242 0.341849
vt 0.966063 0.375445
vt 0.945058 0.406254
vt 0.919695 0.433589
vt 0.890542 0.456838
vt 0.858249 0.475482
vt 0.823538 0.489105
vt 0.787184 0.497402
vt 0.750000 0.500189
vt 0.712635 0.498602
vt 0.676105 0.490264
vt 0.641225 0.476575
vt 0.608775 0.457840
vt 0.579480 0.434478
vt 0.553994 0.407011
vt 0.532887 0.376052
vt 0.516629 0.342292
vt 0.505585 0.306487
vt 0.500000 0.269436
vt 0.500000 0.231966
vt 0.505585 0.194915
vt 0.516629 0.159110
vt 0.532887 0.125351
vt 0.553994 0.094392
vt 0.579480 0.066924
vt 0.608775 0.043562
vt 0.641225 0.024827
vt 0.676105 0.011138
vt 0.712635 0.002800
vt 0.750000 0.000000
vt 0.787365 0.002800
vt 0.823895 0.011138
vt 0.858775 0.024827
vt 0.891225 0.043562
vt 0.920520 0.066924
vt 0.946006 0.094391
vt 0.967113 0.125350
vt 0.983371 0.159110
vt 0.994415 0.194915
vt 1.000000 0.231966
vt 1.000000 0.269436
vt 0.994415 0.306487
vt 0.983371 0.342292
vt 0.967113 0.376051
vt 0.946006 0.407011
vt 0.920520 0.434478
vt 0.891225 0.457840
vt 0.858775 0.476575
vt 0.823895 0.490264
vt 0.787365 0.498602
vt 0.750000 0.501402
vt 0.254324 0.548324
vt 0.254044 0.548023
vt 0.254846 0.547384
vt 0.255077 0.547723
vt 0.255733 0.546871
vt 0.255911 0.547242
vt 0.256687 0.546497
vt 0.256808 0.546890
vt 0.257686 0.546269
vt 0.257747 0.546675
vt 0.258708 0.546192
vt 0.258708 0.546603
vt 0.259730 0.546269
vt 0.259669 0.546675
vt 0.260729 0.546497
vt 0.260608 0.546890
vt 0.261683 0.546871
vt 0.261505 0.547242
vt 0.262571 0.547384
vt 0.262339 0.547723
vt 0.263372 0.548023
vt 0.263092 0.548324
vt 0.264069 0.548774
vt 0.263748 0.549030
vt 0.264646 0.549621
vt 0.264290 0.549826
vt 0.265091 0.550544
vt 0.264708 0.550694
vt 0.265393 0.551523
vt 0.264992 0.551615
vt 0.265546 0.552537
vt 0.265136 0.552567
vt 0.265546 0.553562
vt 0.265136 0.553531
vt 0.265393 0.554575
vt 0.264992 0.554483
vt 0.265091 0.555554
vt 0.264708 0.555404
vt 0.264646 0.556477
vt 0.264290 0.556272
vt 0.264069 0.557324
vt 0.263748 0.557068
vt 0.263372 0.558075
vt 0.263092 0.557774
vt 0.262571 0.558714
vt 0.262339 0.558375
vt 0.261683 0.559227
vt 0.261505 0.558857
vt 0.260729 0.559601
vt 0.260608 0.559209
vt 0.259730 0.559829
vt 0.259669 0.559423
vt 0.258708 0.559906
vt 0.258708 0.559495
vt 0.257686 0.559829
vt 0.257747 0.559423
vt 0.256687 0.559601
vt 0.256808 0.559209
vt 0.255733 0.559227
vt 0.255911 0.558857
vt 0.254846 0.558714
vt 0.255077 0.558375
vt 0.254044 0.558075
vt 0.254324 0.557774
vt 0.253347 0.557324
vt 0.253669 0.557068
vt 0.252770 0.556477
vt 0.253126 0.556272
vt 0.252325 0.555554
vt 0.252708 0.555404
vt 0.252023 0.554575
vt 0.252424 0.554483
vt 0.251871 0.553562
vt 0.252280 0.553531
vt 0.251871 0.552537
vt 0.252280 0.552567
vt 0.252023 0.551523
vt 0.252424 0.551615
vt 0.252325 0.550544
vt 0.252708 0.550694
vt 0.252770 0.549621
vt 0.253126 0.549826
vt 0.253347 0.548774
vt 0.253669 0.549030
vt 0.255232 0.549303
vt 0.255829 0.548827
vt 0.256491 0.548445
vt 0.257202 0.548166
vt 0.257946 0.547996
vt 0.258708 0.547939
vt 0.259470 0.547996
vt 0.260214 0.548166
vt 0.260925 0.548445
vt 0.261587 0.548827
vt 0.262184 0.549303
vt 0.262703 0.549863
vt 0.263134 0.550494
vt 0.263465 0.551182
vt 0.263690 0.551912
vt 0.263804 0.552667
vt 0.263804 0.553431
vt 0.263690 0.554186
vt 0.263465 0.554916
vt 0.263134 0.555604
vt 0.262703 0.556235
vt 0.262184 0.556795
vt 0.261587 0.557271
vt 0.260925 0.557653
vt 0.260214 0.557932
vt 0.259470 0.558102
vt 0.258708 0.558159
vt 0.257946 0.558102
vt 0.257202 0.557932
vt 0.256491 0.557653
vt 0.255829 0.557271
vt 0.255232 0.556795
vt 0.254713 0.556235
vt 0.254283 0.555604
vt 0.253951 0.554916
vt 0.253726 0.554186
vt 0.253612 0.553431
vt 0.253612 0.552667
vt 0.253726 0.551912
vt 0.253951 0.551182
vt 0.254283 0.550494
vt 0.254713 0.549863
vt 0.256909 0.551110
vt 0.255512 0.549604
vt 0.256061 0.549166
vt 0.257218 0.550864
vt 0.256669 0.548815
vt 0.257561 0.550666
vt 0.257323 0.548559
vt 0.257929 0.550522
vt 0.258008 0.548402
vt 0.258314 0.550434
vt 0.258708 0.548350
vt 0.258708 0.550404
vt 0.259409 0.548402
vt 0.259102 0.550434
vt 0.260093 0.548559
vt 0.259488 0.550522
vt 0.260747 0.548815
vt 0.259856 0.550666
vt 0.261355 0.549166
vt 0.260198 0.550864
vt 0.261904 0.549604
vt 0.260507 0.551110
vt 0.262382 0.550119
vt 0.260776 0.551400
vt 0.262778 0.550699
vt 0.260999 0.551727
vt 0.263083 0.551332
vt 0.261170 0.552083
vt 0.263290 0.552003
vt 0.261287 0.552461
vt 0.263394 0.552698
vt 0.261345 0.552851
vt 0.263394 0.553400
vt 0.261345 0.553247
vt 0.263290 0.554095
vt 0.261287 0.553638
vt 0.263083 0.554766
vt 0.261170 0.554015
vt 0.262778 0.555399
vt 0.260999 0.554372
vt 0.262382 0.555979
vt 0.260776 0.554698
vt 0.261904 0.556494
vt 0.260507 0.554988
vt 0.261355 0.556932
vt 0.260198 0.555234
vt 0.260747 0.557283
vt 0.259856 0.555432
vt 0.260093 0.557540
vt 0.259488 0.555576
vt 0.259409 0.557696
vt 0.259102 0.555664
vt 0.258708 0.557748
vt 0.258708 0.555694
vt 0.258008 0.557696
vt 0.258314 0.555664
vt 0.257323 0.557540
vt 0.257929 0.555576
vt 0.256669 0.557283
vt 0.257561 0.555432
vt 0.256061 0.556932
vt 0.257218 0.555234
vt 0.255512 0.556494
vt 0.256909 0.554988
vt 0.255034 0.555979
vt 0.256640 0.554698
vt 0.254638 0.555399
vt 0.256418 0.554372
vt 0.254334 0.554766
vt 0.256246 0.554015
vt 0.254127 0.554095
vt 0.256130 0.553638
vt 0.254022 0.553400
vt 0.256071 0.553247
vt 0.254022 0.552698
vt 0.256071 0.552851
vt 0.254127 0.552003
vt 0.256130 0.552461
vt 0.254334 0.551332
vt 0.256246 0.552083
vt 0.254638 0.550699
vt 0.256418 0.551727
vt 0.255034 0.550119
vt 0.256640 0.551400
vt 0.363736 0.557222
vt 0.362845 0.555373
vt 0.363187 0.555175
vt 0.364345 0.556871
vt 0.363496 0.554929
vt 0.364894 0.556433
vt 0.363765 0.554639
vt 0.365371 0.555918
vt 0.363988 0.554313
vt 0.365767 0.555338
vt 0.364159 0.553957
vt 0.366071 0.554705
vt 0.364276 0.553579
vt 0.366278 0.554034
vt 0.364335 0.553189
vt 0.366383 0.553340
vt 0.364335 0.552794
vt 0.366383 0.552639
vt 0.364276 0.552403
vt 0.366278 0.551945
vt 0.364159 0.552026
vt 0.366071 0.551274
vt 0.363988 0.551670
vt 0.365767 0.550642
vt 0.363765 0.551344
vt 0.365371 0.550063
vt 0.363496 0.551055
vt 0.364894 0.549549
vt 0.363187 0.550809
vt 0.364345 0.549112
vt 0.362845 0.550612
vt 0.363736 0.548761
vt 0.362477 0.550468
vt 0.363083 0.548506
vt 0.362092 0.550380
vt 0.362398 0.548350
vt 0.361698 0.550351
vt 0.361698 0.548298
vt 0.361304 0.550381
vt 0.360998 0.548351
vt 0.360918 0.550469
vt 0.360313 0.548508
vt 0.360551 0.550614
vt 0.359659 0.548765
vt 0.360208 0.550811
vt 0.359051 0.549116
vt 0.359899 0.551058
vt 0.358502 0.549554
vt 0.359631 0.551348
vt 0.358025 0.550069
vt 0.359408 0.551674
vt 0.357629 0.550649
vt 0.359236 0.552030
vt 0.357324 0.551282
vt 0.359120 0.552408
vt 0.357117 0.551952
vt 0.359061 0.552798
vt 0.357013 0.552646
vt 0.359061 0.553193
vt 0.357013 0.553348
vt 0.359120 0.553584
vt 0.357117 0.554042
vt 0.359236 0.553961
vt 0.357324 0.554712
vt 0.359408 0.554317
vt 0.357629 0.555344
vt 0.359631 0.554643
vt 0.358025 0.555924
vt 0.359899 0.554932
vt 0.358502 0.556438
vt 0.360208 0.555178
vt 0.359051 0.556875
vt 0.360551 0.555375
vt 0.359659 0.557225
vt 0.360918 0.555519
vt 0.360313 0.557481
vt 0.361304 0.555607
vt 0.360998 0.557637
vt 0.361698 0.555636
vt 0.361698 0.557689
vt 0.362092 0.555606
vt 0.362398 0.557636
vt 0.362477 0.555518
vt 0.363083 0.557479
vt 0.432476 0.503201
vt 0.431449 0.503201
vt 0.431448 0.502807
vt 0.432475 0.502807
vt 0.431445 0.502421
vt 0.432472 0.502421
vt 0.431440 0.502053
vt 0.432467 0.502053
vt 0.431433 0.501711
vt 0.432460 0.501711
vt 0.431425 0.501402
vt 0.432451 0.501402
vt 0.430397 0.505279
vt 0.429370 0.505279
vt 0.429370 0.504990
vt 0.430397 0.504990
vt 0.429370 0.504663
vt 0.430397 0.504663
vt 0.429370 0.504307
vt 0.430397 0.504307
vt 0.429370 0.503929
vt 0.430397 0.503929
vt 0.429370 0.503538
vt 0.430397 0.503538
vt 0.429370 0.503143
vt 0.430397 0.503143
vt 0.429370 0.502752
vt 0.430397 0.502752
vt 0.429370 0.502375
vt 0.430397 0.502375
vt 0.429370 0.502018
vt 0.430397 0.502018
vt 0.429370 0.501692
vt 0.430397 0.501692
vt 0.429370 0.501402
vt 0.430397 0.501402
vt 0.432476 0.501402
vt 0.433503 0.501402
vt 0.433511 0.501711
vt 0.432485 0.501711
vt 0.433518 0.502053
vt 0.432492 0.502053
vt 0.433524 0.502421
vt 0.432497 0.502421
vt 0.433527 0.502807
vt 0.432500 0.502807
vt 0.433528 0.503201
vt 0.432501 0.503201
vt 0.433527 0.503595
vt 0.432500 0.503595
vt 0.433524 0.503980
vt 0.432497 0.503980
vt 0.433518 0.504348
vt 0.432492 0.504348
vt 0.433511 0.504691
vt 0.432485 0.504691
vt 0.433503 0.505000
vt 0.432476 0.505000
vt 0.431425 0.505279
vt 0.430397 0.504990
vt 0.431425 0.504990
vt 0.430397 0.504663
vt 0.431425 0.504663
vt 0.431425 0.504307
vt 0.430397 0.503929
vt 0.431425 0.503929
vt 0.431425 0.503538
vt 0.431425 0.503143
vt 0.431425 0.502752
vt 0.431425 0.502375
vt 0.431425 0.502018
vt 0.430397 0.501692
vt 0.431425 0.501692
vt 0.430397 0.501402
vt 0.432451 0.505000
vt 0.431425 0.505000
vt 0.431433 0.504691
vt 0.432460 0.504691
vt 0.431440 0.504348
vt 0.432467 0.504348
vt 0.431445 0.503980
vt 0.432472 0.503980
vt 0.431448 0.503595
vt 0.432475 0.503595
vt 0.363908 0.557577
vt 0.364569 0.557195
vt 0.365166 0.556719
vt 0.365685 0.556159
vt 0.366116 0.555528
vt 0.366447 0.554840
vt 0.366672 0.554111
vt 0.366786 0.553356
vt 0.366786 0.552593
vt 0.366672 0.551838
vt 0.366447 0.551109
vt 0.366116 0.550422
vt 0.365685 0.549792
vt 0.365166 0.549233
vt 0.364569 0.548758
vt 0.363908 0.548377
vt 0.363197 0.548098
vt 0.362452 0.547929
vt 0.361691 0.547873
vt 0.360929 0.547930
vt 0.360185 0.548101
vt 0.359474 0.548380
vt 0.358813 0.548762
vt 0.358216 0.549239
vt 0.357696 0.549799
vt 0.357266 0.550429
vt 0.356935 0.551117
vt 0.356710 0.551847
vt 0.356596 0.552601
vt 0.356596 0.553364
vt 0.356710 0.554119
vt 0.356935 0.554848
vt 0.357266 0.555535
vt 0.357696 0.556165
vt 0.358216 0.556724
vt 0.358813 0.557200
vt 0.359474 0.557581
vt 0.360185 0.557859
vt 0.360929 0.558028
vt 0.361691 0.558085
vt 0.362452 0.558027
vt 0.363197 0.557856
vt 0.364487 0.558779
vt 0.365321 0.558297
vt 0.366074 0.557696
vt 0.366729 0.556990
vt 0.367272 0.556194
vt 0.367690 0.555327
vt 0.367974 0.554407
vt 0.368117 0.553455
vt 0.368117 0.552492
vt 0.367974 0.551540
vt 0.367690 0.550621
vt 0.367272 0.549754
vt 0.366729 0.548959
vt 0.366074 0.548254
vt 0.365321 0.547655
vt 0.364487 0.547174
vt 0.363590 0.546823
vt 0.362651 0.546610
vt 0.361691 0.546538
vt 0.360730 0.546611
vt 0.359791 0.546826
vt 0.358895 0.547179
vt 0.358060 0.547661
vt 0.357307 0.548261
vt 0.356652 0.548967
vt 0.356110 0.549763
vt 0.355692 0.550631
vt 0.355408 0.551551
vt 0.355264 0.552503
vt 0.355264 0.553465
vt 0.355408 0.554417
vt 0.355692 0.555337
vt 0.356110 0.556203
vt 0.356652 0.556998
vt 0.357307 0.557703
vt 0.358060 0.558303
vt 0.358895 0.558783
vt 0.359791 0.559134
vt 0.360730 0.559348
vt 0.361691 0.559419
vt 0.362651 0.559346
vt 0.363590 0.559131
vt 0.364672 0.559163
vt 0.365560 0.558651
vt 0.366361 0.558012
vt 0.367058 0.557260
vt 0.367635 0.556414
vt 0.368079 0.555491
vt 0.368381 0.554512
vt 0.368534 0.553500
vt 0.368534 0.552476
vt 0.368381 0.551463
vt 0.368079 0.550485
vt 0.367635 0.549563
vt 0.367058 0.548718
vt 0.366361 0.547968
vt 0.365560 0.547330
vt 0.364672 0.546819
vt 0.363719 0.546445
vt 0.362720 0.546218
vt 0.361698 0.546143
vt 0.360676 0.546220
vt 0.359677 0.546449
vt 0.358724 0.546824
vt 0.357836 0.547336
vt 0.357035 0.547975
vt 0.356338 0.548727
vt 0.355761 0.549573
vt 0.355316 0.550496
vt 0.355014 0.551475
vt 0.354862 0.552487
vt 0.354862 0.553511
vt 0.355014 0.554523
vt 0.355316 0.555502
vt 0.355761 0.556424
vt 0.356338 0.557269
vt 0.357035 0.558019
vt 0.357836 0.558657
vt 0.358723 0.559168
vt 0.359677 0.559542
vt 0.360676 0.559769
vt 0.361698 0.559844
vt 0.362720 0.559767
vt 0.363719 0.559538
vt 0.250621 0.544333
vt 0.252010 0.543225
vt 0.253549 0.542336
vt 0.255203 0.541687
vt 0.256936 0.541291
vt 0.258708 0.541159
vt 0.260480 0.541291
vt 0.262213 0.541687
vt 0.263867 0.542336
vt 0.265406 0.543225
vt 0.266796 0.544333
vt 0.268004 0.545636
vt 0.269006 0.547104
vt 0.269777 0.548705
vt 0.270300 0.550403
vt 0.270565 0.552161
vt 0.270565 0.553938
vt 0.270300 0.555695
vt 0.269777 0.557393
vt 0.269006 0.558994
vt 0.268004 0.560463
vt 0.266796 0.561765
vt 0.265406 0.562874
vt 0.263867 0.563762
vt 0.262213 0.564411
vt 0.260480 0.564807
vt 0.258708 0.564940
vt 0.256936 0.564807
vt 0.255203 0.564411
vt 0.253549 0.563762
vt 0.252010 0.562874
vt 0.250621 0.561765
vt 0.249412 0.560463
vt 0.248411 0.558994
vt 0.247640 0.557393
vt 0.247116 0.555695
vt 0.246851 0.553938
vt 0.246851 0.552161
vt 0.247116 0.550403
vt 0.247640 0.548705
vt 0.248411 0.547104
vt 0.249412 0.545636
vt 0.366851 0.563682
vt 0.368389 0.562793
vt 0.369779 0.561685
vt 0.370987 0.560382
vt 0.371988 0.558914
vt 0.372759 0.557314
vt 0.373283 0.555617
vt 0.373548 0.553861
vt 0.373548 0.552085
vt 0.373283 0.550329
vt 0.372759 0.548633
vt 0.371988 0.547034
vt 0.370987 0.545568
vt 0.369779 0.544267
vt 0.368389 0.543161
vt 0.366851 0.542275
vt 0.365197 0.541627
vt 0.363465 0.541234
vt 0.361693 0.541102
vt 0.359921 0.541237
vt 0.358189 0.541633
vt 0.356535 0.542283
vt 0.354996 0.543172
vt 0.353607 0.544280
vt 0.352398 0.545583
vt 0.351397 0.547051
vt 0.350626 0.548651
vt 0.350103 0.550349
vt 0.349838 0.552105
vt 0.349838 0.553880
vt 0.350103 0.555636
vt 0.350626 0.557332
vt 0.351397 0.558931
vt 0.352398 0.560398
vt 0.353607 0.561698
vt 0.354996 0.562804
vt 0.356535 0.563691
vt 0.358189 0.564338
vt 0.359921 0.564732
vt 0.361693 0.564863
vt 0.363465 0.564729
vt 0.365197 0.564332
vt 0.242864 0.535974
vt 0.245586 0.533803
vt 0.248601 0.532062
vt 0.251842 0.530791
vt 0.255236 0.530016
vt 0.258708 0.529756
vt 0.262180 0.530016
vt 0.265574 0.530790
vt 0.268815 0.532062
vt 0.271830 0.533803
vt 0.274552 0.535974
vt 0.276920 0.538526
vt 0.278881 0.541402
vt 0.280391 0.544539
vt 0.281418 0.547866
vt 0.281937 0.551308
vt 0.281937 0.554790
vt 0.281418 0.558232
vt 0.280391 0.561559
vt 0.278881 0.564696
vt 0.276920 0.567572
vt 0.274552 0.570125
vt 0.271830 0.572295
vt 0.268815 0.574036
vt 0.265574 0.575308
vt 0.262180 0.576083
vt 0.258708 0.576343
vt 0.255236 0.576083
vt 0.251842 0.575308
vt 0.248601 0.574036
vt 0.245586 0.572295
vt 0.242864 0.570125
vt 0.240496 0.567572
vt 0.238535 0.564696
vt 0.237025 0.561559
vt 0.235999 0.558232
vt 0.235480 0.554790
vt 0.235480 0.551308
vt 0.235999 0.547866
vt 0.237025 0.544539
vt 0.238535 0.541402
vt 0.240496 0.538526
vt 0.371797 0.573943
vt 0.374812 0.572201
vt 0.377533 0.570030
vt 0.379901 0.567478
vt 0.381861 0.564603
vt 0.383372 0.561467
vt 0.384398 0.558143
vt 0.384916 0.554703
vt 0.384916 0.551224
vt 0.384398 0.547785
vt 0.383372 0.544462
vt 0.381861 0.541329
vt 0.379901 0.538457
vt 0.377533 0.535909
vt 0.374812 0.533742
vt 0.371797 0.532005
vt 0.368557 0.530737
vt 0.365164 0.529966
vt 0.361693 0.529709
vt 0.358222 0.529972
vt 0.354828 0.530749
vt 0.351588 0.532022
vt 0.348574 0.533764
vt 0.345852 0.535935
vt 0.343485 0.538487
vt 0.341524 0.541363
vt 0.340014 0.544498
vt 0.338988 0.547823
vt 0.338469 0.551263
vt 0.338469 0.554741
vt 0.338988 0.558180
vt 0.340014 0.561503
vt 0.341524 0.564636
vt 0.343485 0.567508
vt 0.345852 0.570056
vt 0.348574 0.572223
vt 0.351588 0.573960
vt 0.354828 0.575228
vt 0.358222 0.575999
vt 0.361693 0.576256
vt 0.365164 0.575993
vt 0.368557 0.575216
vt 0.228191 0.520159
vt 0.233434 0.515978
vt 0.239241 0.512625
vt 0.245483 0.510176
vt 0.252021 0.508683
vt 0.258708 0.508182
vt 0.265395 0.508683
vt 0.271933 0.510176
vt 0.278175 0.512625
vt 0.283983 0.515978
vt 0.289225 0.520159
vt 0.293786 0.525075
vt 0.297564 0.530616
vt 0.300474 0.536657
vt 0.302450 0.543065
vt 0.303450 0.549696
vt 0.303450 0.556402
vt 0.302450 0.563033
vt 0.300474 0.569441
vt 0.297564 0.575483
vt 0.293787 0.581023
vt 0.289225 0.585939
vt 0.283983 0.590120
vt 0.278175 0.593473
vt 0.271933 0.595923
vt 0.265395 0.597415
vt 0.258708 0.597916
vt 0.252021 0.597415
vt 0.245483 0.595923
vt 0.239241 0.593473
vt 0.233434 0.590120
vt 0.228191 0.585939
vt 0.223630 0.581023
vt 0.219852 0.575483
vt 0.216943 0.569441
vt 0.214966 0.563033
vt 0.213967 0.556402
vt 0.213967 0.549696
vt 0.214966 0.543065
vt 0.216943 0.536657
vt 0.219852 0.530616
vt 0.223630 0.525075
vt 0.381162 0.593369
vt 0.386969 0.590014
vt 0.392210 0.585833
vt 0.396771 0.580917
vt 0.400547 0.575378
vt 0.403456 0.569339
vt 0.405433 0.562935
vt 0.406432 0.556309
vt 0.406432 0.549609
vt 0.405433 0.542985
vt 0.403456 0.536584
vt 0.400547 0.530550
vt 0.396771 0.525017
vt 0.392211 0.520110
vt 0.386969 0.515937
vt 0.381162 0.512591
vt 0.374921 0.510149
vt 0.368385 0.508663
vt 0.361699 0.508168
vt 0.355014 0.508674
vt 0.348477 0.510171
vt 0.342236 0.512624
vt 0.336430 0.515978
vt 0.331188 0.520160
vt 0.326628 0.525075
vt 0.322851 0.530614
vt 0.319942 0.536653
vt 0.317966 0.543057
vt 0.316967 0.549683
vt 0.316967 0.556383
vt 0.317966 0.563008
vt 0.319942 0.569409
vt 0.322851 0.575443
vt 0.326628 0.580975
vt 0.331188 0.585883
vt 0.336430 0.590056
vt 0.342236 0.593401
vt 0.348477 0.595844
vt 0.355014 0.597330
vt 0.361699 0.597825
vt 0.368385 0.597319
vt 0.374921 0.595822
vt 0.184670 0.596187
vt 0.184503 0.595942
vt 0.190536 0.591127
vt 0.190740 0.591343
vt 0.195785 0.585467
vt 0.196020 0.585650
vt 0.200132 0.579090
vt 0.200392 0.579234
vt 0.203480 0.572137
vt 0.203760 0.572240
vt 0.205754 0.564763
vt 0.206048 0.564822
vt 0.206904 0.557135
vt 0.207205 0.557148
vt 0.206904 0.549421
vt 0.207205 0.549389
vt 0.205754 0.541795
vt 0.206048 0.541717
vt 0.203480 0.534426
vt 0.203760 0.534304
vt 0.200132 0.527480
vt 0.200392 0.527316
vt 0.195785 0.521111
vt 0.196019 0.520909
vt 0.190536 0.515462
vt 0.190739 0.515226
vt 0.184503 0.510658
vt 0.184670 0.510394
vt 0.177820 0.506808
vt 0.177948 0.506521
vt 0.170637 0.503997
vt 0.170722 0.503693
vt 0.163114 0.502288
vt 0.163154 0.501974
vt 0.155419 0.501719
vt 0.155413 0.501402
vt 0.147724 0.502303
vt 0.147672 0.501989
vt 0.140201 0.504027
vt 0.140104 0.503724
vt 0.133018 0.506852
vt 0.132878 0.506566
vt 0.126335 0.510716
vt 0.126155 0.510452
vt 0.120302 0.515531
vt 0.120086 0.515296
vt 0.115053 0.521191
vt 0.114806 0.520990
vt 0.110706 0.527568
vt 0.110433 0.527405
vt 0.107358 0.534521
vt 0.107065 0.534400
vt 0.105084 0.541894
vt 0.104777 0.541817
vt 0.103934 0.549523
vt 0.103620 0.549491
vt 0.103934 0.557237
vt 0.103620 0.557251
vt 0.105084 0.564863
vt 0.104777 0.564923
vt 0.107358 0.572232
vt 0.107065 0.572335
vt 0.110706 0.579178
vt 0.110433 0.579323
vt 0.115053 0.585547
vt 0.114806 0.585730
vt 0.120302 0.591196
vt 0.120086 0.591413
vt 0.126335 0.596000
vt 0.126155 0.596245
vt 0.133018 0.599850
vt 0.132878 0.600118
vt 0.140201 0.602661
vt 0.140104 0.602946
vt 0.147724 0.604370
vt 0.147672 0.604665
vt 0.155419 0.604939
vt 0.155413 0.605237
vt 0.163114 0.604355
vt 0.163154 0.604650
vt 0.170637 0.602631
vt 0.170722 0.602916
vt 0.177820 0.599806
vt 0.177948 0.600074
vt 0.223579 0.515189
vt 0.229614 0.510376
vt 0.236299 0.506517
vt 0.243485 0.503697
vt 0.251010 0.501979
vt 0.258708 0.501402
vt 0.266406 0.501979
vt 0.273931 0.503697
vt 0.281117 0.506517
vt 0.287802 0.510376
vt 0.293837 0.515189
vt 0.299087 0.520848
vt 0.303436 0.527226
vt 0.306785 0.534180
vt 0.309060 0.541557
vt 0.310211 0.549190
vt 0.310211 0.556909
vt 0.309060 0.564542
vt 0.306785 0.571918
vt 0.303436 0.578873
vt 0.299088 0.585251
vt 0.293837 0.590909
vt 0.287802 0.595722
vt 0.281117 0.599582
vt 0.273931 0.602402
vt 0.266406 0.604119
vt 0.258708 0.604696
vt 0.251011 0.604119
vt 0.243485 0.602402
vt 0.236299 0.599582
vt 0.229614 0.595722
vt 0.223579 0.590909
vt 0.218329 0.585251
vt 0.213980 0.578873
vt 0.210631 0.571918
vt 0.208356 0.564542
vt 0.207205 0.556909
vt 0.207205 0.549190
vt 0.208356 0.541557
vt 0.210631 0.534180
vt 0.213980 0.527226
vt 0.218329 0.520848
vt 0.384108 0.599479
vt 0.390791 0.595617
vt 0.396825 0.590803
vt 0.402075 0.585145
vt 0.406422 0.578769
vt 0.409771 0.571817
vt 0.412046 0.564446
vt 0.413196 0.556818
vt 0.413196 0.549106
vt 0.412046 0.541480
vt 0.409771 0.534112
vt 0.406422 0.527166
vt 0.402075 0.520797
vt 0.396825 0.515148
vt 0.390791 0.510344
vt 0.384108 0.506494
vt 0.376924 0.503682
vt 0.369399 0.501972
vt 0.361703 0.501402
vt 0.354007 0.501985
vt 0.346483 0.503707
vt 0.339299 0.506531
vt 0.332615 0.510393
vt 0.326581 0.515206
vt 0.321332 0.520864
vt 0.316985 0.527240
vt 0.313636 0.534192
vt 0.311361 0.541564
vt 0.310211 0.549191
vt 0.310211 0.556904
vt 0.311361 0.564529
vt 0.313636 0.571897
vt 0.316985 0.578843
vt 0.321332 0.585212
vt 0.326581 0.590861
vt 0.332615 0.595665
vt 0.339299 0.599516
vt 0.346483 0.602327
vt 0.354007 0.604037
vt 0.361703 0.604607
vt 0.369399 0.604025
vt 0.376924 0.602302
vt 0.044112 0.502287
vt 0.044067 0.501982
vt 0.051810 0.501402
vt 0.051810 0.501710
vt 0.059554 0.501982
vt 0.059508 0.502287
vt 0.067124 0.503710
vt 0.067033 0.504005
vt 0.074353 0.506547
vt 0.074219 0.506825
vt 0.081078 0.510430
vt 0.080904 0.510684
vt 0.087149 0.515271
vt 0.086939 0.515497
vt 0.092430 0.520964
vt 0.092189 0.521156
vt 0.096805 0.527380
vt 0.096538 0.527534
vt 0.100174 0.534376
vt 0.099887 0.534488
vt 0.102463 0.541796
vt 0.102162 0.541865
vt 0.103620 0.549475
vt 0.103313 0.549498
vt 0.103620 0.557240
vt 0.103313 0.557217
vt 0.102463 0.564918
vt 0.102162 0.564850
vt 0.100174 0.572339
vt 0.099887 0.572226
vt 0.096805 0.579335
vt 0.096538 0.579181
vt 0.092430 0.585751
vt 0.092189 0.585559
vt 0.087149 0.591443
vt 0.086939 0.591217
vt 0.081078 0.596285
vt 0.080904 0.596030
vt 0.074353 0.600167
vt 0.074219 0.599890
vt 0.067124 0.603004
vt 0.067033 0.602710
vt 0.059554 0.604732
vt 0.059508 0.604428
vt 0.051810 0.605313
vt 0.051810 0.605004
vt 0.044067 0.604732
vt 0.044112 0.604428
vt 0.036496 0.603004
vt 0.036587 0.602710
vt 0.029267 0.600167
vt 0.029401 0.599890
vt 0.022543 0.596285
vt 0.022716 0.596030
vt 0.016471 0.591443
vt 0.016681 0.591217
vt 0.011190 0.585751
vt 0.011431 0.585559
vt 0.006815 0.579335
vt 0.007082 0.579181
vt 0.003446 0.572339
vt 0.003733 0.572226
vt 0.001157 0.564918
vt 0.001458 0.564850
vt 0.000000 0.557240
vt 0.000307 0.557217
vt 0.000000 0.549475
vt 0.000307 0.549498
vt 0.001157 0.541796
vt 0.001458 0.541865
vt 0.003446 0.534376
vt 0.003733 0.534488
vt 0.006815 0.527380
vt 0.007082 0.527534
vt 0.011190 0.520964
vt 0.011431 0.521156
vt 0.016471 0.515271
vt 0.016681 0.515497
vt 0.022543 0.510430
vt 0.022716 0.510684
vt 0.029268 0.506547
vt 0.029401 0.506825
vt 0.036496 0.503710
vt 0.036587 0.504005
s 1
f 2345/2387/1521 2337/2388/1521 2356/2389/1521 2364/2390/1521
f 2364/2390/1522 2356/2389/1522 2375/2391/1522 2383/2392/1522
f 2383/2392/1523 2375/2391/1523 2394/2393/1523 2402/2394/1523
f 2402/2394/1524 2394/2393/1524 2413/2395/1524 2421/2396/1524
f 2421/2396/1525 2413/2395/1525 2432/2397/1525 2440/2398/1525
f 2440/2398/1526 2432/2397/1526 2451/2399/1526 2459/2400/1526
f 2459/2400/1527 2451/2399/1527 2470/2401/1527 2478/2402/1527
f 2478/2402/1528 2470/2401/1528 2489/2403/1528 2497/2404/1528
f 2497/2404/1529 2489/2403/1529 2508/2405/1529 2516/2406/1529
f 2516/2406/1530 2508/2405/1530 2527/2407/1530 2535/2408/1530
f 2535/2408/1531 2527/2407/1531 2546/2409/1531 2554/2410/1531
f 2554/2410/1532 2546/2409/1532 2565/2411/1532 2573/2412/1532
f 2573/2412/1533 2565/2411/1533 2584/2413/1533 2592/2414/1533
f 2592/2414/1534 2584/2413/1534 2603/2415/1534 2611/2416/1534
f 2611/2416/1535 2603/2415/1535 2622/2417/1535 2630/2418/1535
f 2630/2418/1536 2622/2417/1536 2641/2419/1536 2649/2420/1536
f 2649/2420/1537 2641/2419/1537 2660/2421/1537 2668/2422/1537
f 2668/2422/1538 2660/2421/1538 2679/2423/1538 2687/2424/1538
f 2687/2424/1539 2679/2423/1539 2698/2425/1539 2706/2426/1539
f 2706/2426/1540 2698/2425/1540 2717/2427/1540 2725/2428/1540
f 2725/2428/1541 2717/2427/1541 2736/2429/1541 2744/2430/1541
f 2744/2430/1542 2736/2429/1542 2755/2431/1542 2763/2432/1542
f 2763/2432/1543 2755/2431/1543 2774/2433/1543 2782/2434/1543
f 2782/2434/1544 2774/2433/1544 2793/2435/1544 2801/2436/1544
f 2801/2436/1545 2793/2435/1545 2812/2437/1545 2820/2438/1545
f 2820/2438/1546 2812/2437/1546 2831/2439/1546 2839/2440/1546
f 2839/2440/1547 2831/2439/1547 2850/2441/1547 2858/2442/1547
f 2858/2442/1548 2850/2441/1548 2869/2443/1548 2877/2444/1548
f 2877/2444/1549 2869/2443/1549 2888/2445/1549 2896/2446/1549
f 2896/2446/1550 2888/2445/1550 2907/2447/1550 2915/2448/1550
f 2915/2448/1551 2907/2447/1551 2926/2449/1551 2934/2450/1551
f 2934/2450/1552 2926/2449/1552 2945/2451/1552 2953/2452/1552
f 2953/2452/1553 2945/2451/1553 2964/2453/1553 2972/2454/1553
f 2972/2454/1554 2964/2453/1554 2983/2455/1554 2991/2456/1554
f 2991/2456/1555 2983/2455/1555 3002/2457/1555 3010/2458/1555
f 3010/2458/1556 3002/2457/1556 3021/2459/1556 3029/2460/1556
f 3029/2460/1557 3021/2459/1557 3040/2461/1557 3048/2462/1557
f 3048/2462/1558 3040/2461/1558 3059/2463/1558 3067/2464/1558
f 3067/2464/1559 3059/2463/1559 3078/2465/1559 3086/2466/1559
f 3086/2466/1560 3078/2465/1560 3097/2467/1560 3105/2468/1560
f 3105/2468/1561 3097/2467/1561 3116/2469/1561 3124/2470/1561
f 3124/2470/1562 3116/2469/1562 2337/2388/1562 2345/2387/1562
f 2337/2388/1563 2342/2471/1563 2361/2472/1563 2356/2389/1563
f 2356/2389/1563 2361/2472/1563 2380/2473/1563 2375/2391/1563
f 2375/2391/1563 2380/2473/1563 2399/2474/1563 2394/2393/1563
f 2394/2393/1563 2399/2474/1563 2418/2475/1563 2413/2395/1563
f 2413/2395/1563 2418/2475/1563 2437/2476/1563 2432/2397/1563
f 2432/2397/1563 2437/2476/1563 2456/2477/1563 2451/2399/1563
f 2451/2399/1563 2456/2477/1563 2475/2478/1563 2470/2401/1563
f 2470/2401/1563 2475/2478/1563 2494/2479/1563 2489/2403/1563
f 2489/2403/1563 2494/2479/1563 2513/2480/1563 2508/2405/1563
f 2508/2405/1563 2513/2480/1563 2532/2481/1563 2527/2407/1563
f 2527/2407/1563 2532/2481/1563 2551/2482/1563 2546/2409/1563
f 2546/2409/1563 2551/2482/1563 2570/2483/1563 2565/2411/1563
f 2565/2411/1563 2570/2483/1563 2589/2484/1563 2584/2413/1563
f 2584/2413/1563 2589/2484/1563 2608/2485/1563 2603/2415/1563
f 2603/2415/1563 2608/2485/1563 2627/2486/1563 2622/2417/1563
f 2622/2417/1563 2627/2486/1563 2646/2487/1563 2641/2419/1563
f 2641/2419/1563 2646/2487/1563 2665/2488/1563 2660/2421/1563
f 2660/2421/1563 2665/2488/1563 2684/2489/1563 2679/2423/1563
f 2679/2423/1563 2684/2489/1563 2703/2490/1563 2698/2425/1563
f 2698/2425/1563 2703/2490/1563 2722/2491/1563 2717/2427/1563
f 2717/2427/1563 2722/2491/1563 2741/2492/1563 2736/2429/1563
f 2736/2429/1563 2741/2492/1563 2760/2493/1563 2755/2431/1563
f 2755/2431/1563 2760/2493/1563 2779/2494/1563 2774/2433/1563
f 2774/2433/1563 2779/2494/1563 2798/2495/1563 2793/2435/1563
f 2793/2435/1563 2798/2495/1563 2817/2496/1563 2812/2437/1563
f 2812/2437/1563 2817/2496/1563 2836/2497/1563 2831/2439/1563
f 2831/2439/1563 2836/2497/1563 2855/2498/1563 2850/2441/1563
f 2850/2441/1563 2855/2498/1563 2874/2499/1563 2869/2443/1563
f 2869/2443/1563 2874/2499/1563 2893/2500/1563 2888/2445/1563
f 2888/2445/1563 2893/2500/1563 2912/2501/1563 2907/2447/1563
f 2907/2447/1563 2912/2501/1563 2931/2502/1563 2926/2449/1563
f 2926/2449/1563 2931/2502/1563 2950/2503/1563 2945/2451/1563
f 2945/2451/1563 2950/2503/1563 2969/2504/1563 2964/2453/1563
f 2964/2453/1563 2969/2504/1563 2988/2505/1563 2983/2455/1563
f 2983/2455/1563 2988/2505/1563 3007/2506/1563 3002/2457/1563
f 3002/2457/1563 3007/2506/1563 3026/2507/1563 3021/2459/1563
f 3021/2459/1563 3026/2507/1563 3045/2508/1563 3040/2461/1563
f 3040/2461/1563 3045/2508/1563 3064/2509/1563 3059/2463/1563
f 3059/2463/1563 3064/2509/1563 3083/2510/1563 3078/2465/1563
f 3078/2465/1563 3083/2510/1563 3102/2511/1563 3097/2467/1563
f 3097/2467/1563 3102/2511/1563 3121/2512/1563 3116/2469/1563
f 3116/2469/1563 3121/2512/1563 2342/2471/1563 2337/2388/1563
f 2339/2513/1563 2343/2514/1563 2362/2515/1563 2358/2516/1563
f 2358/2516/1563 2362/2515/1563 2381/2517/1563 2377/2518/1563
f 2377/2518/1563 2381/2517/1563 2400/2519/1563 2396/2520/1563
f 2396/2520/1563 2400/2519/1563 2419/2521/1563 2415/2522/1563
f 2415/2522/1563 2419/2521/1563 2438/2523/1563 2434/2524/1563
f 2434/2524/1563 2438/2523/1563 2457/2525/1563 2453/2526/1563
f 2453/2526/1563 2457/2525/1563 2476/2527/1563 2472/2528/1563
f 2472/2528/1563 2476/2527/1563 2495/2529/1563 2491/2530/1563
f 2491/2530/1563 2495/2529/1563 2514/2531/1563 2510/2532/1563
f 2510/2532/1563 2514/2531/1563 2533/2533/1563 2529/2534/1563
f 2529/2534/1563 2533/2533/1563 2552/2535/1563 2548/2536/1563
f 2548/2536/1563 2552/2535/1563 2571/2537/1563 2567/2538/1563
f 2567/2538/1563 2571/2537/1563 2590/2539/1563 2586/2540/1563
f 2586/2540/1563 2590/2539/1563 2609/2541/1563 2605/2542/1563
f 2605/2542/1563 2609/2541/1563 2628/2543/1563 2624/2544/1563
f 2624/2544/1563 2628/2543/1563 2647/2545/1563 2643/2546/1563
f 2643/2546/1563 2647/2545/1563 2666/2547/1563 2662/2548/1563
f 2662/2548/1563 2666/2547/1563 2685/2549/1563 2681/2550/1563
f 2681/2550/1563 2685/2549/1563 2704/2551/1563 2700/2552/1563
f 2700/2552/1563 2704/2551/1563 2723/2553/1563 2719/2554/1563
f 2719/2554/1563 2723/2553/1563 2742/2555/1563 2738/2556/1563
f 2738/2556/1563 2742/2555/1563 2761/2557/1563 2757/2558/1563
f 2757/2558/1563 2761/2557/1563 2780/2559/1563 2776/2560/1563
f 2776/2560/1563 2780/2559/1563 2799/2561/1563 2795/2562/1563
f 2795/2562/1563 2799/2561/1563 2818/2563/1563 2814/2564/1563
f 2814/2564/1563 2818/2563/1563 2837/2565/1563 2833/2566/1563
f 2833/2566/1563 2837/2565/1563 2856/2567/1563 2852/2568/1563
f 2852/2568/1563 2856/2567/1563 2875/2569/1563 2871/2570/1563
f 2871/2570/1563 2875/2569/1563 2894/2571/1563 2890/2572/1563
f 2890/2572/1563 2894/2571/1563 2913/2573/1563 2909/2574/1563
f 2909/2574/1563 2913/2573/1563 2932/2575/1563 2928/2576/1563
f 2928/2576/1563 2932/2575/1563 2951/2577/1563 2947/2578/1563
f 2947/2578/1563 2951/2577/1563 2970/2579/1563 2966/2580/1563
f 2966/2580/1563 2970/2579/1563 2989/2581/1563 2985/2582/1563
f 2985/2582/1563 2989/2581/1563 3008/2583/1563 3004/2584/1563
f 3004/2584/1563 3008/2583/1563 3027/2585/1563 3023/2586/1563
f 3023/2586/1563 3027/2585/1563 3046/2587/1563 3042/2588/1563
f 3042/2588/1563 3046/2587/1563 3065/2589/1563 3061/2590/1563
f 3061/2590/1563 3065/2589/1563 3084/2591/1563 3080/2592/1563
f 3080/2592/1563 3084/2591/1563 3103/2593/1563 3099/2594/1563
f 3099/2594/1563 3103/2593/1563 3122/2595/1563 3118/2596/1563
f 3118/2596/1563 3122/2595/1563 2343/2514/1563 2339/2513/1563
f 2344/2597/1564 2340/2598/1564 2359/2599/1564 2363/2600/1564
f 2363/2600/1564 2359/2599/1564 2378/2601/1564 2382/2602/1564
f 2382/2602/1564 2378/2601/1564 2397/2603/1564 2401/2604/1564
f 2401/2604/1564 2397/2603/1564 2416/2605/1564 2420/2606/1564
f 2420/2606/1564 2416/2605/1564 2435/2607/1564 2439/2608/1564
f 2439/2608/1564 2435/2607/1564 2454/2609/1564 2458/2610/1564
f 2458/2610/1564 2454/2609/1564 2473/2611/1564 2477/2612/1564
f 2477/2612/1564 2473/2611/1564 2492/2613/1564 2496/2614/1564
f 2496/2614/1564 2492/2613/1564 2511/2615/1564 2515/2616/1564
f 2515/2616/1564 2511/2615/1564 2530/2617/1564 2534/2618/1564
f 2534/2618/1564 2530/2617/1564 2549/2619/1564 2553/2620/1564
f 2553/2620/1564 2549/2619/1564 2568/2621/1564 2572/2622/1564
f 2572/2622/1564 2568/2621/1564 2587/2623/1564 2591/2624/1564
f 2591/2624/1564 2587/2623/1564 2606/2625/1564 2610/2626/1564
f 2610/2626/1564 2606/2625/1564 2625/2627/1564 2629/2628/1564
f 2629/2628/1564 2625/2627/1564 2644/2629/1564 2648/2630/1564
f 2648/2630/1564 2644/2629/1564 2663/2631/1564 2667/2632/1564
f 2667/2632/1564 2663/2631/1564 2682/2633/1564 2686/2634/1564
f 2686/2634/1564 2682/2633/1564 2701/2635/1564 2705/2636/1564
f 2705/2636/1564 2701/2635/1564 2720/2637/1564 2724/2638/1564
f 2724/2638/1564 2720/2637/1564 2739/2639/1564 2743/2640/1564
f 2743/2640/1564 2739/2639/1564 2758/2641/1564 2762/2642/1564
f 2762/2642/1564 2758/2641/1564 2777/2643/1564 2781/2644/1564
f 2781/2644/1564 2777/2643/1564 2796/2645/1564 2800/2646/1564
f 2800/2646/1564 2796/2645/1564 2815/2647/1564 2819/2648/1564
f 2819/2648/1564 2815/2647/1564 2834/2649/1564 2838/2650/1564
f 2838/2650/1564 2834/2649/1564 2853/2651/1564 2857/2652/1564
f 2857/2652/1564 2853/2651/1564 2872/2653/1564 2876/2654/1564
f 2876/2654/1564 2872/2653/1564 2891/2655/1564 2895/2656/1564
f 2895/2656/1564 2891/2655/1564 2910/2657/1564 2914/2658/1564
f 2914/2658/1564 2910/2657/1564 2929/2659/1564 2933/2660/1564
f 2933/2660/1564 2929/2659/1564 2948/2661/1564 2952/2662/1564
f 2952/2662/1564 2948/2661/1564 2967/2663/1564 2971/2664/1564
f 2971/2664/1564 2967/2663/1564 2986/2665/1564 2990/2666/1564
f 2990/2666/1564 2986/2665/1564 3005/2667/1564 3009/2668/1564
f 3009/2668/1564 3005/2667/1564 3024/2669/1564 3028/2670/1564
f 3028/2670/1564 3024/2669/1564 3043/2671/1564 3047/2672/1564
f 3047/2672/1564 3043/2671/1564 3062/2673/1564 3066/2674/1564
f 3066/2674/1564 3062/2673/1564 3081/2675/1564 3085/2676/1564
f 3085/2676/1564 3081/2675/1564 3100/2677/1564 3104/2678/1564
f 3104/2678/1564 3100/2677/1564 3119/2679/1564 3123/2680/1564
f 3123/2680/1564 3119/2679/1564 2340/2598/1564 2344/2597/1564
f 2343/2681/1565 2344/2682/1565 2363/2683/1565 2362/2684/1565
f 2362/2684/1566 2363/2683/1566 2382/2685/1566 2381/2686/1566
f 2381/2686/1567 2382/2685/1567 2401/2687/1567 2400/2688/1567
f 2400/2688/1568 2401/2687/1568 2420/2689/1568 2419/2690/1568
f 2419/2690/1569 2420/2689/1569 2439/2691/1569 2438/2692/1569
f 2438/2693/1570 2439/2694/1570 2458/2695/1570 2457/2696/1570
f 2457/2696/1571 2458/2695/1571 2477/2697/1571 2476/2698/1571
f 2476/2698/1572 2477/2697/1572 2496/2699/1572 2495/2700/1572
f 2495/2700/1573 2496/2699/1573 2515/2701/1573 2514/2702/1573
f 2514/2702/1574 2515/2701/1574 2534/2703/1574 2533/2704/1574
f 2533/2704/1575 2534/2703/1575 2553/2705/1575 2552/2706/1575
f 2552/2706/1576 2553/2705/1576 2572/2707/1576 2571/2708/1576
f 2571/2708/1577 2572/2707/1577 2591/2709/1577 2590/2710/1577
f 2590/2710/1578 2591/2709/1578 2610/2711/1578 2609/2712/1578
f 2609/2712/1579 2610/2711/1579 2629/2713/1579 2628/2714/1579
f 2628/2714/1580 2629/2713/1580 2648/2715/1580 2647/2716/1580
f 2647/2717/1581 2648/2718/1581 2667/2719/1581 2666/2720/1581
f 2666/2720/1582 2667/2719/1582 2686/2721/1582 2685/2722/1582
f 2685/2722/1583 2686/2721/1583 2705/2723/1583 2704/2724/1583
f 2704/2724/1584 2705/2723/1584 2724/2725/1584 2723/2726/1584
f 2723/2726/1585 2724/2725/1585 2743/2727/1585 2742/2728/1585
f 2742/2728/1586 2743/2727/1586 2762/2729/1586 2761/2730/1586
f 2761/2730/1587 2762/2729/1587 2781/2731/1587 2780/2732/1587
f 2780/2732/1588 2781/2731/1588 2800/2733/1588 2799/2734/1588
f 2799/2734/1589 2800/2733/1589 2819/2735/1589 2818/2736/1589
f 2818/2736/1590 2819/2735/1590 2838/2737/1590 2837/2738/1590
f 2837/2738/1591 2838/2737/1591 2857/2716/1591 2856/2739/1591
f 2856/2740/1592 2857/2741/1592 2876/2742/1592 2875/2743/1592
f 2875/2743/1593 2876/2742/1593 2895/2744/1593 2894/2745/1593
f 2894/2745/1594 2895/2744/1594 2914/2746/1594 2913/2747/1594
f 2913/2747/1595 2914/2746/1595 2933/2748/1595 2932/2749/1595
f 2932/2749/1596 2933/2748/1596 2952/2750/1596 2951/2751/1596
f 2951/2751/1597 2952/2750/1597 2971/2752/1597 2970/2753/1597
f 2970/2753/1598 2971/2752/1598 2990/2754/1598 2989/2755/1598
f 2989/2755/1599 2990/2754/1599 3009/2756/1599 3008/2757/1599
f 3008/2757/1600 3009/2756/1600 3028/2758/1600 3027/2759/1600
f 3027/2759/1601 3028/2758/1601 3047/2760/1601 3046/2691/1601
f 3046/2761/1602 3047/2762/1602 3066/2763/1602 3065/2764/1602
f 3065/2764/1603 3066/2763/1603 3085/2765/1603 3084/2766/1603
f 3084/2766/1604 3085/2765/1604 3104/2767/1604 3103/2768/1604
f 3103/2768/1605 3104/2767/1605 3123/2769/1605 3122/2770/1605
f 3122/2770/1606 3123/2769/1606 2344/2682/1606 2343/2681/1606
f 2340/2598/1607 2341/2771/1607 2360/2772/1607 2359/2599/1607
f 2359/2599/1608 2360/2772/1608 2379/2773/1608 2378/2601/1608
f 2378/2601/1609 2379/2773/1609 2398/2774/1609 2397/2603/1609
f 2397/2603/1610 2398/2774/1610 2417/2775/1610 2416/2605/1610
f 2416/2605/1611 2417/2775/1611 2436/2776/1611 2435/2607/1611
f 2435/2607/1612 2436/2776/1612 2455/2777/1612 2454/2609/1612
f 2454/2609/1613 2455/2777/1613 2474/2778/1613 2473/2611/1613
f 2473/2611/1614 2474/2778/1614 2493/2779/1614 2492/2613/1614
f 2492/2613/1615 2493/2779/1615 2512/2780/1615 2511/2615/1615
f 2511/2615/1616 2512/2780/1616 2531/2781/1616 2530/2617/1616
f 2530/2617/1617 2531/2781/1617 2550/2782/1617 2549/2619/1617
f 2549/2619/1618 2550/2782/1618 2569/2783/1618 2568/2621/1618
f 2568/2621/1619 2569/2783/1619 2588/2784/1619 2587/2623/1619
f 2587/2623/1620 2588/2784/1620 2607/2785/1620 2606/2625/1620
f 2606/2625/1621 2607/2785/1621 2626/2786/1621 2625/2627/1621
f 2625/2627/1622 2626/2786/1622 2645/2787/1622 2644/2629/1622
f 2644/2629/1623 2645/2787/1623 2664/2788/1623 2663/2631/1623
f 2663/2631/1624 2664/2788/1624 2683/2789/1624 2682/2633/1624
f 2682/2633/1625 2683/2789/1625 2702/2790/1625 2701/2635/1625
f 2701/2635/1626 2702/2790/1626 2721/2791/1626 2720/2637/1626
f 2720/2637/1627 2721/2791/1627 2740/2792/1627 2739/2639/1627
f 2739/2639/1628 2740/2792/1628 2759/2793/1628 2758/2641/1628
f 2758/2641/1629 2759/2793/1629 2778/2794/1629 2777/2643/1629
f 2777/2643/1630 2778/2794/1630 2797/2795/1630 2796/2645/1630
f 2796/2645/1631 2797/2795/1631 2816/2796/1631 2815/2647/1631
f 2815/2647/1632 2816/2796/1632 2835/2797/1632 2834/2649/1632
f 2834/2649/1633 2835/2797/1633 2854/2798/1633 2853/2651/1633
f 2853/2651/1634 2854/2798/1634 2873/2799/1634 2872/2653/1634
f 2872/2653/1635 2873/2799/1635 2892/2800/1635 2891/2655/1635
f 2891/2655/1636 2892/2800/1636 2911/2801/1636 2910/2657/1636
f 2910/2657/1637 2911/2801/1637 2930/2802/1637 2929/2659/1637
f 2929/2659/1638 2930/2802/1638 2949/2803/1638 2948/2661/1638
f 2948/2661/1639 2949/2803/1639 2968/2804/1639 2967/2663/1639
f 2967/2663/1640 2968/2804/1640 2987/2805/1640 2986/2665/1640
f 2986/2665/1641 2987/2805/1641 3006/2806/1641 3005/2667/1641
f 3005/2667/1642 3006/2806/1642 3025/2807/1642 3024/2669/1642
f 3024/2669/1643 3025/2807/1643 3044/2808/1643 3043/2671/1643
f 3043/2671/1644 3044/2808/1644 3063/2809/1644 3062/2673/1644
f 3062/2673/1645 3063/2809/1645 3082/2810/1645 3081/2675/1645
f 3081/2675/1646 3082/2810/1646 3101/2811/1646 3100/2677/1646
f 3100/2677/1647 3101/2811/1647 3120/2812/1647 3119/2679/1647
f 3119/2679/1648 3120/2812/1648 2341/2771/1648 2340/2598/1648
f 2342/2471/1649 2339/2513/1649 2358/2516/1649 2361/2472/1649
f 2361/2472/1650 2358/2516/1650 2377/2518/1650 2380/2473/1650
f 2380/2473/1651 2377/2518/1651 2396/2520/1651 2399/2474/1651
f 2399/2474/1652 2396/2520/1652 2415/2522/1652 2418/2475/1652
f 2418/2475/1653 2415/2522/1653 2434/2524/1653 2437/2476/1653
f 2437/2476/1654 2434/2524/1654 2453/2526/1654 2456/2477/1654
f 2456/2477/1655 2453/2526/1655 2472/2528/1655 2475/2478/1655
f 2475/2478/1656 2472/2528/1656 2491/2530/1656 2494/2479/1656
f 2494/2479/1657 2491/2530/1657 2510/2532/1657 2513/2480/1657
f 2513/2480/1658 2510/2532/1658 2529/2534/1658 2532/2481/1658
f 2532/2481/1659 2529/2534/1659 2548/2536/1659 2551/2482/1659
f 2551/2482/1660 2548/2536/1660 2567/2538/1660 2570/2483/1660
f 2570/2483/1661 2567/2538/1661 2586/2540/1661 2589/2484/1661
f 2589/2484/1662 2586/2540/1662 2605/2542/1662 2608/2485/1662
f 2608/2485/1663 2605/2542/1663 2624/2544/1663 2627/2486/1663
f 2627/2486/1664 2624/2544/1664 2643/2546/1664 2646/2487/1664
f 2646/2487/1665 2643/2546/1665 2662/2548/1665 2665/2488/1665
f 2665/2488/1666 2662/2548/1666 2681/2550/1666 2684/2489/1666
f 2684/2489/1667 2681/2550/1667 2700/2552/1667 2703/2490/1667
f 2703/2490/1668 2700/2552/1668 2719/2554/1668 2722/2491/1668
f 2722/2491/1669 2719/2554/1669 2738/2556/1669 2741/2492/1669
f 2741/2492/1670 2738/2556/1670 2757/2558/1670 2760/2493/1670
f 2760/2493/1671 2757/2558/1671 2776/2560/1671 2779/2494/1671
f 2779/2494/1672 2776/2560/1672 2795/2562/1672 2798/2495/1672
f 2798/2495/1673 2795/2562/1673 2814/2564/1673 2817/2496/1673
f 2817/2496/1674 2814/2564/1674 2833/2566/1674 2836/2497/1674
f 2836/2497/1675 2833/2566/1675 2852/2568/1675 2855/2498/1675
f 2855/2498/1676 2852/2568/1676 2871/2570/1676 2874/2499/1676
f 2874/2499/1677 2871/2570/1677 2890/2572/1677 2893/2500/1677
f 2893/2500/1678 2890/2572/1678 2909/2574/1678 2912/2501/1678
f 2912/2501/1679 2909/2574/1679 2928/2576/1679 2931/2502/1679
f 2931/2502/1680 2928/2576/1680 2947/2578/1680 2950/2503/1680
f 2950/2503/1681 2947/2578/1681 2966/2580/1681 2969/2504/1681
f 2969/2504/1682 2966/2580/1682 2985/2582/1682 2988/2505/1682
f 2988/2505/1683 2985/2582/1683 3004/2584/1683 3007/2506/1683
f 3007/2506/1684 3004/2584/1684 3023/2586/1684 3026/2507/1684
f 3026/2507/1685 3023/2586/1685 3042/2588/1685 3045/2508/1685
f 3045/2508/1686 3042/2588/1686 3061/2590/1686 3064/2509/1686
f 3064/2509/1687 3061/2590/1687 3080/2592/1687 3083/2510/1687
f 3083/2510/1688 3080/2592/1688 3099/2594/1688 3102/2511/1688
f 3102/2511/1689 3099/2594/1689 3118/2596/1689 3121/2512/1689
f 3121/2512/1690 3118/2596/1690 2339/2513/1690 2342/2471/1690
f 2341/2771/1564 2338/2813/1564 2357/2814/1564 2360/2772/1564
f 2360/2772/1564 2357/2814/1564 2376/2815/1564 2379/2773/1564
f 2379/2773/1564 2376/2815/1564 2395/2816/1564 2398/2774/1564
f 2398/2774/1564 2395/2816/1564 2414/2817/1564 2417/2775/1564
f 2417/2775/1564 2414/2817/1564 2433/2818/1564 2436/2776/1564
f 2436/2776/1564 2433/2818/1564 2452/2819/1564 2455/2777/1564
f 2455/2777/1564 2452/2819/1564 2471/2820/1564 2474/2778/1564
f 2474/2778/1564 2471/2820/1564 2490/2821/1564 2493/2779/1564
f 2493/2779/1564 2490/2821/1564 2509/2822/1564 2512/2780/1564
f 2512/2780/1564 2509/2822/1564 2528/2823/1564 2531/2781/1564
f 2531/2781/1564 2528/2823/1564 2547/2824/1564 2550/2782/1564
f 2550/2782/1564 2547/2824/1564 2566/2825/1564 2569/2783/1564
f 2569/2783/1564 2566/2825/1564 2585/2826/1564 2588/2784/1564
f 2588/2784/1564 2585/2826/1564 2604/2827/1564 2607/2785/1564
f 2607/2785/1564 2604/2827/1564 2623/2828/1564 2626/2786/1564
f 2626/2786/1564 2623/2828/1564 2642/2829/1564 2645/2787/1564
f 2645/2787/1564 2642/2829/1564 2661/2830/1564 2664/2788/1564
f 2664/2788/1564 2661/2830/1564 2680/2831/1564 2683/2789/1564
f 2683/2789/1564 2680/2831/1564 2699/2832/1564 2702/2790/1564
f 2702/2790/1564 2699/2832/1564 2718/2833/1564 2721/2791/1564
f 2721/2791/1564 2718/2833/1564 2737/2834/1564 2740/2792/1564
f 2740/2792/1564 2737/2834/1564 2756/2835/1564 2759/2793/1564
f 2759/2793/1564 2756/2835/1564 2775/2836/1564 2778/2794/1564
f 2778/2794/1564 2775/2836/1564 2794/2837/1564 2797/2795/1564
f 2797/2795/1564 2794/2837/1564 2813/2838/1564 2816/2796/1564
f 2816/2796/1564 2813/2838/1564 2832/2839/1564 2835/2797/1564
f 2835/2797/1564 2832/2839/1564 2851/2840/1564 2854/2798/1564
f 2854/2798/1564 2851/2840/1564 2870/2841/1564 2873/2799/1564
f 2873/2799/1564 2870/2841/1564 2889/2842/1564 2892/2800/1564
f 2892/2800/1564 2889/2842/1564 2908/2843/1564 2911/2801/1564
f 2911/2801/1564 2908/2843/1564 2927/2844/1564 2930/2802/1564
f 2930/2802/1564 2927/2844/1564 2946/2845/1564 2949/2803/1564
f 2949/2803/1564 2946/2845/1564 2965/2846/1564 2968/2804/1564
f 2968/2804/1564 2965/2846/1564 2984/2847/1564 2987/2805/1564
f 2987/2805/1564 2984/2847/1564 3003/2848/1564 3006/2806/1564
f 3006/2806/1564 3003/2848/1564 3022/2849/1564 3025/2807/1564
f 3025/2807/1564 3022/2849/1564 3041/2850/1564 3044/2808/1564
f 3044/2808/1564 3041/2850/1564 3060/2851/1564 3063/2809/1564
f 3063/2809/1564 3060/2851/1564 3079/2852/1564 3082/2810/1564
f 3082/2810/1564 3079/2852/1564 3098/2853/1564 3101/2811/1564
f 3101/2811/1564 3098/2853/1564 3117/2854/1564 3120/2812/1564
f 3120/2812/1564 3117/2854/1564 2338/2813/1564 2341/2771/1564
f 2338/2813/1691 2346/2855/1691 2365/2856/1691 2357/2814/1691
f 2357/2814/1692 2365/2856/1692 2384/2857/1692 2376/2815/1692
f 2376/2815/1693 2384/2857/1693 2403/2858/1693 2395/2816/1693
f 2395/2816/1694 2403/2858/1694 2422/2859/1694 2414/2817/1694
f 2414/2817/1695 2422/2859/1695 2441/2860/1695 2433/2818/1695
f 2433/2818/1696 2441/2860/1696 2460/2861/1696 2452/2819/1696
f 2452/2819/1697 2460/2861/1697 2479/2862/1697 2471/2820/1697
f 2471/2820/1698 2479/2862/1698 2498/2863/1698 2490/2821/1698
f 2490/2821/1699 2498/2863/1699 2517/2864/1699 2509/2822/1699
f 2509/2822/1700 2517/2864/1700 2536/2865/1700 2528/2823/1700
f 2528/2823/1701 2536/2865/1701 2555/2866/1701 2547/2824/1701
f 2547/2824/1702 2555/2866/1702 2574/2867/1702 2566/2825/1702
f 2566/2825/1703 2574/2867/1703 2593/2868/1703 2585/2826/1703
f 2585/2826/1704 2593/2868/1704 2612/2869/1704 2604/2827/1704
f 2604/2827/1705 2612/2869/1705 2631/2870/1705 2623/2828/1705
f 2623/2828/1706 2631/2870/1706 2650/2871/1706 2642/2829/1706
f 2642/2829/1707 2650/2871/1707 2669/2872/1707 2661/2830/1707
f 2661/2830/1708 2669/2872/1708 2688/2873/1708 2680/2831/1708
f 2680/2831/1709 2688/2873/1709 2707/2874/1709 2699/2832/1709
f 2699/2832/1710 2707/2874/1710 2726/2875/1710 2718/2833/1710
f 2718/2833/1711 2726/2875/1711 2745/2876/1711 2737/2834/1711
f 2737/2834/1712 2745/2876/1712 2764/2877/1712 2756/2835/1712
f 2756/2835/1713 2764/2877/1713 2783/2878/1713 2775/2836/1713
f 2775/2836/1714 2783/2878/1714 2802/2879/1714 2794/2837/1714
f 2794/2837/1715 2802/2879/1715 2821/2880/1715 2813/2838/1715
f 2813/2838/1716 2821/2880/1716 2840/2881/1716 2832/2839/1716
f 2832/2839/1717 2840/2881/1717 2859/2882/1717 2851/2840/1717
f 2851/2840/1718 2859/2882/1718 2878/2883/1718 2870/2841/1718
f 2870/2841/1719 2878/2883/1719 2897/2884/1719 2889/2842/1719
f 2889/2842/1720 2897/2884/1720 2916/2885/1720 2908/2843/1720
f 2908/2843/1721 2916/2885/1721 2935/2886/1721 2927/2844/1721
f 2927/2844/1722 2935/2886/1722 2954/2887/1722 2946/2845/1722
f 2946/2845/1723 2954/2887/1723 2973/2888/1723 2965/2846/1723
f 2965/2846/1724 2973/2888/1724 2992/2889/1724 2984/2847/1724
f 2984/2847/1725 2992/2889/1725 3011/2890/1725 3003/2848/1725
f 3003/2848/1726 3011/2890/1726 3030/2891/1726 3022/2849/1726
f 3022/2849/1727 3030/2891/1727 3049/2892/1727 3041/2850/1727
f 3041/2850/1728 3049/2892/1728 3068/2893/1728 3060/2851/1728
f 3060/2851/1729 3068/2893/1729 3087/2894/1729 3079/2852/1729
f 3079/2852/1730 3087/2894/1730 3106/2895/1730 3098/2853/1730
f 3098/2853/1731 3106/2895/1731 3125/2896/1731 3117/2854/1731
f 3117/2854/1732 3125/2896/1732 2346/2855/1732 2338/2813/1732
f 2347/2897/1733 2345/2387/1733 2364/2390/1733 2366/2898/1733
f 2366/2898/1734 2364/2390/1734 2383/2392/1734 2385/2899/1734
f 2385/2899/1735 2383/2392/1735 2402/2394/1735 2404/2900/1735
f 2404/2900/1736 2402/2394/1736 2421/2396/1736 2423/2901/1736
f 2423/2901/1737 2421/2396/1737 2440/2398/1737 2442/2902/1737
f 2442/2902/1738 2440/2398/1738 2459/2400/1738 2461/2903/1738
f 2461/2903/1739 2459/2400/1739 2478/2402/1739 2480/2904/1739
f 2480/2904/1740 2478/2402/1740 2497/2404/1740 2499/2905/1740
f 2499/2905/1741 2497/2404/1741 2516/2406/1741 2518/2906/1741
f 2518/2906/1742 2516/2406/1742 2535/2408/1742 2537/2907/1742
f 2537/2907/1743 2535/2408/1743 2554/2410/1743 2556/2908/1743
f 2556/2908/1744 2554/2410/1744 2573/2412/1744 2575/2909/1744
f 2575/2909/1745 2573/2412/1745 2592/2414/1745 2594/2910/1745
f 2594/2910/1746 2592/2414/1746 2611/2416/1746 2613/2911/1746
f 2613/2911/1747 2611/2416/1747 2630/2418/1747 2632/2912/1747
f 2632/2912/1748 2630/2418/1748 2649/2420/1748 2651/2913/1748
f 2651/2913/1749 2649/2420/1749 2668/2422/1749 2670/2914/1749
f 2670/2914/1750 2668/2422/1750 2687/2424/1750 2689/2915/1750
f 2689/2915/1751 2687/2424/1751 2706/2426/1751 2708/2916/1751
f 2708/2916/1752 2706/2426/1752 2725/2428/1752 2727/2917/1752
f 2727/2917/1753 2725/2428/1753 2744/2430/1753 2746/2918/1753
f 2746/2918/1754 2744/2430/1754 2763/2432/1754 2765/2919/1754
f 2765/2919/1755 2763/2432/1755 2782/2434/1755 2784/2920/1755
f 2784/2920/1756 2782/2434/1756 2801/2436/1756 2803/2921/1756
f 2803/2921/1757 2801/2436/1757 2820/2438/1757 2822/2922/1757
f 2822/2922/1758 2820/2438/1758 2839/2440/1758 2841/2923/1758
f 2841/2923/1759 2839/2440/1759 2858/2442/1759 2860/2924/1759
f 2860/2924/1760 2858/2442/1760 2877/2444/1760 2879/2925/1760
f 2879/2925/1761 2877/2444/1761 2896/2446/1761 2898/2926/1761
f 2898/2926/1762 2896/2446/1762 2915/2448/1762 2917/2927/1762
f 2917/2927/1763 2915/2448/1763 2934/2450/1763 2936/2928/1763
f 2936/2928/1764 2934/2450/1764 2953/2452/1764 2955/2929/1764
f 2955/2929/1765 2953/2452/1765 2972/2454/1765 2974/2930/1765
f 2974/2930/1766 2972/2454/1766 2991/2456/1766 2993/2931/1766
f 2993/2931/1767 2991/2456/1767 3010/2458/1767 3012/2932/1767
f 3012/2932/1768 3010/2458/1768 3029/2460/1768 3031/2933/1768
f 3031/2933/1769 3029/2460/1769 3048/2462/1769 3050/2934/1769
f 3050/2934/1770 3048/2462/1770 3067/2464/1770 3069/2935/1770
f 3069/2935/1771 3067/2464/1771 3086/2466/1771 3088/2936/1771
f 3088/2936/1772 3086/2466/1772 3105/2468/1772 3107/2937/1772
f 3107/2937/1773 3105/2468/1773 3124/2470/1773 3126/2938/1773
f 3126/2938/1774 3124/2470/1774 2345/2387/1774 2347/2897/1774
f 2346/2855/1775 2348/2939/1775 2367/2940/1775 2365/2856/1775
f 2365/2856/1776 2367/2940/1776 2386/2941/1776 2384/2857/1776
f 2384/2857/1777 2386/2941/1777 2405/2942/1777 2403/2858/1777
f 2403/2858/1778 2405/2942/1778 2424/2943/1778 2422/2859/1778
f 2422/2859/1779 2424/2943/1779 2443/2944/1779 2441/2860/1779
f 2441/2860/1780 2443/2944/1780 2462/2945/1780 2460/2861/1780
f 2460/2861/1781 2462/2945/1781 2481/2946/1781 2479/2862/1781
f 2479/2862/1782 2481/2946/1782 2500/2947/1782 2498/2863/1782
f 2498/2863/1783 2500/2947/1783 2519/2948/1783 2517/2864/1783
f 2517/2864/1784 2519/2948/1784 2538/2949/1784 2536/2865/1784
f 2536/2865/1785 2538/2949/1785 2557/2950/1785 2555/2866/1785
f 2555/2866/1786 2557/2950/1786 2576/2951/1786 2574/2867/1786
f 2574/2867/1787 2576/2951/1787 2595/2952/1787 2593/2868/1787
f 2593/2868/1788 2595/2952/1788 2614/2953/1788 2612/2869/1788
f 2612/2869/1789 2614/2953/1789 2633/2954/1789 2631/2870/1789
f 2631/2870/1790 2633/2954/1790 2652/2955/1790 2650/2871/1790
f 2650/2871/1791 2652/2955/1791 2671/2956/1791 2669/2872/1791
f 2669/2872/1792 2671/2956/1792 2690/2957/1792 2688/2873/1792
f 2688/2873/1793 2690/2957/1793 2709/2958/1793 2707/2874/1793
f 2707/2874/1794 2709/2958/1794 2728/2959/1794 2726/2875/1794
f 2726/2875/1795 2728/2959/1795 2747/2960/1795 2745/2876/1795
f 2745/2876/1796 2747/2960/1796 2766/2961/1796 2764/2877/1796
f 2764/2877/1797 2766/2961/1797 2785/2962/1797 2783/2878/1797
f 2783/2878/1798 2785/2962/1798 2804/2963/1798 2802/2879/1798
f 2802/2879/1799 2804/2963/1799 2823/2964/1799 2821/2880/1799
f 2821/2880/1800 2823/2964/1800 2842/2965/1800 2840/2881/1800
f 2840/2881/1801 2842/2965/1801 2861/2966/1801 2859/2882/1801
f 2859/2882/1802 2861/2966/1802 2880/2967/1802 2878/2883/1802
f 2878/2883/1803 2880/2967/1803 2899/2968/1803 2897/2884/1803
f 2897/2884/1804 2899/2968/1804 2918/2969/1804 2916/2885/1804
f 2916/2885/1805 2918/2969/1805 2937/2970/1805 2935/2886/1805
f 2935/2886/1806 2937/2970/1806 2956/2971/1806 2954/2887/1806
f 2954/2887/1807 2956/2971/1807 2975/2972/1807 2973/2888/1807
f 2973/2888/1808 2975/2972/1808 2994/2973/1808 2992/2889/1808
f 2992/2889/1809 2994/2973/1809 3013/2974/1809 3011/2890/1809
f 3011/2890/1810 3013/2974/1810 3032/2975/1810 3030/2891/1810
f 3030/2891/1811 3032/2975/1811 3051/2976/1811 3049/2892/1811
f 3049/2892/1812 3051/2976/1812 3070/2977/1812 3068/2893/1812
f 3068/2893/1813 3070/2977/1813 3089/2978/1813 3087/2894/1813
f 3087/2894/1814 3089/2978/1814 3108/2979/1814 3106/2895/1814
f 3106/2895/1815 3108/2979/1815 3127/2980/1815 3125/2896/1815
f 3125/2896/1816 3127/2980/1816 2348/2939/1816 2346/2855/1816
f 2349/2981/1563 2347/2897/1563 2366/2898/1563 2368/2982/1563
f 2368/2982/1563 2366/2898/1563 2385/2899/1563 2387/2983/1563
f 2387/2983/1563 2385/2899/1563 2404/2900/1563 2406/2984/1563
f 2406/2984/1563 2404/2900/1563 2423/2901/1563 2425/2985/1563
f 2425/2985/1563 2423/2901/1563 2442/2902/1563 2444/2986/1563
f 2444/2986/1563 2442/2902/1563 2461/2903/1563 2463/2987/1563
f 2463/2987/1563 2461/2903/1563 2480/2904/1563 2482/2988/1563
f 2482/2988/1563 2480/2904/1563 2499/2905/1563 2501/2989/1563
f 2501/2989/1563 2499/2905/1563 2518/2906/1563 2520/2990/1563
f 2520/2990/1563 2518/2906/1563 2537/2907/1563 2539/2991/1563
f 2539/2991/1563 2537/2907/1563 2556/2908/1563 2558/2992/1563
f 2558/2992/1563 2556/2908/1563 2575/2909/1563 2577/2993/1563
f 2577/2993/1563 2575/2909/1563 2594/2910/1563 2596/2994/1563
f 2596/2994/1563 2594/2910/1563 2613/2911/1563 2615/2995/1563
f 2615/2995/1563 2613/2911/1563 2632/2912/1563 2634/2996/1563
f 2634/2996/1563 2632/2912/1563 2651/2913/1563 2653/2997/1563
f 2653/2997/1563 2651/2913/1563 2670/2914/1563 2672/2998/1563
f 2672/2998/1563 2670/2914/1563 2689/2915/1563 2691/2999/1563
f 2691/2999/1563 2689/2915/1563 2708/2916/1563 2710/3000/1563
f 2710/3000/1563 2708/2916/1563 2727/2917/1563 2729/3001/1563
f 2729/3001/1563 2727/2917/1563 2746/2918/1563 2748/3002/1563
f 2748/3002/1563 2746/2918/1563 2765/2919/1563 2767/3003/1563
f 2767/3003/1563 2765/2919/1563 2784/2920/1563 2786/3004/1563
f 2786/3004/1563 2784/2920/1563 2803/2921/1563 2805/3005/1563
f 2805/3005/1563 2803/2921/1563 2822/2922/1563 2824/3006/1563
f 2824/3006/1563 2822/2922/1563 2841/2923/1563 2843/3007/1563
f 2843/3007/1563 2841/2923/1563 2860/2924/1563 2862/3008/1563
f 2862/3008/1563 2860/2924/1563 2879/2925/1563 2881/3009/1563
f 2881/3009/1563 2879/2925/1563 2898/2926/1563 2900/3010/1563
f 2900/3010/1563 2898/2926/1563 2917/2927/1563 2919/3011/1563
f 2919/3011/1563 2917/2927/1563 2936/2928/1563 2938/3012/1563
f 2938/3012/1563 2936/2928/1563 2955/2929/1563 2957/3013/1563
f 2957/3013/1563 2955/2929/1563 2974/2930/1563 2976/3014/1563
f 2976/3014/1563 2974/2930/1563 2993/2931/1563 2995/3015/1563
f 2995/3015/1563 2993/2931/1563 3012/2932/1563 3014/3016/1563
f 3014/3016/1563 3012/2932/1563 3031/2933/1563 3033/3017/1563
f 3033/3017/1563 3031/2933/1563 3050/2934/1563 3052/3018/1563
f 3052/3018/1563 3050/2934/1563 3069/2935/1563 3071/3019/1563
f 3071/3019/1563 3069/2935/1563 3088/2936/1563 3090/3020/1563
f 3090/3020/1563 3088/2936/1563 3107/2937/1563 3109/3021/1563
f 3109/3021/1563 3107/2937/1563 3126/2938/1563 3128/3022/1563
f 3128/3022/1563 3126/2938/1563 2347/2897/1563 2349/2981/1563
f 2348/2939/1564 2350/3023/1564 2369/3024/1564 2367/2940/1564
f 2367/2940/1564 2369/3024/1564 2388/3025/1564 2386/2941/1564
f 2386/2941/1564 2388/3025/1564 2407/3026/1564 2405/2942/1564
f 2405/2942/1564 2407/3026/1564 2426/3027/1564 2424/2943/1564
f 2424/2943/1564 2426/3027/1564 2445/3028/1564 2443/2944/1564
f 2443/2944/1564 2445/3028/1564 2464/3029/1564 2462/2945/1564
f 2462/2945/1564 2464/3029/1564 2483/3030/1564 2481/2946/1564
f 2481/2946/1564 2483/3030/1564 2502/3031/1564 2500/2947/1564
f 2500/2947/1564 2502/3031/1564 2521/3032/1564 2519/2948/1564
f 2519/2948/1564 2521/3032/1564 2540/3033/1564 2538/2949/1564
f 2538/2949/1564 2540/3033/1564 2559/3034/1564 2557/2950/1564
f 2557/2950/1564 2559/3034/1564 2578/3035/1564 2576/2951/1564
f 2576/2951/1564 2578/3035/1564 2597/3036/1564 2595/2952/1564
f 2595/2952/1564 2597/3036/1564 2616/3037/1564 2614/2953/1564
f 2614/2953/1564 2616/3037/1564 2635/3038/1564 2633/2954/1564
f 2633/2954/1564 2635/3038/1564 2654/3039/1564 2652/2955/1564
f 2652/2955/1564 2654/3039/1564 2673/3040/1564 2671/2956/1564
f 2671/2956/1564 2673/3040/1564 2692/3041/1564 2690/2957/1564
f 2690/2957/1564 2692/3041/1564 2711/3042/1564 2709/2958/1564
f 2709/2958/1564 2711/3042/1564 2730/3043/1564 2728/2959/1564
f 2728/2959/1564 2730/3043/1564 2749/3044/1564 2747/2960/1564
f 2747/2960/1564 2749/3044/1564 2768/3045/1564 2766/2961/1564
f 2766/2961/1564 2768/3045/1564 2787/3046/1564 2785/2962/1564
f 2785/2962/1564 2787/3046/1564 2806/3047/1564 2804/2963/1564
f 2804/2963/1564 2806/3047/1564 2825/3048/1564 2823/2964/1564
f 2823/2964/1564 2825/3048/1564 2844/3049/1564 2842/2965/1564
f 2842/2965/1564 2844/3049/1564 2863/3050/1564 2861/2966/1564
f 2861/2966/1564 2863/3050/1564 2882/3051/1564 2880/2967/1564
f 2880/2967/1564 2882/3051/1564 2901/3052/1564 2899/2968/1564
f 2899/2968/1564 2901/3052/1564 2920/3053/1564 2918/2969/1564
f 2918/2969/1564 2920/3053/1564 2939/3054/1564 2937/2970/1564
f 2937/2970/1564 2939/3054/1564 2958/3055/1564 2956/2971/1564
f 2956/2971/1564 2958/3055/1564 2977/3056/1564 2975/2972/1564
f 2975/2972/1564 2977/3056/1564 2996/3057/1564 2994/2973/1564
f 2994/2973/1564 2996/3057/1564 3015/3058/1564 3013/2974/1564
f 3013/2974/1564 3015/3058/1564 3034/3059/1564 3032/2975/1564
f 3032/2975/1564 3034/3059/1564 3053/3060/1564 3051/2976/1564
f 3051/2976/1564 3053/3060/1564 3072/3061/1564 3070/2977/1564
f 3070/2977/1564 3072/3061/1564 3091/3062/1564 3089/2978/1564
f 3089/2978/1564 3091/3062/1564 3110/3063/1564 3108/2979/1564
f 3108/2979/1564 3110/3063/1564 3129/3064/1564 3127/2980/1564
f 3127/2980/1564 3129/3064/1564 2350/3023/1564 2348/2939/1564
f 2351/3065/1817 2349/2981/1817 2368/2982/1817 2370/3066/1817
f 2370/3066/1818 2368/2982/1818 2387/2983/1818 2389/3067/1818
f 2389/3067/1819 2387/2983/1819 2406/2984/1819 2408/3068/1819
f 2408/3068/1820 2406/2984/1820 2425/2985/1820 2427/3069/1820
f 2427/3069/1821 2425/2985/1821 2444/2986/1821 2446/3070/1821
f 2446/3070/1822 2444/2986/1822 2463/2987/1822 2465/3071/1822
f 2465/3071/1823 2463/2987/1823 2482/2988/1823 2484/3072/1823
f 2484/3072/1824 2482/2988/1824 2501/2989/1824 2503/3073/1824
f 2503/3073/1825 2501/2989/1825 2520/2990/1825 2522/3074/1825
f 2522/3074/1826 2520/2990/1826 2539/2991/1826 2541/3075/1826
f 2541/3075/1827 2539/2991/1827 2558/2992/1827 2560/3076/1827
f 2560/3076/1828 2558/2992/1828 2577/2993/1828 2579/3077/1828
f 2579/3077/1829 2577/2993/1829 2596/2994/1829 2598/3078/1829
f 2598/3078/1830 2596/2994/1830 2615/2995/1830 2617/3079/1830
f 2617/3079/1831 2615/2995/1831 2634/2996/1831 2636/3080/1831
f 2636/3080/1832 2634/2996/1832 2653/2997/1832 2655/3081/1832
f 2655/3081/1833 2653/2997/1833 2672/2998/1833 2674/3082/1833
f 2674/3082/1834 2672/2998/1834 2691/2999/1834 2693/3083/1834
f 2693/3083/1835 2691/2999/1835 2710/3000/1835 2712/3084/1835
f 2712/3084/1836 2710/3000/1836 2729/3001/1836 2731/3085/1836
f 2731/3085/1837 2729/3001/1837 2748/3002/1837 2750/3086/1837
f 2750/3086/1838 2748/3002/1838 2767/3003/1838 2769/3087/1838
f 2769/3087/1839 2767/3003/1839 2786/3004/1839 2788/3088/1839
f 2788/3088/1840 2786/3004/1840 2805/3005/1840 2807/3089/1840
f 2807/3089/1841 2805/3005/1841 2824/3006/1841 2826/3090/1841
f 2826/3090/1842 2824/3006/1842 2843/3007/1842 2845/3091/1842
f 2845/3091/1843 2843/3007/1843 2862/3008/1843 2864/3092/1843
f 2864/3092/1844 2862/3008/1844 2881/3009/1844 2883/3093/1844
f 2883/3093/1845 2881/3009/1845 2900/3010/1845 2902/3094/1845
f 2902/3094/1846 2900/3010/1846 2919/3011/1846 2921/3095/1846
f 2921/3095/1847 2919/3011/1847 2938/3012/1847 2940/3096/1847
f 2940/3096/1848 2938/3012/1848 2957/3013/1848 2959/3097/1848
f 2959/3097/1849 2957/3013/1849 2976/3014/1849 2978/3098/1849
f 2978/3098/1850 2976/3014/1850 2995/3015/1850 2997/3099/1850
f 2997/3099/1851 2995/3015/1851 3014/3016/1851 3016/3100/1851
f 3016/3100/1852 3014/3016/1852 3033/3017/1852 3035/3101/1852
f 3035/3101/1853 3033/3017/1853 3052/3018/1853 3054/3102/1853
f 3054/3102/1854 3052/3018/1854 3071/3019/1854 3073/3103/1854
f 3073/3103/1855 3071/3019/1855 3090/3020/1855 3092/3104/1855
f 3092/3104/1856 3090/3020/1856 3109/3021/1856 3111/3105/1856
f 3111/3105/1857 3109/3021/1857 3128/3022/1857 3130/3106/1857
f 3130/3106/1858 3128/3022/1858 2349/2981/1858 2351/3065/1858
f 2350/3023/1859 2352/3107/1859 2371/3108/1859 2369/3024/1859
f 2369/3024/1860 2371/3108/1860 2390/3109/1860 2388/3025/1860
f 2388/3025/1861 2390/3109/1861 2409/3110/1861 2407/3026/1861
f 2407/3026/1862 2409/3110/1862 2428/3111/1862 2426/3027/1862
f 2426/3027/1863 2428/3111/1863 2447/3112/1863 2445/3028/1863
f 2445/3028/1864 2447/3112/1864 2466/3113/1864 2464/3029/1864
f 2464/3029/1865 2466/3113/1865 2485/3114/1865 2483/3030/1865
f 2483/3030/1866 2485/3114/1866 2504/3115/1866 2502/3031/1866
f 2502/3031/1867 2504/3115/1867 2523/3116/1867 2521/3032/1867
f 2521/3032/1868 2523/3116/1868 2542/3117/1868 2540/3033/1868
f 2540/3033/1869 2542/3117/1869 2561/3118/1869 2559/3034/1869
f 2559/3034/1870 2561/3118/1870 2580/3119/1870 2578/3035/1870
f 2578/3035/1871 2580/3119/1871 2599/3120/1871 2597/3036/1871
f 2597/3036/1872 2599/3120/1872 2618/3121/1872 2616/3037/1872
f 2616/3037/1873 2618/3121/1873 2637/3122/1873 2635/3038/1873
f 2635/3038/1874 2637/3122/1874 2656/3123/1874 2654/3039/1874
f 2654/3039/1875 2656/3123/1875 2675/3124/1875 2673/3040/1875
f 2673/3040/1876 2675/3124/1876 2694/3125/1876 2692/3041/1876
f 2692/3041/1877 2694/3125/1877 2713/3126/1877 2711/3042/1877
f 2711/3042/1878 2713/3126/1878 2732/3127/1878 2730/3043/1878
f 2730/3043/1879 2732/3127/1879 2751/3128/1879 2749/3044/1879
f 2749/3044/1880 2751/3128/1880 2770/3129/1880 2768/3045/1880
f 2768/3045/1881 2770/3129/1881 2789/3130/1881 2787/3046/1881
f 2787/3046/1882 2789/3130/1882 2808/3131/1882 2806/3047/1882
f 2806/3047/1883 2808/3131/1883 2827/3132/1883 2825/3048/1883
f 2825/3048/1884 2827/3132/1884 2846/3133/1884 2844/3049/1884
f 2844/3049/1885 2846/3133/1885 2865/3134/1885 2863/3050/1885
f 2863/3050/1886 2865/3134/1886 2884/3135/1886 2882/3051/1886
f 2882/3051/1887 2884/3135/1887 2903/3136/1887 2901/3052/1887
f 2901/3052/1888 2903/3136/1888 2922/3137/1888 2920/3053/1888
f 2920/3053/1889 2922/3137/1889 2941/3138/1889 2939/3054/1889
f 2939/3054/1890 2941/3138/1890 2960/3139/1890 2958/3055/1890
f 2958/3055/1891 2960/3139/1891 2979/3140/1891 2977/3056/1891
f 2977/3056/1892 2979/3140/1892 2998/3141/1892 2996/3057/1892
f 2996/3057/1893 2998/3141/1893 3017/3142/1893 3015/3058/1893
f 3015/3058/1894 3017/3142/1894 3036/3143/1894 3034/3059/1894
f 3034/3059/1895 3036/3143/1895 3055/3144/1895 3053/3060/1895
f 3053/3060/1896 3055/3144/1896 3074/3145/1896 3072/3061/1896
f 3072/3061/1897 3074/3145/1897 3093/3146/1897 3091/3062/1897
f 3091/3062/1898 3093/3146/1898 3112/3147/1898 3110/3063/1898
f 3110/3063/1899 3112/3147/1899 3131/3148/1899 3129/3064/1899
f 3129/3064/1900 3131/3148/1900 2352/3107/1900 2350/3023/1900
f 2355/3149/1901 2353/3150/1901 2372/3151/1901 2374/3152/1901
f 2374/3152/1902 2372/3151/1902 2391/3153/1902 2393/3154/1902
f 2393/3154/1903 2391/3153/1903 2410/3155/1903 2412/3156/1903
f 2412/3156/1904 2410/3155/1904 2429/3157/1904 2431/3158/1904
f 2431/3158/1905 2429/3157/1905 2448/3159/1905 2450/3160/1905
f 2450/3160/1906 2448/3159/1906 2467/3161/1906 2469/3162/1906
f 2469/3162/1907 2467/3161/1907 2486/3163/1907 2488/3164/1907
f 2488/3164/1908 2486/3163/1908 2505/3165/1908 2507/3166/1908
f 2507/3166/1909 2505/3165/1909 2524/3167/1909 2526/3168/1909
f 2526/3168/1910 2524/3167/1910 2543/3169/1910 2545/3170/1910
f 2545/3170/1911 2543/3169/1911 2562/3171/1911 2564/3172/1911
f 2564/3172/1912 2562/3171/1912 2581/3173/1912 2583/3174/1912
f 2583/3174/1913 2581/3173/1913 2600/3175/1913 2602/3176/1913
f 2602/3176/1914 2600/3175/1914 2619/3177/1914 2621/3178/1914
f 2621/3178/1915 2619/3177/1915 2638/3179/1915 2640/3180/1915
f 2640/3180/1916 2638/3179/1916 2657/3181/1916 2659/3182/1916
f 2659/3182/1917 2657/3181/1917 2676/3183/1917 2678/3184/1917
f 2678/3184/1918 2676/3183/1918 2695/3185/1918 2697/3186/1918
f 2697/3186/1919 2695/3185/1919 2714/3187/1919 2716/3188/1919
f 2716/3188/1920 2714/3187/1920 2733/3189/1920 2735/3190/1920
f 2735/3190/1921 2733/3189/1921 2752/3191/1921 2754/3192/1921
f 2754/3192/1922 2752/3191/1922 2771/3193/1922 2773/3194/1922
f 2773/3194/1923 2771/3193/1923 2790/3195/1923 2792/3196/1923
f 2792/3196/1924 2790/3195/1924 2809/3197/1924 2811/3198/1924
f 2811/3198/1925 2809/3197/1925 2828/3199/1925 2830/3200/1925
f 2830/3200/1926 2828/3199/1926 2847/3201/1926 2849/3202/1926
f 2849/3202/1927 2847/3201/1927 2866/3203/1927 2868/3204/1927
f 2868/3204/1928 2866/3203/1928 2885/3205/1928 2887/3206/1928
f 2887/3206/1929 2885/3205/1929 2904/3207/1929 2906/3208/1929
f 2906/3208/1930 2904/3207/1930 2923/3209/1930 2925/3210/1930
f 2925/3210/1931 2923/3209/1931 2942/3211/1931 2944/3212/1931
f 2944/3212/1932 2942/3211/1932 2961/3213/1932 2963/3214/1932
f 2963/3214/1933 2961/3213/1933 2980/3215/1933 2982/3216/1933
f 2982/3216/1934 2980/3215/1934 2999/3217/1934 3001/3218/1934
f 3001/3218/1935 2999/3217/1935 3018/3219/1935 3020/3220/1935
f 3020/3220/1936 3018/3219/1936 3037/3221/1936 3039/3222/1936
f 3039/3222/1937 3037/3221/1937 3056/3223/1937 3058/3224/1937
f 3058/3224/1938 3056/3223/1938 3075/3225/1938 3077/3226/1938
f 3077/3226/1939 3075/3225/1939 3094/3227/1939 3096/3228/1939
f 3096/3228/1940 3094/3227/1940 3113/3229/1940 3115/3230/1940
f 3115/3230/1941 3113/3229/1941 3132/3231/1941 3134/3232/1941
f 3134/3232/1942 3132/3231/1942 2353/3150/1942 2355/3149/1942
f 2353/3150/1943 2351/3065/1943 2370/3066/1943 2372/3151/1943
f 2372/3151/1944 2370/3066/1944 2389/3067/1944 2391/3153/1944
f 2391/3153/1945 2389/3067/1945 2408/3068/1945 2410/3155/1945
f 2410/3155/1946 2408/3068/1946 2427/3069/1946 2429/3157/1946
f 2429/3157/1947 2427/3069/1947 2446/3070/1947 2448/3159/1947
f 2448/3159/1948 2446/3070/1948 2465/3071/1948 2467/3161/1948
f 2467/3161/1949 2465/3071/1949 2484/3072/1949 2486/3163/1949
f 2486/3163/1950 2484/3072/1950 2503/3073/1950 2505/3165/1950
f 2505/3165/1951 2503/3073/1951 2522/3074/1951 2524/3167/1951
f 2524/3167/1952 2522/3074/1952 2541/3075/1952 2543/3169/1952
f 2543/3169/1953 2541/3075/1953 2560/3076/1953 2562/3171/1953
f 2562/3171/1954 2560/3076/1954 2579/3077/1954 2581/3173/1954
f 2581/3173/1955 2579/3077/1955 2598/3078/1955 2600/3175/1955
f 2600/3175/1956 2598/3078/1956 2617/3079/1956 2619/3177/1956
f 2619/3177/1957 2617/3079/1957 2636/3080/1957 2638/3179/1957
f 2638/3179/1958 2636/3080/1958 2655/3081/1958 2657/3181/1958
f 2657/3181/1959 2655/3081/1959 2674/3082/1959 2676/3183/1959
f 2676/3183/1960 2674/3082/1960 2693/3083/1960 2695/3185/1960
f 2695/3185/1961 2693/3083/1961 2712/3084/1961 2714/3187/1961
f 2714/3187/1962 2712/3084/1962 2731/3085/1962 2733/3189/1962
f 2733/3189/1963 2731/3085/1963 2750/3086/1963 2752/3191/1963
f 2752/3191/1964 2750/3086/1964 2769/3087/1964 2771/3193/1964
f 2771/3193/1965 2769/3087/1965 2788/3088/1965 2790/3195/1965
f 2790/3195/1966 2788/3088/1966 2807/3089/1966 2809/3197/1966
f 2809/3197/1967 2807/3089/1967 2826/3090/1967 2828/3199/1967
f 2828/3199/1968 2826/3090/1968 2845/3091/1968 2847/3201/1968
f 2847/3201/1969 2845/3091/1969 2864/3092/1969 2866/3203/1969
f 2866/3203/1970 2864/3092/1970 2883/3093/1970 2885/3205/1970
f 2885/3205/1971 2883/3093/1971 2902/3094/1971 2904/3207/1971
f 2904/3207/1972 2902/3094/1972 2921/3095/1972 2923/3209/1972
f 2923/3209/1973 2921/3095/1973 2940/3096/1973 2942/3211/1973
f 2942/3211/1974 2940/3096/1974 2959/3097/1974 2961/3213/1974
f 2961/3213/1975 2959/3097/1975 2978/3098/1975 2980/3215/1975
f 2980/3215/1976 2978/3098/1976 2997/3099/1976 2999/3217/1976
f 2999/3217/1977 2997/3099/1977 3016/3100/1977 3018/3219/1977
f 3018/3219/1978 3016/3100/1978 3035/3101/1978 3037/3221/1978
f 3037/3221/1979 3035/3101/1979 3054/3102/1979 3056/3223/1979
f 3056/3223/1980 3054/3102/1980 3073/3103/1980 3075/3225/1980
f 3075/3225/1981 3073/3103/1981 3092/3104/1981 3094/3227/1981
f 3094/3227/1982 3092/3104/1982 3111/3105/1982 3113/3229/1982
f 3113/3229/1983 3111/3105/1983 3130/3106/1983 3132/3231/1983
f 3132/3231/1984 3130/3106/1984 2351/3065/1984 2353/3150/1984
f 2352/3107/1985 2354/3233/1985 2373/3234/1985 2371/3108/1985
f 2371/3108/1986 2373/3234/1986 2392/3235/1986 2390/3109/1986
f 2390/3109/1987 2392/3235/1987 2411/3236/1987 2409/3110/1987
f 2409/3110/1988 2411/3236/1988 2430/3237/1988 2428/3111/1988
f 2428/3111/1989 2430/3237/1989 2449/3238/1989 2447/3112/1989
f 2447/3112/1990 2449/3238/1990 2468/3239/1990 2466/3113/1990
f 2466/3113/1991 2468/3239/1991 2487/3240/1991 2485/3114/1991
f 2485/3114/1992 2487/3240/1992 2506/3241/1992 2504/3115/1992
f 2504/3115/1993 2506/3241/1993 2525/3242/1993 2523/3116/1993
f 2523/3116/1994 2525/3242/1994 2544/3243/1994 2542/3117/1994
f 2542/3117/1995 2544/3243/1995 2563/3244/1995 2561/3118/1995
f 2561/3118/1996 2563/3244/1996 2582/3245/1996 2580/3119/1996
f 2580/3119/1997 2582/3245/1997 2601/3246/1997 2599/3120/1997
f 2599/3120/1998 2601/3246/1998 2620/3247/1998 2618/3121/1998
f 2618/3121/1999 2620/3247/1999 2639/3248/1999 2637/3122/1999
f 2637/3122/2000 2639/3248/2000 2658/3249/2000 2656/3123/2000
f 2656/3123/2001 2658/3249/2001 2677/3250/2001 2675/3124/2001
f 2675/3124/2002 2677/3250/2002 2696/3251/2002 2694/3125/2002
f 2694/3125/2003 2696/3251/2003 2715/3252/2003 2713/3126/2003
f 2713/3126/2004 2715/3252/2004 2734/3253/2004 2732/3127/2004
f 2732/3127/2005 2734/3253/2005 2753/3254/2005 2751/3128/2005
f 2751/3128/2006 2753/3254/2006 2772/3255/2006 2770/3129/2006
f 2770/3129/2007 2772/3255/2007 2791/3256/2007 2789/3130/2007
f 2789/3130/2008 2791/3256/2008 2810/3257/2008 2808/3131/2008
f 2808/3131/2009 2810/3257/2009 2829/3258/2009 2827/3132/2009
f 2827/3132/2010 2829/3258/2010 2848/3259/2010 2846/3133/2010
f 2846/3133/2011 2848/3259/2011 2867/3260/2011 2865/3134/2011
f 2865/3134/2012 2867/3260/2012 2886/3261/2012 2884/3135/2012
f 2884/3135/2013 2886/3261/2013 2905/3262/2013 2903/3136/2013
f 2903/3136/2014 2905/3262/2014 2924/3263/2014 2922/3137/2014
f 2922/3137/2015 2924/3263/2015 2943/3264/2015 2941/3138/2015
f 2941/3138/2016 2943/3264/2016 2962/3265/2016 2960/3139/2016
f 2960/3139/2017 2962/3265/2017 2981/3266/2017 2979/3140/2017
f 2979/3140/2018 2981/3266/2018 3000/3267/2018 2998/3141/2018
f 2998/3141/2019 3000/3267/2019 3019/3268/2019 3017/3142/2019
f 3017/3142/2020 3019/3268/2020 3038/3269/2020 3036/3143/2020
f 3036/3143/2021 3038/3269/2021 3057/3270/2021 3055/3144/2021
f 3055/3144/2022 3057/3270/2022 3076/3271/2022 3074/3145/2022
f 3074/3145/2023 3076/3271/2023 3095/3272/2023 3093/3146/2023
f 3093/3146/2024 3095/3272/2024 3114/3273/2024 3112/3147/2024
f 3112/3147/2025 3114/3273/2025 3133/3274/2025 3131/3148/2025
f 3131/3148/2026 3133/3274/2026 2354/3233/2026 2352/3107/2026
f 2354/3233/2027 2355/3275/2027 2374/3276/2027 2373/3234/2027
f 2373/3234/2028 2374/3276/2028 2393/3277/2028 2392/3235/2028
f 2392/3235/2029 2393/3277/2029 2412/3278/2029 2411/3236/2029
f 2411/3236/2030 2412/3278/2030 2431/3279/2030 2430/3237/2030
f 2430/3237/2031 2431/3279/2031 2450/3280/2031 2449/3238/2031
f 2449/3238/2032 2450/3280/2032 2469/3281/2032 2468/3239/2032
f 2468/3239/2033 2469/3281/2033 2488/3282/2033 2487/3240/2033
f 2487/3240/2034 2488/3282/2034 2507/3283/2034 2506/3241/2034
f 2506/3241/2035 2507/3283/2035 2526/3284/2035 2525/3242/2035
f 2525/3242/2036 2526/3284/2036 2545/3285/2036 2544/3243/2036
f 2544/3243/2037 2545/3285/2037 2564/3286/2037 2563/3244/2037
f 2563/3244/2038 2564/3286/2038 2583/3287/2038 2582/3245/2038
f 2582/3245/2039 2583/3287/2039 2602/3288/2039 2601/3246/2039
f 2601/3246/2040 2602/3288/2040 2621/3289/2040 2620/3247/2040
f 2620/3247/2041 2621/3289/2041 2640/3290/2041 2639/3248/2041
f 2639/3248/2042 2640/3290/2042 2659/3291/2042 2658/3249/2042
f 2658/3249/2043 2659/3291/2043 2678/3292/2043 2677/3250/2043
f 2677/3250/2044 2678/3292/2044 2697/3293/2044 2696/3251/2044
f 2696/3251/2045 2697/3293/2045 2716/3294/2045 2715/3252/2045
f 2715/3252/2046 2716/3294/2046 2735/3295/2046 2734/3253/2046
f 2734/3253/2047 2735/3295/2047 2754/3296/2047 2753/3254/2047
f 2753/3254/2048 2754/3296/2048 2773/3297/2048 2772/3255/2048
f 2772/3255/2049 2773/3297/2049 2792/3298/2049 2791/3256/2049
f 2791/3256/2050 2792/3298/2050 2811/3299/2050 2810/3257/2050
f 2810/3257/2051 2811/3299/2051 2830/3300/2051 2829/3258/2051
f 2829/3258/2052 2830/3300/2052 2849/3301/2052 2848/3259/2052
f 2848/3259/2053 2849/3301/2053 2868/3302/2053 2867/3260/2053
f 2867/3260/2054 2868/3302/2054 2887/3303/2054 2886/3261/2054
f 2886/3261/2055 2887/3303/2055 2906/3304/2055 2905/3262/2055
f 2905/3262/2056 2906/3304/2056 2925/3305/2056 2924/3263/2056
f 2924/3263/2057 2925/3305/2057 2944/3306/2057 2943/3264/2057
f 2943/3264/2058 2944/3306/2058 2963/3307/2058 2962/3265/2058
f 2962/3265/2059 2963/3307/2059 2982/3308/2059 2981/3266/2059
f 2981/3266/2060 2982/3308/2060 3001/3309/2060 3000/3267/2060
f 3000/3267/2061 3001/3309/2061 3020/3310/2061 3019/3268/2061
f 3019/3268/2062 3020/3310/2062 3039/3311/2062 3038/3269/2062
f 3038/3269/2063 3039/3311/2063 3058/3312/2063 3057/3270/2063
f 3057/3270/2064 3058/3312/2064 3077/3313/2064 3076/3271/2064
f 3076/3271/2065 3077/3313/2065 3096/3314/2065 3095/3272/2065
f 3095/3272/2066 3096/3314/2066 3115/3315/2066 3114/3273/2066
f 3114/3273/2067 3115/3315/2067 3134/3316/2067 3133/3274/2067
f 3133/3274/2068 3134/3316/2068 2355/3275/2068 2354/3233/2068
f 3135/3317/2069 3143/3318/2069 3162/3319/2070 3154/3320/2070
f 3154/3320/2070 3162/3319/2070 3181/3321/2071 3173/3322/2071
f 3173/3322/2071 3181/3321/2071 3200/3323/2072 3192/3324/2072
f 3192/3324/2072 3200/3323/2072 3219/3325/2073 3211/3326/2073
f 3211/3326/2073 3219/3325/2073 3238/3327/2074 3230/3328/2074
f 3230/3328/2074 3238/3327/2074 3257/3329/2075 3249/3330/2075
f 3249/3330/2075 3257/3329/2075 3276/3331/2076 3268/3332/2076
f 3268/3332/2076 3276/3331/2076 3295/3333/2077 3287/3334/2077
f 3287/3334/2077 3295/3333/2077 3314/3335/2078 3306/3336/2078
f 3306/3336/2078 3314/3335/2078 3333/3337/2079 3325/3338/2079
f 3325/3338/2079 3333/3337/2079 3352/3339/2080 3344/3340/2080
f 3344/3340/2080 3352/3339/2080 3371/3341/2081 3363/3342/2081
f 3363/3342/2081 3371/3341/2081 3390/3343/2082 3382/3344/2082
f 3382/3344/2082 3390/3343/2082 3409/3345/2083 3401/3346/2083
f 3401/3346/2083 3409/3345/2083 3428/3347/2084 3420/3348/2084
f 3420/3348/2084 3428/3347/2084 3447/3349/2085 3439/3350/2085
f 3439/3350/2085 3447/3349/2085 3466/3351/2086 3458/3352/2086
f 3458/3352/2086 3466/3351/2086 3485/3353/2087 3477/3354/2087
f 3477/3354/2087 3485/3353/2087 3504/3355/2088 3496/3356/2088
f 3496/3356/2088 3504/3355/2088 3523/3357/2089 3515/3358/2089
f 3515/3358/2089 3523/3357/2089 3542/3359/2090 3534/3360/2090
f 3534/3360/2090 3542/3359/2090 3561/3361/2091 3553/3362/2091
f 3553/3362/2091 3561/3361/2091 3580/3363/2092 3572/3364/2092
f 3572/3364/2092 3580/3363/2092 3599/3365/2093 3591/3366/2093
f 3591/3366/2093 3599/3365/2093 3618/3367/2094 3610/3368/2094
f 3610/3368/2094 3618/3367/2094 3637/3369/2095 3629/3370/2095
f 3629/3370/2095 3637/3369/2095 3656/3371/2096 3648/3372/2096
f 3648/3372/2096 3656/3371/2096 3675/3373/2097 3667/3374/2097
f 3667/3374/2097 3675/3373/2097 3694/3375/2098 3686/3376/2098
f 3686/3376/2098 3694/3375/2098 3713/3377/2099 3705/3378/2099
f 3705/3378/2099 3713/3377/2099 3732/3379/2100 3724/3380/2100
f 3724/3380/2100 3732/3379/2100 3751/3381/2101 3743/3382/2101
f 3743/3382/2101 3751/3381/2101 3770/3383/2102 3762/3384/2102
f 3762/3384/2102 3770/3383/2102 3789/3385/2103 3781/3386/2103
f 3781/3386/2103 3789/3385/2103 3808/3387/2104 3800/3388/2104
f 3800/3388/2104 3808/3387/2104 3827/3389/2105 3819/3390/2105
f 3819/3390/2105 3827/3389/2105 3846/3391/2106 3838/3392/2106
f 3838/3392/2106 3846/3391/2106 3865/3393/2107 3857/3394/2107
f 3857/3394/2107 3865/3393/2107 3884/3395/2108 3876/3396/2108
f 3876/3396/2108 3884/3395/2108 3903/3397/2109 3895/3398/2109
f 3895/3398/2109 3903/3397/2109 3922/3399/2110 3914/3400/2110
f 3914/3400/2110 3922/3399/2110 3143/3318/2069 3135/3317/2069
f 3140/3401/1575 3135/3317/1575 3154/3320/1575 3159/3402/1575
f 3159/3402/1575 3154/3320/1575 3173/3322/1575 3178/3403/1575
f 3178/3403/1575 3173/3322/1575 3192/3324/1575 3197/3404/1575
f 3197/3404/1575 3192/3324/1575 3211/3326/1575 3216/3405/1575
f 3216/3405/1575 3211/3326/1575 3230/3328/1575 3235/3406/1575
f 3235/3406/1575 3230/3328/1575 3249/3330/1575 3254/3407/1575
f 3254/3407/1575 3249/3330/1575 3268/3332/1575 3273/3408/1575
f 3273/3408/1575 3268/3332/1575 3287/3334/1575 3292/3409/1575
f 3292/3409/1575 3287/3334/1575 3306/3336/1575 3311/3410/1575
f 3311/3410/1575 3306/3336/1575 3325/3338/1575 3330/3411/1575
f 3330/3411/1575 3325/3338/1575 3344/3340/1575 3349/3412/1575
f 3349/3412/1575 3344/3340/1575 3363/3342/1575 3368/3413/1575
f 3368/3413/1575 3363/3342/1575 3382/3344/1575 3387/3414/1575
f 3387/3414/1575 3382/3344/1575 3401/3346/1575 3406/3415/1575
f 3406/3415/1575 3401/3346/1575 3420/3348/1575 3425/3416/1575
f 3425/3416/1575 3420/3348/1575 3439/3350/1575 3444/3417/1575
f 3444/3417/1575 3439/3350/1575 3458/3352/1575 3463/3418/1575
f 3463/3418/1575 3458/3352/1575 3477/3354/1575 3482/3419/1575
f 3482/3419/1575 3477/3354/1575 3496/3356/1575 3501/3420/1575
f 3501/3420/1575 3496/3356/1575 3515/3358/1575 3520/3421/1575
f 3520/3421/1575 3515/3358/1575 3534/3360/1575 3539/3422/1575
f 3539/3422/1575 3534/3360/1575 3553/3362/1575 3558/3423/1575
f 3558/3423/1575 3553/3362/1575 3572/3364/1575 3577/3424/1575
f 3577/3424/1575 3572/3364/1575 3591/3366/1575 3596/3425/1575
f 3596/3425/1575 3591/3366/1575 3610/3368/1575 3615/3426/1575
f 3615/3426/1575 3610/3368/1575 3629/3370/1575 3634/3427/1575
f 3634/3427/1575 3629/3370/1575 3648/3372/1575 3653/3428/1575
f 3653/3428/1575 3648/3372/1575 3667/3374/1575 3672/3429/1575
f 3672/3429/1575 3667/3374/1575 3686/3376/1575 3691/3430/1575
f 3691/3430/1575 3686/3376/1575 3705/3378/1575 3710/3431/1575
f 3710/3431/1575 3705/3378/1575 3724/3380/1575 3729/3432/1575
f 3729/3432/1575 3724/3380/1575 3743/3382/1575 3748/3433/1575
f 3748/3433/1575 3743/3382/1575 3762/3384/1575 3767/3434/1575
f 3767/3434/1575 3762/3384/1575 3781/3386/1575 3786/3435/1575
f 3786/3435/1575 3781/3386/1575 3800/3388/1575 3805/3436/1575
f 3805/3436/1575 3800/3388/1575 3819/3390/1575 3824/3437/1575
f 3824/3437/1575 3819/3390/1575 3838/3392/1575 3843/3438/1575
f 3843/3438/1575 3838/3392/1575 3857/3394/1575 3862/3439/1575
f 3862/3439/1575 3857/3394/1575 3876/3396/1575 3881/3440/1575
f 3881/3440/1575 3876/3396/1575 3895/3398/1575 3900/3441/1575
f 3900/3441/1575 3895/3398/1575 3914/3400/1575 3919/3442/1575
f 3919/3442/1575 3914/3400/1575 3135/3317/1575 3140/3401/1575
f 3141/3443/1575 3137/3444/1575 3156/3445/1575 3160/3446/1575
f 3160/3446/1575 3156/3445/1575 3175/3447/1575 3179/3448/1575
f 3179/3448/1575 3175/3447/1575 3194/3449/1575 3198/3450/1575
f 3198/3450/1575 3194/3449/1575 3213/3451/1575 3217/3452/1575
f 3217/3452/1575 3213/3451/1575 3232/3453/1575 3236/3454/1575
f 3236/3454/1575 3232/3453/1575 3251/3455/1575 3255/3456/1575
f 3255/3456/1575 3251/3455/1575 3270/3457/1575 3274/3458/1575
f 3274/3458/1575 3270/3457/1575 3289/3459/1575 3293/3460/1575
f 3293/3460/1575 3289/3459/1575 3308/3461/1575 3312/3462/1575
f 3312/3462/1575 3308/3461/1575 3327/3463/1575 3331/3464/1575
f 3331/3464/1575 3327/3463/1575 3346/3465/1575 3350/3466/1575
f 3350/3466/1575 3346/3465/1575 3365/3467/1575 3369/3468/1575
f 3369/3468/1575 3365/3467/1575 3384/3469/1575 3388/3470/1575
f 3388/3470/1575 3384/3469/1575 3403/3471/1575 3407/3472/1575
f 3407/3472/1575 3403/3471/1575 3422/3473/1575 3426/3474/1575
f 3426/3474/1575 3422/3473/1575 3441/3475/1575 3445/3476/1575
f 3445/3476/1575 3441/3475/1575 3460/3477/1575 3464/3478/1575
f 3464/3478/1575 3460/3477/1575 3479/3479/1575 3483/3480/1575
f 3483/3480/1575 3479/3479/1575 3498/3481/1575 3502/3482/1575
f 3502/3482/1575 3498/3481/1575 3517/3483/1575 3521/3484/1575
f 3521/3484/1575 3517/3483/1575 3536/3485/1575 3540/3486/1575
f 3540/3486/1575 3536/3485/1575 3555/3487/1575 3559/3488/1575
f 3559/3488/1575 3555/3487/1575 3574/3489/1575 3578/3490/1575
f 3578/3490/1575 3574/3489/1575 3593/3491/1575 3597/3492/1575
f 3597/3492/1575 3593/3491/1575 3612/3493/1575 3616/3494/1575
f 3616/3494/1575 3612/3493/1575 3631/3495/1575 3635/3496/1575
f 3635/3496/1575 3631/3495/1575 3650/3497/1575 3654/3498/1575
f 3654/3498/1575 3650/3497/1575 3669/3499/1575 3673/3500/1575
f 3673/3500/1575 3669/3499/1575 3688/3501/1575 3692/3502/1575
f 3692/3502/1575 3688/3501/1575 3707/3503/1575 3711/3504/1575
f 3711/3504/1575 3707/3503/1575 3726/3505/1575 3730/3506/1575
f 3730/3506/1575 3726/3505/1575 3745/3507/1575 3749/3508/1575
f 3749/3508/1575 3745/3507/1575 3764/3509/1575 3768/3510/1575
f 3768/3510/1575 3764/3509/1575 3783/3511/1575 3787/3512/1575
f 3787/3512/1575 3783/3511/1575 3802/3513/1575 3806/3514/1575
f 3806/3514/1575 3802/3513/1575 3821/3515/1575 3825/3516/1575
f 3825/3516/1575 3821/3515/1575 3840/3517/1575 3844/3518/1575
f 3844/3518/1575 3840/3517/1575 3859/3519/1575 3863/3520/1575
f 3863/3520/1575 3859/3519/1575 3878/3521/1575 3882/3522/1575
f 3882/3522/1575 3878/3521/1575 3897/3523/1575 3901/3524/1575
f 3901/3524/1575 3897/3523/1575 3916/3525/1575 3920/3526/1575
f 3920/3526/1575 3916/3525/1575 3137/3444/1575 3141/3443/1575
f 3138/3527/1596 3142/3528/1596 3161/3529/1596 3157/3530/1596
f 3157/3530/1596 3161/3529/1596 3180/3531/1596 3176/3532/1596
f 3176/3532/1596 3180/3531/1596 3199/3533/1596 3195/3534/1596
f 3195/3534/1596 3199/3533/1596 3218/3535/1596 3214/3536/1596
f 3214/3536/1596 3218/3535/1596 3237/3537/1596 3233/3538/1596
f 3233/3538/1596 3237/3537/1596 3256/3539/1596 3252/3540/1596
f 3252/3540/1596 3256/3539/1596 3275/3541/1596 3271/3542/1596
f 3271/3542/1596 3275/3541/1596 3294/3543/1596 3290/3544/1596
f 3290/3544/1596 3294/3543/1596 3313/3545/1596 3309/3546/1596
f 3309/3546/1596 3313/3545/1596 3332/3547/1596 3328/3548/1596
f 3328/3548/1596 3332/3547/1596 3351/3549/1596 3347/3550/1596
f 3347/3550/1596 3351/3549/1596 3370/3551/1596 3366/3552/1596
f 3366/3552/1596 3370/3551/1596 3389/3553/1596 3385/3554/1596
f 3385/3554/1596 3389/3553/1596 3408/3555/1596 3404/3556/1596
f 3404/3556/1596 3408/3555/1596 3427/3557/1596 3423/3558/1596
f 3423/3558/1596 3427/3557/1596 3446/3559/1596 3442/3560/1596
f 3442/3560/1596 3446/3559/1596 3465/3561/1596 3461/3562/1596
f 3461/3562/1596 3465/3561/1596 3484/3563/1596 3480/3564/1596
f 3480/3564/1596 3484/3563/1596 3503/3565/1596 3499/3566/1596
f 3499/3566/1596 3503/3565/1596 3522/3567/1596 3518/3568/1596
f 3518/3568/1596 3522/3567/1596 3541/3569/1596 3537/3570/1596
f 3537/3570/1596 3541/3569/1596 3560/3571/1596 3556/3572/1596
f 3556/3572/1596 3560/3571/1596 3579/3573/1596 3575/3574/1596
f 3575/3574/1596 3579/3573/1596 3598/3575/1596 3594/3576/1596
f 3594/3576/1596 3598/3575/1596 3617/3577/1596 3613/3578/1596
f 3613/3578/1596 3617/3577/1596 3636/3579/1596 3632/3580/1596
f 3632/3580/1596 3636/3579/1596 3655/3581/1596 3651/3582/1596
f 3651/3582/1596 3655/3581/1596 3674/3583/1596 3670/3584/1596
f 3670/3584/1596 3674/3583/1596 3693/3585/1596 3689/3586/1596
f 3689/3586/1596 3693/3585/1596 3712/3587/1596 3708/3588/1596
f 3708/3588/1596 3712/3587/1596 3731/3589/1596 3727/3590/1596
f 3727/3590/1596 3731/3589/1596 3750/3591/1596 3746/3592/1596
f 3746/3592/1596 3750/3591/1596 3769/3593/1596 3765/3594/1596
f 3765/3594/1596 3769/3593/1596 3788/3595/1596 3784/3596/1596
f 3784/3596/1596 3788/3595/1596 3807/3597/1596 3803/3598/1596
f 3803/3598/1596 3807/3597/1596 3826/3599/1596 3822/3600/1596
f 3822/3600/1596 3826/3599/1596 3845/3601/1596 3841/3602/1596
f 3841/3602/1596 3845/3601/1596 3864/3603/1596 3860/3604/1596
f 3860/3604/1596 3864/3603/1596 3883/3605/1596 3879/3606/1596
f 3879/3606/1596 3883/3605/1596 3902/3607/1596 3898/3608/1596
f 3898/3608/1596 3902/3607/1596 3921/3609/1596 3917/3610/1596
f 3917/3610/1596 3921/3609/1596 3142/3528/1596 3138/3527/1596
f 3142/3611/2111 3141/3612/2111 3160/3613/2112 3161/3614/2112
f 3161/3614/2112 3160/3613/2112 3179/3615/2113 3180/3616/2113
f 3180/3616/2113 3179/3615/2113 3198/3617/2114 3199/3618/2114
f 3199/3618/2114 3198/3617/2114 3217/3619/2115 3218/3620/2115
f 3218/3620/2115 3217/3619/2115 3236/3621/2116 3237/3622/2116
f 3237/3623/2116 3236/3624/2116 3255/3625/2117 3256/3626/2117
f 3256/3626/2117 3255/3625/2117 3274/3627/2118 3275/3628/2118
f 3275/3628/2118 3274/3627/2118 3293/3629/2119 3294/3630/2119
f 3294/3630/2119 3293/3629/2119 3312/3631/2120 3313/3632/2120
f 3313/3632/2120 3312/3631/2120 3331/3633/2121 3332/3634/2121
f 3332/3634/2121 3331/3633/2121 3350/3635/2122 3351/3636/2122
f 3351/3636/2122 3350/3635/2122 3369/3637/2123 3370/3638/2123
f 3370/3638/2123 3369/3637/2123 3388/3639/2124 3389/3640/2124
f 3389/3640/2124 3388/3639/2124 3407/3641/2125 3408/3642/2125
f 3408/3642/2125 3407/3641/2125 3426/3643/2126 3427/3644/2126
f 3427/3644/2126 3426/3643/2126 3445/3645/2127 3446/3646/2127
f 3446/3647/2127 3445/3648/2127 3464/3649/2128 3465/3650/2128
f 3465/3650/2128 3464/3649/2128 3483/3651/2129 3484/3652/2129
f 3484/3652/2129 3483/3651/2129 3502/3653/2130 3503/3654/2130
f 3503/3654/2130 3502/3653/2130 3521/3655/2131 3522/3656/2131
f 3522/3656/2131 3521/3655/2131 3540/3657/2132 3541/3658/2132
f 3541/3658/2132 3540/3657/2132 3559/3659/2133 3560/3660/2133
f 3560/3660/2133 3559/3659/2133 3578/3661/2134 3579/3662/2134
f 3579/3662/2134 3578/3661/2134 3597/3663/2135 3598/3664/2135
f 3598/3664/2135 3597/3663/2135 3616/3665/2136 3617/3666/2136
f 3617/3666/2136 3616/3665/2136 3635/3667/2137 3636/3668/2137
f 3636/3669/2137 3635/3623/2137 3654/3670/2138 3655/3671/2138
f 3655/3671/2138 3654/3670/2138 3673/3672/2139 3674/3673/2139
f 3674/3673/2139 3673/3672/2139 3692/3630/2140 3693/3674/2140
f 3693/3674/2140 3692/3630/2140 3711/3675/2141 3712/3676/2141
f 3712/3676/2141 3711/3675/2141 3730/3634/2142 3731/3677/2142
f 3731/3677/2142 3730/3634/2142 3749/3636/2143 3750/3678/2143
f 3750/3678/2143 3749/3636/2143 3768/3638/2144 3769/3679/2144
f 3769/3679/2144 3768/3638/2144 3787/3640/2145 3788/3680/2145
f 3788/3680/2145 3787/3640/2145 3806/3642/2146 3807/3681/2146
f 3807/3681/2146 3806/3642/2146 3825/3682/2147 3826/3683/2147
f 3826/3683/2147 3825/3682/2147 3844/3684/2148 3845/3621/2148
f 3845/3685/2148 3844/3686/2148 3863/3687/2149 3864/3688/2149
f 3864/3688/2149 3863/3687/2149 3882/3689/2150 3883/3690/2150
f 3883/3690/2150 3882/3689/2150 3901/3691/2151 3902/3692/2151
f 3902/3692/2151 3901/3691/2151 3920/3693/2152 3921/3694/2152
f 3921/3694/2152 3920/3693/2152 3141/3612/2111 3142/3611/2111
f 3139/3695/2153 3138/3527/2153 3157/3530/2154 3158/3696/2154
f 3158/3696/2154 3157/3530/2154 3176/3532/2155 3177/3697/2155
f 3177/3697/2155 3176/3532/2155 3195/3534/2156 3196/3698/2156
f 3196/3698/2156 3195/3534/2156 3214/3536/2157 3215/3699/2157
f 3215/3699/2157 3214/3536/2157 3233/3538/2158 3234/3700/2158
f 3234/3700/2158 3233/3538/2158 3252/3540/2159 3253/3701/2159
f 3253/3701/2159 3252/3540/2159 3271/3542/2160 3272/3702/2160
f 3272/3702/2160 3271/3542/2160 3290/3544/2161 3291/3703/2161
f 3291/3703/2161 3290/3544/2161 3309/3546/2162 3310/3704/2162
f 3310/3704/2162 3309/3546/2162 3328/3548/2163 3329/3705/2163
f 3329/3705/2163 3328/3548/2163 3347/3550/2164 3348/3706/2164
f 3348/3706/2164 3347/3550/2164 3366/3552/2165 3367/3707/2165
f 3367/3707/2165 3366/3552/2165 3385/3554/2166 3386/3708/2166
f 3386/3708/2166 3385/3554/2166 3404/3556/2167 3405/3709/2167
f 3405/3709/2167 3404/3556/2167 3423/3558/2168 3424/3710/2168
f 3424/3710/2168 3423/3558/2168 3442/3560/2169 3443/3711/2169
f 3443/3711/2169 3442/3560/2169 3461/3562/2170 3462/3712/2170
f 3462/3712/2170 3461/3562/2170 3480/3564/2171 3481/3713/2171
f 3481/3713/2171 3480/3564/2171 3499/3566/2172 3500/3714/2172
f 3500/3714/2172 3499/3566/2172 3518/3568/2173 3519/3715/2173
f 3519/3715/2173 3518/3568/2173 3537/3570/2174 3538/3716/2174
f 3538/3716/2174 3537/3570/2174 3556/3572/2175 3557/3717/2175
f 3557/3717/2175 3556/3572/2175 3575/3574/2176 3576/3718/2176
f 3576/3718/2176 3575/3574/2176 3594/3576/2177 3595/3719/2177
f 3595/3719/2177 3594/3576/2177 3613/3578/2178 3614/3720/2178
f 3614/3720/2178 3613/3578/2178 3632/3580/2179 3633/3721/2179
f 3633/3721/2179 3632/3580/2179 3651/3582/2180 3652/3722/2180
f 3652/3722/2180 3651/3582/2180 3670/3584/2181 3671/3723/2181
f 3671/3723/2181 3670/3584/2181 3689/3586/2182 3690/3724/2182
f 3690/3724/2182 3689/3586/2182 3708/3588/2183 3709/3725/2183
f 3709/3725/2183 3708/3588/2183 3727/3590/2184 3728/3726/2184
f 3728/3726/2184 3727/3590/2184 3746/3592/2185 3747/3727/2185
f 3747/3727/2185 3746/3592/2185 3765/3594/2186 3766/3728/2186
f 3766/3728/2186 3765/3594/2186 3784/3596/2187 3785/3729/2187
f 3785/3729/2187 3784/3596/2187 3803/3598/2188 3804/3730/2188
f 3804/3730/2188 3803/3598/2188 3822/3600/2189 3823/3731/2189
f 3823/3731/2189 3822/3600/2189 3841/3602/2190 3842/3732/2190
f 3842/3732/2190 3841/3602/2190 3860/3604/2191 3861/3733/2191
f 3861/3733/2191 3860/3604/2191 3879/3606/2192 3880/3734/2192
f 3880/3734/2192 3879/3606/2192 3898/3608/2193 3899/3735/2193
f 3899/3735/2193 3898/3608/2193 3917/3610/2194 3918/3736/2194
f 3918/3736/2194 3917/3610/2194 3138/3527/2153 3139/3695/2153
f 3137/3444/2195 3140/3401/2195 3159/3402/2196 3156/3445/2196
f 3156/3445/2196 3159/3402/2196 3178/3403/2197 3175/3447/2197
f 3175/3447/2197 3178/3403/2197 3197/3404/2198 3194/3449/2198
f 3194/3449/2198 3197/3404/2198 3216/3405/2199 3213/3451/2199
f 3213/3451/2199 3216/3405/2199 3235/3406/2200 3232/3453/2200
f 3232/3453/2200 3235/3406/2200 3254/3407/2201 3251/3455/2201
f 3251/3455/2201 3254/3407/2201 3273/3408/2202 3270/3457/2202
f 3270/3457/2202 3273/3408/2202 3292/3409/2203 3289/3459/2203
f 3289/3459/2203 3292/3409/2203 3311/3410/2204 3308/3461/2204
f 3308/3461/2204 3311/3410/2204 3330/3411/2205 3327/3463/2205
f 3327/3463/2205 3330/3411/2205 3349/3412/2206 3346/3465/2206
f 3346/3465/2206 3349/3412/2206 3368/3413/2207 3365/3467/2207
f 3365/3467/2207 3368/3413/2207 3387/3414/2208 3384/3469/2208
f 3384/3469/2208 3387/3414/2208 3406/3415/2209 3403/3471/2209
f 3403/3471/2209 3406/3415/2209 3425/3416/2210 3422/3473/2210
f 3422/3473/2210 3425/3416/2210 3444/3417/2211 3441/3475/2211
f 3441/3475/2211 3444/3417/2211 3463/3418/2212 3460/3477/2212
f 3460/3477/2212 3463/3418/2212 3482/3419/2213 3479/3479/2213
f 3479/3479/2213 3482/3419/2213 3501/3420/2214 3498/3481/2214
f 3498/3481/2214 3501/3420/2214 3520/3421/2215 3517/3483/2215
f 3517/3483/2215 3520/3421/2215 3539/3422/2216 3536/3485/2216
f 3536/3485/2216 3539/3422/2216 3558/3423/2217 3555/3487/2217
f 3555/3487/2217 3558/3423/2217 3577/3424/2218 3574/3489/2218
f 3574/3489/2218 3577/3424/2218 3596/3425/2219 3593/3491/2219
f 3593/3491/2219 3596/3425/2219 3615/3426/2220 3612/3493/2220
f 3612/3493/2220 3615/3426/2220 3634/3427/2221 3631/3495/2221
f 3631/3495/2221 3634/3427/2221 3653/3428/2222 3650/3497/2222
f 3650/3497/2222 3653/3428/2222 3672/3429/2223 3669/3499/2223
f 3669/3499/2223 3672/3429/2223 3691/3430/2224 3688/3501/2224
f 3688/3501/2224 3691/3430/2224 3710/3431/2225 3707/3503/2225
f 3707/3503/2225 3710/3431/2225 3729/3432/2226 3726/3505/2226
f 3726/3505/2226 3729/3432/2226 3748/3433/2227 3745/3507/2227
f 3745/3507/2227 3748/3433/2227 3767/3434/2228 3764/3509/2228
f 3764/3509/2228 3767/3434/2228 3786/3435/2229 3783/3511/2229
f 3783/3511/2229 3786/3435/2229 3805/3436/2230 3802/3513/2230
f 3802/3513/2230 3805/3436/2230 3824/3437/2231 3821/3515/2231
f 3821/3515/2231 3824/3437/2231 3843/3438/2232 3840/3517/2232
f 3840/3517/2232 3843/3438/2232 3862/3439/2233 3859/3519/2233
f 3859/3519/2233 3862/3439/2233 3881/3440/2234 3878/3521/2234
f 3878/3521/2234 3881/3440/2234 3900/3441/2235 3897/3523/2235
f 3897/3523/2235 3900/3441/2235 3919/3442/2236 3916/3525/2236
f 3916/3525/2236 3919/3442/2236 3140/3401/2195 3137/3444/2195
f 3136/3737/1596 3139/3695/1596 3158/3696/1596 3155/3738/1596
f 3155/3738/1596 3158/3696/1596 3177/3697/1596 3174/3739/1596
f 3174/3739/1596 3177/3697/1596 3196/3698/1596 3193/3740/1596
f 3193/3740/1596 3196/3698/1596 3215/3699/1596 3212/3741/1596
f 3212/3741/1596 3215/3699/1596 3234/3700/1596 3231/3742/1596
f 3231/3742/1596 3234/3700/1596 3253/3701/1596 3250/3743/1596
f 3250/3743/1596 3253/3701/1596 3272/3702/1596 3269/3744/1596
f 3269/3744/1596 3272/3702/1596 3291/3703/1596 3288/3745/1596
f 3288/3745/1596 3291/3703/1596 3310/3704/1596 3307/3746/1596
f 3307/3746/1596 3310/3704/1596 3329/3705/1596 3326/3747/1596
f 3326/3747/1596 3329/3705/1596 3348/3706/1596 3345/3748/1596
f 3345/3748/1596 3348/3706/1596 3367/3707/1596 3364/3749/1596
f 3364/3749/1596 3367/3707/1596 3386/3708/1596 3383/3750/1596
f 3383/3750/1596 3386/3708/1596 3405/3709/1596 3402/3751/1596
f 3402/3751/1596 3405/3709/1596 3424/3710/1596 3421/3752/1596
f 3421/3752/1596 3424/3710/1596 3443/3711/1596 3440/3753/1596
f 3440/3753/1596 3443/3711/1596 3462/3712/1596 3459/3754/1596
f 3459/3754/1596 3462/3712/1596 3481/3713/1596 3478/3755/1596
f 3478/3755/1596 3481/3713/1596 3500/3714/1596 3497/3756/1596
f 3497/3756/1596 3500/3714/1596 3519/3715/1596 3516/3757/1596
f 3516/3757/1596 3519/3715/1596 3538/3716/1596 3535/3758/1596
f 3535/3758/1596 3538/3716/1596 3557/3717/1596 3554/3759/1596
f 3554/3759/1596 3557/3717/1596 3576/3718/1596 3573/3760/1596
f 3573/3760/1596 3576/3718/1596 3595/3719/1596 3592/3761/1596
f 3592/3761/1596 3595/3719/1596 3614/3720/1596 3611/3762/1596
f 3611/3762/1596 3614/3720/1596 3633/3721/1596 3630/3763/1596
f 3630/3763/1596 3633/3721/1596 3652/3722/1596 3649/3764/1596
f 3649/3764/1596 3652/3722/1596 3671/3723/1596 3668/3765/1596
f 3668/3765/1596 3671/3723/1596 3690/3724/1596 3687/3766/1596
f 3687/3766/1596 3690/3724/1596 3709/3725/1596 3706/3767/1596
f 3706/3767/1596 3709/3725/1596 3728/3726/1596 3725/3768/1596
f 3725/3768/1596 3728/3726/1596 3747/3727/1596 3744/3769/1596
f 3744/3769/1596 3747/3727/1596 3766/3728/1596 3763/3770/1596
f 3763/3770/1596 3766/3728/1596 3785/3729/1596 3782/3771/1596
f 3782/3771/1596 3785/3729/1596 3804/3730/1596 3801/3772/1596
f 3801/3772/1596 3804/3730/1596 3823/3731/1596 3820/3773/1596
f 3820/3773/1596 3823/3731/1596 3842/3732/1596 3839/3774/1596
f 3839/3774/1596 3842/3732/1596 3861/3733/1596 3858/3775/1596
f 3858/3775/1596 3861/3733/1596 3880/3734/1596 3877/3776/1596
f 3877/3776/1596 3880/3734/1596 3899/3735/1596 3896/3777/1596
f 3896/3777/1596 3899/3735/1596 3918/3736/1596 3915/3778/1596
f 3915/3778/1596 3918/3736/1596 3139/3695/1596 3136/3737/1596
f 3144/3779/2237 3136/3737/2237 3155/3738/2238 3163/3780/2238
f 3163/3780/2238 3155/3738/2238 3174/3739/2239 3182/3781/2239
f 3182/3781/2239 3174/3739/2239 3193/3740/2240 3201/3782/2240
f 3201/3782/2240 3193/3740/2240 3212/3741/2241 3220/3783/2241
f 3220/3783/2241 3212/3741/2241 3231/3742/2242 3239/3784/2242
f 3239/3784/2242 3231/3742/2242 3250/3743/2243 3258/3785/2243
f 3258/3785/2243 3250/3743/2243 3269/3744/2244 3277/3786/2244
f 3277/3786/2244 3269/3744/2244 3288/3745/2245 3296/3787/2245
f 3296/3787/2245 3288/3745/2245 3307/3746/2246 3315/3788/2246
f 3315/3788/2246 3307/3746/2246 3326/3747/2247 3334/3789/2247
f 3334/3789/2247 3326/3747/2247 3345/3748/2248 3353/3790/2248
f 3353/3790/2248 3345/3748/2248 3364/3749/2249 3372/3791/2249
f 3372/3791/2249 3364/3749/2249 3383/3750/2250 3391/3792/2250
f 3391/3792/2250 3383/3750/2250 3402/3751/2251 3410/3793/2251
f 3410/3793/2251 3402/3751/2251 3421/3752/2252 3429/3794/2252
f 3429/3794/2252 3421/3752/2252 3440/3753/2253 3448/3795/2253
f 3448/3795/2253 3440/3753/2253 3459/3754/2254 3467/3796/2254
f 3467/3796/2254 3459/3754/2254 3478/3755/2255 3486/3797/2255
f 3486/3797/2255 3478/3755/2255 3497/3756/2256 3505/3798/2256
f 3505/3798/2256 3497/3756/2256 3516/3757/2257 3524/3799/2257
f 3524/3799/2257 3516/3757/2257 3535/3758/2258 3543/3800/2258
f 3543/3800/2258 3535/3758/2258 3554/3759/2259 3562/3801/2259
f 3562/3801/2259 3554/3759/2259 3573/3760/2260 3581/3802/2260
f 3581/3802/2260 3573/3760/2260 3592/3761/2261 3600/3803/2261
f 3600/3803/2261 3592/3761/2261 3611/3762/2262 3619/3804/2262
f 3619/3804/2262 3611/3762/2262 3630/3763/2263 3638/3805/2263
f 3638/3805/2263 3630/3763/2263 3649/3764/2264 3657/3806/2264
f 3657/3806/2264 3649/3764/2264 3668/3765/2265 3676/3807/2265
f 3676/3807/2265 3668/3765/2265 3687/3766/2266 3695/3808/2266
f 3695/3808/2266 3687/3766/2266 3706/3767/2267 3714/3809/2267
f 3714/3809/2267 3706/3767/2267 3725/3768/2268 3733/3810/2268
f 3733/3810/2268 3725/3768/2268 3744/3769/2269 3752/3811/2269
f 3752/3811/2269 3744/3769/2269 3763/3770/2270 3771/3812/2270
f 3771/3812/2270 3763/3770/2270 3782/3771/2271 3790/3813/2271
f 3790/3813/2271 3782/3771/2271 3801/3772/2272 3809/3814/2272
f 3809/3814/2272 3801/3772/2272 3820/3773/2273 3828/3815/2273
f 3828/3815/2273 3820/3773/2273 3839/3774/2274 3847/3816/2274
f 3847/3816/2274 3839/3774/2274 3858/3775/2275 3866/3817/2275
f 3866/3817/2275 3858/3775/2275 3877/3776/2276 3885/3818/2276
f 3885/3818/2276 3877/3776/2276 3896/3777/2277 3904/3819/2277
f 3904/3819/2277 3896/3777/2277 3915/3778/2278 3923/3820/2278
f 3923/3820/2278 3915/3778/2278 3136/3737/2237 3144/3779/2237
f 3143/3318/2279 3145/3821/2280 3164/3822/2281 3162/3319/2282
f 3162/3319/2282 3164/3822/2281 3183/3823/2283 3181/3321/2284
f 3181/3321/2284 3183/3823/2283 3202/3824/2285 3200/3323/2286
f 3200/3323/2286 3202/3824/2285 3221/3825/2287 3219/3325/2288
f 3219/3325/2288 3221/3825/2287 3240/3826/2289 3238/3327/2290
f 3238/3327/2290 3240/3826/2289 3259/3827/2291 3257/3329/2292
f 3257/3329/2292 3259/3827/2291 3278/3828/2293 3276/3331/2294
f 3276/3331/2294 3278/3828/2293 3297/3829/2295 3295/3333/2296
f 3295/3333/2296 3297/3829/2295 3316/3830/2297 3314/3335/2298
f 3314/3335/2298 3316/3830/2297 3335/3831/2299 3333/3337/2300
f 3333/3337/2300 3335/3831/2299 3354/3832/2301 3352/3339/2302
f 3352/3339/2302 3354/3832/2301 3373/3833/2303 3371/3341/2304
f 3371/3341/2304 3373/3833/2303 3392/3834/2305 3390/3343/2306
f 3390/3343/2306 3392/3834/2305 3411/3835/2307 3409/3345/2308
f 3409/3345/2308 3411/3835/2307 3430/3836/2309 3428/3347/2310
f 3428/3347/2310 3430/3836/2309 3449/3837/2311 3447/3349/2312
f 3447/3349/2312 3449/3837/2311 3468/3838/2313 3466/3351/2314
f 3466/3351/2314 3468/3838/2313 3487/3839/2315 3485/3353/2316
f 3485/3353/2316 3487/3839/2315 3506/3840/2317 3504/3355/2318
f 3504/3355/2318 3506/3840/2317 3525/3841/2319 3523/3357/2320
f 3523/3357/2320 3525/3841/2319 3544/3842/2321 3542/3359/2322
f 3542/3359/2322 3544/3842/2321 3563/3843/2323 3561/3361/2324
f 3561/3361/2324 3563/3843/2323 3582/3844/2325 3580/3363/2326
f 3580/3363/2326 3582/3844/2325 3601/3845/2327 3599/3365/2328
f 3599/3365/2328 3601/3845/2327 3620/3846/2329 3618/3367/2330
f 3618/3367/2330 3620/3846/2329 3639/3847/2331 3637/3369/2332
f 3637/3369/2332 3639/3847/2331 3658/3848/2333 3656/3371/2334
f 3656/3371/2334 3658/3848/2333 3677/3849/2335 3675/3373/2336
f 3675/3373/2336 3677/3849/2335 3696/3850/2337 3694/3375/2338
f 3694/3375/2338 3696/3850/2337 3715/3851/2339 3713/3377/2340
f 3713/3377/2340 3715/3851/2339 3734/3852/2341 3732/3379/2342
f 3732/3379/2342 3734/3852/2341 3753/3853/2343 3751/3381/2344
f 3751/3381/2344 3753/3853/2343 3772/3854/2345 3770/3383/2346
f 3770/3383/2346 3772/3854/2345 3791/3855/2347 3789/3385/2348
f 3789/3385/2348 3791/3855/2347 3810/3856/2349 3808/3387/2350
f 3808/3387/2350 3810/3856/2349 3829/3857/2351 3827/3389/2352
f 3827/3389/2352 3829/3857/2351 3848/3858/2353 3846/3391/2354
f 3846/3391/2354 3848/3858/2353 3867/3859/2355 3865/3393/2356
f 3865/3393/2356 3867/3859/2355 3886/3860/2357 3884/3395/2358
f 3884/3395/2358 3886/3860/2357 3905/3861/2359 3903/3397/2360
f 3903/3397/2360 3905/3861/2359 3924/3862/2361 3922/3399/2362
f 3922/3399/2362 3924/3862/2361 3145/3821/2280 3143/3318/2279
f 3146/3863/2363 3144/3779/2364 3163/3780/2365 3165/3864/2366
f 3165/3864/2366 3163/3780/2365 3182/3781/2367 3184/3865/2368
f 3184/3865/2368 3182/3781/2367 3201/3782/2369 3203/3866/2370
f 3203/3866/2370 3201/3782/2369 3220/3783/2371 3222/3867/2372
f 3222/3867/2372 3220/3783/2371 3239/3784/2373 3241/3868/2374
f 3241/3868/2374 3239/3784/2373 3258/3785/2375 3260/3869/2376
f 3260/3869/2376 3258/3785/2375 3277/3786/2377 3279/3870/2378
f 3279/3870/2378 3277/3786/2377 3296/3787/2379 3298/3871/2380
f 3298/3871/2380 3296/3787/2379 3315/3788/2381 3317/3872/2382
f 3317/3872/2382 3315/3788/2381 3334/3789/2383 3336/3873/2384
f 3336/3873/2384 3334/3789/2383 3353/3790/2385 3355/3874/2386
f 3355/3874/2386 3353/3790/2385 3372/3791/2387 3374/3875/2388
f 3374/3875/2388 3372/3791/2387 3391/3792/2389 3393/3876/2390
f 3393/3876/2390 3391/3792/2389 3410/3793/2391 3412/3877/2392
f 3412/3877/2392 3410/3793/2391 3429/3794/2393 3431/3878/2394
f 3431/3878/2394 3429/3794/2393 3448/3795/2395 3450/3879/2396
f 3450/3879/2396 3448/3795/2395 3467/3796/2397 3469/3880/2398
f 3469/3880/2398 3467/3796/2397 3486/3797/2399 3488/3881/2400
f 3488/3881/2400 3486/3797/2399 3505/3798/2401 3507/3882/2402
f 3507/3882/2402 3505/3798/2401 3524/3799/2403 3526/3883/2404
f 3526/3883/2404 3524/3799/2403 3543/3800/2405 3545/3884/2406
f 3545/3884/2406 3543/3800/2405 3562/3801/2407 3564/3885/2408
f 3564/3885/2408 3562/3801/2407 3581/3802/2409 3583/3886/2410
f 3583/3886/2410 3581/3802/2409 3600/3803/2411 3602/3887/2412
f 3602/3887/2412 3600/3803/2411 3619/3804/2413 3621/3888/2414
f 3621/3888/2414 3619/3804/2413 3638/3805/2415 3640/3889/2416
f 3640/3889/2416 3638/3805/2415 3657/3806/2417 3659/3890/2418
f 3659/3890/2418 3657/3806/2417 3676/3807/2419 3678/3891/2420
f 3678/3891/2420 3676/3807/2419 3695/3808/2421 3697/3892/2422
f 3697/3892/2422 3695/3808/2421 3714/3809/2423 3716/3893/2424
f 3716/3893/2424 3714/3809/2423 3733/3810/2425 3735/3894/2426
f 3735/3894/2426 3733/3810/2425 3752/3811/2427 3754/3895/2428
f 3754/3895/2428 3752/3811/2427 3771/3812/2429 3773/3896/2430
f 3773/3896/2430 3771/3812/2429 3790/3813/2431 3792/3897/2432
f 3792/3897/2432 3790/3813/2431 3809/3814/2433 3811/3898/2434
f 3811/3898/2434 3809/3814/2433 3828/3815/2435 3830/3899/2436
f 3830/3899/2436 3828/3815/2435 3847/3816/2437 3849/3900/2438
f 3849/3900/2438 3847/3816/2437 3866/3817/2439 3868/3901/2440
f 3868/3901/2440 3866/3817/2439 3885/3818/2441 3887/3902/2442
f 3887/3902/2442 3885/3818/2441 3904/3819/2443 3906/3903/2444
f 3906/3903/2444 3904/3819/2443 3923/3820/2445 3925/3904/2446
f 3925/3904/2446 3923/3820/2445 3144/3779/2364 3146/3863/2363
f 3145/3821/2280 3147/3905/2447 3166/3906/2448 3164/3822/2281
f 3164/3822/2281 3166/3906/2448 3185/3907/2449 3183/3823/2283
f 3183/3823/2283 3185/3907/2449 3204/3908/2450 3202/3824/2285
f 3202/3824/2285 3204/3908/2450 3223/3909/2451 3221/3825/2287
f 3221/3825/2287 3223/3909/2451 3242/3910/2452 3240/3826/2289
f 3240/3826/2289 3242/3910/2452 3261/3911/2453 3259/3827/2291
f 3259/3827/2291 3261/3911/2453 3280/3912/2454 3278/3828/2293
f 3278/3828/2293 3280/3912/2454 3299/3913/2455 3297/3829/2295
f 3297/3829/2295 3299/3913/2455 3318/3914/2456 3316/3830/2297
f 3316/3830/2297 3318/3914/2456 3337/3915/2457 3335/3831/2299
f 3335/3831/2299 3337/3915/2457 3356/3916/2458 3354/3832/2301
f 3354/3832/2301 3356/3916/2458 3375/3917/2459 3373/3833/2303
f 3373/3833/2303 3375/3917/2459 3394/3918/2460 3392/3834/2305
f 3392/3834/2305 3394/3918/2460 3413/3919/2461 3411/3835/2307
f 3411/3835/2307 3413/3919/2461 3432/3920/2462 3430/3836/2309
f 3430/3836/2309 3432/3920/2462 3451/3921/2463 3449/3837/2311
f 3449/3837/2311 3451/3921/2463 3470/3922/2464 3468/3838/2313
f 3468/3838/2313 3470/3922/2464 3489/3923/2465 3487/3839/2315
f 3487/3839/2315 3489/3923/2465 3508/3924/2466 3506/3840/2317
f 3506/3840/2317 3508/3924/2466 3527/3925/2467 3525/3841/2319
f 3525/3841/2319 3527/3925/2467 3546/3926/2468 3544/3842/2321
f 3544/3842/2321 3546/3926/2468 3565/3927/2469 3563/3843/2323
f 3563/3843/2323 3565/3927/2469 3584/3928/2470 3582/3844/2325
f 3582/3844/2325 3584/3928/2470 3603/3929/2471 3601/3845/2327
f 3601/3845/2327 3603/3929/2471 3622/3930/2472 3620/3846/2329
f 3620/3846/2329 3622/3930/2472 3641/3931/2473 3639/3847/2331
f 3639/3847/2331 3641/3931/2473 3660/3932/2474 3658/3848/2333
f 3658/3848/2333 3660/3932/2474 3679/3933/2475 3677/3849/2335
f 3677/3849/2335 3679/3933/2475 3698/3934/2476 3696/3850/2337
f 3696/3850/2337 3698/3934/2476 3717/3935/2477 3715/3851/2339
f 3715/3851/2339 3717/3935/2477 3736/3936/2478 3734/3852/2341
f 3734/3852/2341 3736/3936/2478 3755/3937/2479 3753/3853/2343
f 3753/3853/2343 3755/3937/2479 3774/3938/2480 3772/3854/2345
f 3772/3854/2345 3774/3938/2480 3793/3939/2481 3791/3855/2347
f 3791/3855/2347 3793/3939/2481 3812/3940/2482 3810/3856/2349
f 3810/3856/2349 3812/3940/2482 3831/3941/2483 3829/3857/2351
f 3829/3857/2351 3831/3941/2483 3850/3942/2484 3848/3858/2353
f 3848/3858/2353 3850/3942/2484 3869/3943/2485 3867/3859/2355
f 3867/3859/2355 3869/3943/2485 3888/3944/2486 3886/3860/2357
f 3886/3860/2357 3888/3944/2486 3907/3945/2487 3905/3861/2359
f 3905/3861/2359 3907/3945/2487 3926/3946/2488 3924/3862/2361
f 3924/3862/2361 3926/3946/2488 3147/3905/2447 3145/3821/2280
f 3148/3947/2489 3146/3863/2363 3165/3864/2366 3167/3948/2490
f 3167/3948/2490 3165/3864/2366 3184/3865/2368 3186/3949/2491
f 3186/3949/2491 3184/3865/2368 3203/3866/2370 3205/3950/2492
f 3205/3950/2492 3203/3866/2370 3222/3867/2372 3224/3951/2493
f 3224/3951/2493 3222/3867/2372 3241/3868/2374 3243/3952/2494
f 3243/3952/2494 3241/3868/2374 3260/3869/2376 3262/3953/2495
f 3262/3953/2495 3260/3869/2376 3279/3870/2378 3281/3954/2496
f 3281/3954/2496 3279/3870/2378 3298/3871/2380 3300/3955/2497
f 3300/3955/2497 3298/3871/2380 3317/3872/2382 3319/3956/2498
f 3319/3956/2498 3317/3872/2382 3336/3873/2384 3338/3957/2499
f 3338/3957/2499 3336/3873/2384 3355/3874/2386 3357/3958/2500
f 3357/3958/2500 3355/3874/2386 3374/3875/2388 3376/3959/2501
f 3376/3959/2501 3374/3875/2388 3393/3876/2390 3395/3960/2502
f 3395/3960/2502 3393/3876/2390 3412/3877/2392 3414/3961/2503
f 3414/3961/2503 3412/3877/2392 3431/3878/2394 3433/3962/2504
f 3433/3962/2504 3431/3878/2394 3450/3879/2396 3452/3963/2505
f 3452/3963/2505 3450/3879/2396 3469/3880/2398 3471/3964/2506
f 3471/3964/2506 3469/3880/2398 3488/3881/2400 3490/3965/2507
f 3490/3965/2507 3488/3881/2400 3507/3882/2402 3509/3966/2508
f 3509/3966/2508 3507/3882/2402 3526/3883/2404 3528/3967/2509
f 3528/3967/2509 3526/3883/2404 3545/3884/2406 3547/3968/2510
f 3547/3968/2510 3545/3884/2406 3564/3885/2408 3566/3969/2511
f 3566/3969/2511 3564/3885/2408 3583/3886/2410 3585/3970/2512
f 3585/3970/2512 3583/3886/2410 3602/3887/2412 3604/3971/2513
f 3604/3971/2513 3602/3887/2412 3621/3888/2414 3623/3972/2514
f 3623/3972/2514 3621/3888/2414 3640/3889/2416 3642/3973/2515
f 3642/3973/2515 3640/3889/2416 3659/3890/2418 3661/3974/2516
f 3661/3974/2516 3659/3890/2418 3678/3891/2420 3680/3975/2517
f 3680/3975/2517 3678/3891/2420 3697/3892/2422 3699/3976/2518
f 3699/3976/2518 3697/3892/2422 3716/3893/2424 3718/3977/2519
f 3718/3977/2519 3716/3893/2424 3735/3894/2426 3737/3978/2520
f 3737/3978/2520 3735/3894/2426 3754/3895/2428 3756/3979/2521
f 3756/3979/2521 3754/3895/2428 3773/3896/2430 3775/3980/2522
f 3775/3980/2522 3773/3896/2430 3792/3897/2432 3794/3981/2523
f 3794/3981/2523 3792/3897/2432 3811/3898/2434 3813/3982/2524
f 3813/3982/2524 3811/3898/2434 3830/3899/2436 3832/3983/2525
f 3832/3983/2525 3830/3899/2436 3849/3900/2438 3851/3984/2526
f 3851/3984/2526 3849/3900/2438 3868/3901/2440 3870/3985/2527
f 3870/3985/2527 3868/3901/2440 3887/3902/2442 3889/3986/2528
f 3889/3986/2528 3887/3902/2442 3906/3903/2444 3908/3987/2529
f 3908/3987/2529 3906/3903/2444 3925/3904/2446 3927/3988/2530
f 3927/3988/2530 3925/3904/2446 3146/3863/2363 3148/3947/2489
f 3147/3905/2447 3149/3989/2531 3168/3990/2532 3166/3906/2448
f 3166/3906/2448 3168/3990/2532 3187/3991/2533 3185/3907/2449
f 3185/3907/2449 3187/3991/2533 3206/3992/2534 3204/3908/2450
f 3204/3908/2450 3206/3992/2534 3225/3993/2535 3223/3909/2451
f 3223/3909/2451 3225/3993/2535 3244/3994/2536 3242/3910/2452
f 3242/3910/2452 3244/3994/2536 3263/3995/2537 3261/3911/2453
f 3261/3911/2453 3263/3995/2537 3282/3996/2538 3280/3912/2454
f 3280/3912/2454 3282/3996/2538 3301/3997/2539 3299/3913/2455
f 3299/3913/2455 3301/3997/2539 3320/3998/2540 3318/3914/2456
f 3318/3914/2456 3320/3998/2540 3339/3999/2541 3337/3915/2457
f 3337/3915/2457 3339/3999/2541 3358/4000/2542 3356/3916/2458
f 3356/3916/2458 3358/4000/2542 3377/4001/2543 3375/3917/2459
f 3375/3917/2459 3377/4001/2543 3396/4002/2544 3394/3918/2460
f 3394/3918/2460 3396/4002/2544 3415/4003/2545 3413/3919/2461
f 3413/3919/2461 3415/4003/2545 3434/4004/2546 3432/3920/2462
f 3432/3920/2462 3434/4004/2546 3453/4005/2547 3451/3921/2463
f 3451/3921/2463 3453/4005/2547 3472/4006/2548 3470/3922/2464
f 3470/3922/2464 3472/4006/2548 3491/4007/2549 3489/3923/2465
f 3489/3923/2465 3491/4007/2549 3510/4008/2550 3508/3924/2466
f 3508/3924/2466 3510/4008/2550 3529/4009/2551 3527/3925/2467
f 3527/3925/2467 3529/4009/2551 3548/4010/2552 3546/3926/2468
f 3546/3926/2468 3548/4010/2552 3567/4011/2553 3565/3927/2469
f 3565/3927/2469 3567/4011/2553 3586/4012/2554 3584/3928/2470
f 3584/3928/2470 3586/4012/2554 3605/4013/2555 3603/3929/2471
f 3603/3929/2471 3605/4013/2555 3624/4014/2556 3622/3930/2472
f 3622/3930/2472 3624/4014/2556 3643/4015/2557 3641/3931/2473
f 3641/3931/2473 3643/4015/2557 3662/4016/2558 3660/3932/2474
f 3660/3932/2474 3662/4016/2558 3681/4017/2559 3679/3933/2475
f 3679/3933/2475 3681/4017/2559 3700/4018/2560 3698/3934/2476
f 3698/3934/2476 3700/4018/2560 3719/4019/2561 3717/3935/2477
f 3717/3935/2477 3719/4019/2561 3738/4020/2562 3736/3936/2478
f 3736/3936/2478 3738/4020/2562 3757/4021/2563 3755/3937/2479
f 3755/3937/2479 3757/4021/2563 3776/4022/2564 3774/3938/2480
f 3774/3938/2480 3776/4022/2564 3795/4023/2565 3793/3939/2481
f 3793/3939/2481 3795/4023/2565 3814/4024/2566 3812/3940/2482
f 3812/3940/2482 3814/4024/2566 3833/4025/2567 3831/3941/2483
f 3831/3941/2483 3833/4025/2567 3852/4026/2568 3850/3942/2484
f 3850/3942/2484 3852/4026/2568 3871/4027/2569 3869/3943/2485
f 3869/3943/2485 3871/4027/2569 3890/4028/2570 3888/3944/2486
f 3888/3944/2486 3890/4028/2570 3909/4029/2571 3907/3945/2487
f 3907/3945/2487 3909/4029/2571 3928/4030/2572 3926/3946/2488
f 3926/3946/2488 3928/4030/2572 3149/3989/2531 3147/3905/2447
f 3150/4031/2573 3148/3947/2489 3167/3948/2490 3169/4032/2574
f 3169/4032/2574 3167/3948/2490 3186/3949/2491 3188/4033/2575
f 3188/4033/2575 3186/3949/2491 3205/3950/2492 3207/4034/2576
f 3207/4034/2576 3205/3950/2492 3224/3951/2493 3226/4035/2577
f 3226/4035/2577 3224/3951/2493 3243/3952/2494 3245/4036/2578
f 3245/4036/2578 3243/3952/2494 3262/3953/2495 3264/4037/2579
f 3264/4037/2579 3262/3953/2495 3281/3954/2496 3283/4038/2580
f 3283/4038/2580 3281/3954/2496 3300/3955/2497 3302/4039/2581
f 3302/4039/2581 3300/3955/2497 3319/3956/2498 3321/4040/2582
f 3321/4040/2582 3319/3956/2498 3338/3957/2499 3340/4041/2583
f 3340/4041/2583 3338/3957/2499 3357/3958/2500 3359/4042/2584
f 3359/4042/2584 3357/3958/2500 3376/3959/2501 3378/4043/2585
f 3378/4043/2585 3376/3959/2501 3395/3960/2502 3397/4044/2586
f 3397/4044/2586 3395/3960/2502 3414/3961/2503 3416/4045/2587
f 3416/4045/2587 3414/3961/2503 3433/3962/2504 3435/4046/2588
f 3435/4046/2588 3433/3962/2504 3452/3963/2505 3454/4047/2589
f 3454/4047/2589 3452/3963/2505 3471/3964/2506 3473/4048/2590
f 3473/4048/2590 3471/3964/2506 3490/3965/2507 3492/4049/2591
f 3492/4049/2591 3490/3965/2507 3509/3966/2508 3511/4050/2592
f 3511/4050/2592 3509/3966/2508 3528/3967/2509 3530/4051/2593
f 3530/4051/2593 3528/3967/2509 3547/3968/2510 3549/4052/2594
f 3549/4052/2594 3547/3968/2510 3566/3969/2511 3568/4053/2595
f 3568/4053/2595 3566/3969/2511 3585/3970/2512 3587/4054/2596
f 3587/4054/2596 3585/3970/2512 3604/3971/2513 3606/4055/2597
f 3606/4055/2597 3604/3971/2513 3623/3972/2514 3625/4056/2598
f 3625/4056/2598 3623/3972/2514 3642/3973/2515 3644/4057/2599
f 3644/4057/2599 3642/3973/2515 3661/3974/2516 3663/4058/2600
f 3663/4058/2600 3661/3974/2516 3680/3975/2517 3682/4059/2601
f 3682/4059/2601 3680/3975/2517 3699/3976/2518 3701/4060/2602
f 3701/4060/2602 3699/3976/2518 3718/3977/2519 3720/4061/2603
f 3720/4061/2603 3718/3977/2519 3737/3978/2520 3739/4062/2604
f 3739/4062/2604 3737/3978/2520 3756/3979/2521 3758/4063/2605
f 3758/4063/2605 3756/3979/2521 3775/3980/2522 3777/4064/2606
f 3777/4064/2606 3775/3980/2522 3794/3981/2523 3796/4065/2607
f 3796/4065/2607 3794/3981/2523 3813/3982/2524 3815/4066/2608
f 3815/4066/2608 3813/3982/2524 3832/3983/2525 3834/4067/2609
f 3834/4067/2609 3832/3983/2525 3851/3984/2526 3853/4068/2610
f 3853/4068/2610 3851/3984/2526 3870/3985/2527 3872/4069/2611
f 3872/4069/2611 3870/3985/2527 3889/3986/2528 3891/4070/2612
f 3891/4070/2612 3889/3986/2528 3908/3987/2529 3910/4071/2613
f 3910/4071/2613 3908/3987/2529 3927/3988/2530 3929/4072/2614
f 3929/4072/2614 3927/3988/2530 3148/3947/2489 3150/4031/2573
f 3153/4073/2615 3151/4074/2615 3170/4075/2616 3172/4076/2616
f 3172/4076/2616 3170/4075/2616 3189/4077/2617 3191/4078/2617
f 3191/4078/2617 3189/4077/2617 3208/4079/2618 3210/4080/2618
f 3210/4080/2618 3208/4079/2618 3227/4081/2619 3229/4082/2619
f 3229/4082/2619 3227/4081/2619 3246/4083/2620 3248/4084/2620
f 3248/4084/2620 3246/4083/2620 3265/4085/2621 3267/4086/2621
f 3267/4086/2621 3265/4085/2621 3284/4087/2622 3286/4088/2622
f 3286/4088/2622 3284/4087/2622 3303/4089/2623 3305/4090/2623
f 3305/4090/2623 3303/4089/2623 3322/4091/2624 3324/4092/2624
f 3324/4092/2624 3322/4091/2624 3341/4093/2625 3343/4094/2625
f 3343/4094/2625 3341/4093/2625 3360/4095/2626 3362/4096/2626
f 3362/4096/2626 3360/4095/2626 3379/4097/2627 3381/4098/2627
f 3381/4098/2627 3379/4097/2627 3398/4099/2628 3400/4100/2628
f 3400/4100/2628 3398/4099/2628 3417/4101/2629 3419/4102/2629
f 3419/4102/2629 3417/4101/2629 3436/4103/2630 3438/4104/2630
f 3438/4104/2630 3436/4103/2630 3455/4105/2631 3457/4106/2631
f 3457/4106/2631 3455/4105/2631 3474/4107/2632 3476/4108/2632
f 3476/4108/2632 3474/4107/2632 3493/4109/2633 3495/4110/2633
f 3495/4110/2633 3493/4109/2633 3512/4111/2634 3514/4112/2634
f 3514/4112/2634 3512/4111/2634 3531/4113/2635 3533/4114/2635
f 3533/4114/2635 3531/4113/2635 3550/4115/2636 3552/4116/2636
f 3552/4116/2636 3550/4115/2636 3569/4117/2637 3571/4118/2637
f 3571/4118/2637 3569/4117/2637 3588/4119/2638 3590/4120/2638
f 3590/4120/2638 3588/4119/2638 3607/4121/2639 3609/4122/2639
f 3609/4122/2639 3607/4121/2639 3626/4123/2640 3628/4124/2641
f 3628/4124/2641 3626/4123/2640 3645/4125/2642 3647/4126/2642
f 3647/4126/2642 3645/4125/2642 3664/4127/2643 3666/4128/2643
f 3666/4128/2643 3664/4127/2643 3683/4129/2644 3685/4130/2644
f 3685/4130/2644 3683/4129/2644 3702/4131/2645 3704/4132/2645
f 3704/4132/2645 3702/4131/2645 3721/4133/2646 3723/4134/2646
f 3723/4134/2646 3721/4133/2646 3740/4135/2647 3742/4136/2647
f 3742/4136/2647 3740/4135/2647 3759/4137/2648 3761/4138/2648
f 3761/4138/2648 3759/4137/2648 3778/4139/2649 3780/4140/2649
f 3780/4140/2649 3778/4139/2649 3797/4141/2650 3799/4142/2650
f 3799/4142/2650 3797/4141/2650 3816/4143/2651 3818/4144/2651
f 3818/4144/2651 3816/4143/2651 3835/4145/2652 3837/4146/2652
f 3837/4146/2652 3835/4145/2652 3854/4147/2653 3856/4148/2653
f 3856/4148/2653 3854/4147/2653 3873/4149/2654 3875/4150/2654
f 3875/4150/2654 3873/4149/2654 3892/4151/2655 3894/4152/2655
f 3894/4152/2655 3892/4151/2655 3911/4153/2656 3913/4154/2656
f 3913/4154/2656 3911/4153/2656 3930/4155/2657 3932/4156/2657
f 3932/4156/2657 3930/4155/2657 3151/4074/2615 3153/4073/2615
f 3149/3989/2531 3151/4157/2658 3170/4158/2659 3168/3990/2532
f 3168/3990/2532 3170/4158/2659 3189/4159/2660 3187/3991/2533
f 3187/3991/2533 3189/4159/2660 3208/4160/2661 3206/3992/2534
f 3206/3992/2534 3208/4160/2661 3227/4161/2662 3225/3993/2535
f 3225/3993/2535 3227/4161/2662 3246/4162/2663 3244/3994/2536
f 3244/3994/2536 3246/4162/2663 3265/4163/2664 3263/3995/2537
f 3263/3995/2537 3265/4163/2664 3284/4164/2665 3282/3996/2538
f 3282/3996/2538 3284/4164/2665 3303/4165/2666 3301/3997/2539
f 3301/3997/2539 3303/4165/2666 3322/4166/2667 3320/3998/2540
f 3320/3998/2540 3322/4166/2667 3341/4167/2668 3339/3999/2541
f 3339/3999/2541 3341/4167/2668 3360/4168/2669 3358/4000/2542
f 3358/4000/2542 3360/4168/2669 3379/4169/2670 3377/4001/2543
f 3377/4001/2543 3379/4169/2670 3398/4170/2671 3396/4002/2544
f 3396/4002/2544 3398/4170/2671 3417/4171/2672 3415/4003/2545
f 3415/4003/2545 3417/4171/2672 3436/4172/2673 3434/4004/2546
f 3434/4004/2546 3436/4172/2673 3455/4173/2674 3453/4005/2547
f 3453/4005/2547 3455/4173/2674 3474/4174/2675 3472/4006/2548
f 3472/4006/2548 3474/4174/2675 3493/4175/2676 3491/4007/2549
f 3491/4007/2549 3493/4175/2676 3512/4176/2677 3510/4008/2550
f 3510/4008/2550 3512/4176/2677 3531/4177/2678 3529/4009/2551
f 3529/4009/2551 3531/4177/2678 3550/4178/2679 3548/4010/2552
f 3548/4010/2552 3550/4178/2679 3569/4179/2680 3567/4011/2553
f 3567/4011/2553 3569/4179/2680 3588/4180/2681 3586/4012/2554
f 3586/4012/2554 3588/4180/2681 3607/4181/2682 3605/4013/2555
f 3605/4013/2555 3607/4181/2682 3626/4182/2683 3624/4014/2556
f 3624/4014/2556 3626/4182/2683 3645/4183/2684 3643/4015/2557
f 3643/4015/2557 3645/4183/2684 3664/4184/2685 3662/4016/2558
f 3662/4016/2558 3664/4184/2685 3683/4185/2686 3681/4017/2559
f 3681/4017/2559 3683/4185/2686 3702/4186/2687 3700/4018/2560
f 3700/4018/2560 3702/4186/2687 3721/4187/2688 3719/4019/2561
f 3719/4019/2561 3721/4187/2688 3740/4188/2689 3738/4020/2562
f 3738/4020/2562 3740/4188/2689 3759/4189/2690 3757/4021/2563
f 3757/4021/2563 3759/4189/2690 3778/4190/2691 3776/4022/2564
f 3776/4022/2564 3778/4190/2691 3797/4191/2692 3795/4023/2565
f 3795/4023/2565 3797/4191/2692 3816/4192/2693 3814/4024/2566
f 3814/4024/2566 3816/4192/2693 3835/4193/2694 3833/4025/2567
f 3833/4025/2567 3835/4193/2694 3854/4194/2695 3852/4026/2568
f 3852/4026/2568 3854/4194/2695 3873/4195/2696 3871/4027/2569
f 3871/4027/2569 3873/4195/2696 3892/4196/2697 3890/4028/2570
f 3890/4028/2570 3892/4196/2697 3911/4197/2698 3909/4029/2571
f 3909/4029/2571 3911/4197/2698 3930/4198/2699 3928/4030/2572
f 3928/4030/2572 3930/4198/2699 3151/4157/2658 3149/3989/2531
f 3152/4199/2700 3150/4031/2573 3169/4032/2574 3171/4200/2701
f 3171/4200/2701 3169/4032/2574 3188/4033/2575 3190/4201/2702
f 3190/4201/2702 3188/4033/2575 3207/4034/2576 3209/4202/2703
f 3209/4202/2703 3207/4034/2576 3226/4035/2577 3228/4203/2704
f 3228/4203/2704 3226/4035/2577 3245/4036/2578 3247/4204/2705
f 3247/4204/2705 3245/4036/2578 3264/4037/2579 3266/4205/2706
f 3266/4205/2706 3264/4037/2579 3283/4038/2580 3285/4206/2707
f 3285/4206/2707 3283/4038/2580 3302/4039/2581 3304/4207/2708
f 3304/4207/2708 3302/4039/2581 3321/4040/2582 3323/4208/2709
f 3323/4208/2709 3321/4040/2582 3340/4041/2583 3342/4209/2710
f 3342/4209/2710 3340/4041/2583 3359/4042/2584 3361/4210/2711
f 3361/4210/2711 3359/4042/2584 3378/4043/2585 3380/4211/2712
f 3380/4211/2712 3378/4043/2585 3397/4044/2586 3399/4212/2713
f 3399/4212/2713 3397/4044/2586 3416/4045/2587 3418/4213/2714
f 3418/4213/2714 3416/4045/2587 3435/4046/2588 3437/4214/2715
f 3437/4214/2715 3435/4046/2588 3454/4047/2589 3456/4215/2716
f 3456/4215/2716 3454/4047/2589 3473/4048/2590 3475/4216/2717
f 3475/4216/2717 3473/4048/2590 3492/4049/2591 3494/4217/2718
f 3494/4217/2718 3492/4049/2591 3511/4050/2592 3513/4218/2719
f 3513/4218/2719 3511/4050/2592 3530/4051/2593 3532/4219/2720
f 3532/4219/2720 3530/4051/2593 3549/4052/2594 3551/4220/2721
f 3551/4220/2721 3549/4052/2594 3568/4053/2595 3570/4221/2722
f 3570/4221/2722 3568/4053/2595 3587/4054/2596 3589/4222/2723
f 3589/4222/2723 3587/4054/2596 3606/4055/2597 3608/4223/2724
f 3608/4223/2724 3606/4055/2597 3625/4056/2598 3627/4224/2725
f 3627/4224/2725 3625/4056/2598 3644/4057/2599 3646/4225/2726
f 3646/4225/2726 3644/4057/2599 3663/4058/2600 3665/4226/2727
f 3665/4226/2727 3663/4058/2600 3682/4059/2601 3684/4227/2728
f 3684/4227/2728 3682/4059/2601 3701/4060/2602 3703/4228/2729
f 3703/4228/2729 3701/4060/2602 3720/4061/2603 3722/4229/2730
f 3722/4229/2730 3720/4061/2603 3739/4062/2604 3741/4230/2731
f 3741/4230/2731 3739/4062/2604 3758/4063/2605 3760/4231/2732
f 3760/4231/2732 3758/4063/2605 3777/4064/2606 3779/4232/2733
f 3779/4232/2733 3777/4064/2606 3796/4065/2607 3798/4233/2734
f 3798/4233/2734 3796/4065/2607 3815/4066/2608 3817/4234/2735
f 3817/4234/2735 3815/4066/2608 3834/4067/2609 3836/4235/2736
f 3836/4235/2736 3834/4067/2609 3853/4068/2610 3855/4236/2737
f 3855/4236/2737 3853/4068/2610 3872/4069/2611 3874/4237/2738
f 3874/4237/2738 3872/4069/2611 3891/4070/2612 3893/4238/2739
f 3893/4238/2739 3891/4070/2612 3910/4071/2613 3912/4239/2740
f 3912/4239/2740 3910/4071/2613 3929/4072/2614 3931/4240/2741
f 3931/4240/2741 3929/4072/2614 3150/4031/2573 3152/4199/2700
f 3152/4241/2742 3153/4242/2742 3172/4243/2743 3171/4244/2743
f 3171/4244/2743 3172/4243/2743 3191/4245/2744 3190/4246/2744
f 3190/4246/2744 3191/4245/2744 3210/4247/2745 3209/4248/2745
f 3209/4248/2745 3210/4247/2745 3229/4249/2746 3228/4250/2746
f 3228/4250/2746 3229/4249/2746 3248/4251/2747 3247/4252/2747
f 3247/4252/2747 3248/4251/2747 3267/4253/2748 3266/4254/2748
f 3266/4254/2748 3267/4253/2748 3286/4255/2749 3285/4256/2749
f 3285/4256/2749 3286/4255/2749 3305/4257/2750 3304/4258/2750
f 3304/4258/2750 3305/4257/2750 3324/4259/2751 3323/4260/2751
f 3323/4260/2751 3324/4259/2751 3343/4261/2752 3342/4262/2752
f 3342/4262/2752 3343/4261/2752 3362/4263/2753 3361/4264/2753
f 3361/4264/2753 3362/4263/2753 3381/4265/2754 3380/4266/2754
f 3380/4266/2754 3381/4265/2754 3400/4267/2755 3399/4268/2755
f 3399/4268/2755 3400/4267/2755 3419/4269/2756 3418/4270/2756
f 3418/4270/2756 3419/4269/2756 3438/4271/2757 3437/4272/2757
f 3437/4272/2757 3438/4271/2757 3457/4273/2758 3456/4274/2758
f 3456/4274/2758 3457/4273/2758 3476/4275/2759 3475/4276/2759
f 3475/4276/2759 3476/4275/2759 3495/4277/2760 3494/4278/2760
f 3494/4278/2760 3495/4277/2760 3514/4279/2761 3513/4280/2761
f 3513/4280/2761 3514/4279/2761 3533/4281/2762 3532/4282/2762
f 3532/4282/2762 3533/4281/2762 3552/4283/2763 3551/4284/2763
f 3551/4284/2763 3552/4283/2763 3571/4285/2764 3570/4286/2764
f 3570/4286/2764 3571/4285/2764 3590/4287/2765 3589/4288/2765
f 3589/4288/2765 3590/4287/2765 3609/4289/2766 3608/4290/2766
f 3608/4290/2766 3609/4289/2766 3628/4291/2767 3627/4292/2767
f 3627/4292/2767 3628/4291/2767 3647/4293/2768 3646/4294/2768
f 3646/4294/2768 3647/4293/2768 3666/4295/2769 3665/4296/2769
f 3665/4296/2769 3666/4295/2769 3685/4297/2770 3684/4298/2770
f 3684/4298/2770 3685/4297/2770 3704/4299/2771 3703/4300/2771
f 3703/4300/2771 3704/4299/2771 3723/4301/2772 3722/4302/2772
f 3722/4302/2772 3723/4301/2772 3742/4303/2773 3741/4304/2773
f 3741/4304/2773 3742/4303/2773 3761/4305/2774 3760/4306/2774
f 3760/4306/2774 3761/4305/2774 3780/4307/2775 3779/4308/2775
f 3779/4308/2775 3780/4307/2775 3799/4309/2776 3798/4310/2776
f 3798/4310/2776 3799/4309/2776 3818/4311/2777 3817/4312/2777
f 3817/4312/2777 3818/4311/2777 3837/4313/2778 3836/4314/2778
f 3836/4314/2778 3837/4313/2778 3856/4315/2779 3855/4316/2779
f 3855/4316/2779 3856/4315/2779 3875/4317/2780 3874/4318/2780
f 3874/4318/2780 3875/4317/2780 3894/4319/2781 3893/4320/2781
f 3893/4320/2781 3894/4319/2781 3913/4321/2782 3912/4322/2782
f 3912/4322/2782 3913/4321/2782 3932/4323/2783 3931/4324/2783
f 3931/4324/2783 3932/4323/2783 3153/4242/2742 3152/4241/2742
